C:\Users\hacker\source\repos\buildx64>cmake --build . --verbose
Change Dir: 'C:/Users/hacker/source/repos/buildx64'

Run Build Command(s): "C:/Program Files/Microsoft Visual Studio/2022/Community/MSBuild/Current/Bin/amd64/MSBuild.exe" ALL_BUILD.vcxproj /p:Configuration=Debug /p:Platform=X64 /p:VisualStudioVersion=17.0 /v:n
MSBuild version 17.9.8+b34f75857 for .NET Framework
Build started 9/29/2025 3:27:45 PM.

Project "C:\Users\hacker\source\repos\buildx64\ALL_BUILD.vcxproj" on node 1 (default targets).
Project "C:\Users\hacker\source\repos\buildx64\ALL_BUILD.vcxproj" (1) is building "C:\Users\hacker\source\repos\buildx6
4\ZERO_CHECK.vcxproj" (2) on node 1 (default targets).
PrepareForBuild:
  Creating directory "X64\Debug\ZERO_CHECK\".
  Structured output is enabled. The formatting of compiler diagnostics will reflect the error hierarchy. See https://ak
  a.ms/cpp/structured-output for more details.
  Creating directory "X64\Debug\ZERO_CHECK\ZERO_CHECK.tlog\".
InitializeBuildStatus:
  Creating "X64\Debug\ZERO_CHECK\ZERO_CHECK.tlog\unsuccessfulbuild" because "AlwaysCreate" was specified.
  Touching "X64\Debug\ZERO_CHECK\ZERO_CHECK.tlog\unsuccessfulbuild".
CustomBuild:
  1>Checking Build System
FinalizeBuildStatus:
  Deleting file "X64\Debug\ZERO_CHECK\ZERO_CHECK.tlog\unsuccessfulbuild".
  Touching "X64\Debug\ZERO_CHECK\ZERO_CHECK.tlog\ZERO_CHECK.lastbuildstate".
Done Building Project "C:\Users\hacker\source\repos\buildx64\ZERO_CHECK.vcxproj" (default targets).

Project "C:\Users\hacker\source\repos\buildx64\ALL_BUILD.vcxproj" (1) is building "C:\Users\hacker\source\repos\buildx6
4\drconfiglib_copy_tgt.vcxproj" (3) on node 1 (default targets).
Project "C:\Users\hacker\source\repos\buildx64\drconfiglib_copy_tgt.vcxproj" (3) is building "C:\Users\hacker\source\re
pos\buildx64\dynamorio\libutil\drconfiglib.vcxproj" (4) on node 1 (default targets).
Project "C:\Users\hacker\source\repos\buildx64\dynamorio\libutil\drconfiglib.vcxproj" (4) is building "C:\Users\hacker\
source\repos\buildx64\dynamorio\core\generate_events.vcxproj" (5) on node 1 (default targets).
PrepareForBuild:
  Creating directory "X64\Debug\generate_events\".
  Structured output is enabled. The formatting of compiler diagnostics will reflect the error hierarchy. See https://ak
  a.ms/cpp/structured-output for more details.
  Creating directory "X64\Debug\generate_events\generate_events.tlog\".
InitializeBuildStatus:
  Creating "X64\Debug\generate_events\generate_events.tlog\unsuccessfulbuild" because "AlwaysCreate" was specified.
  Touching "X64\Debug\generate_events\generate_events.tlog\unsuccessfulbuild".
CustomBuild:
  "The build of 'C:\Users\hacker\source\repos\buildx64\CMakeFiles\076e5568f4681c562eb538e5622bee9d\generate_events.rule
  ' depends on 'C:\USERS\HACKER\SOURCE\REPOS\BUILDX64\DYNAMORIO\EVENTS.H' which is produced by the build of 'C:\Users\h
  acker\source\repos\buildx64\CMakeFiles\04bcf5a7f3e74d7e3d760b1b3c4248b2\events.h.rule'. The items cannot be built in
  parallel."
  Generating ../events.h
  MC: Compiling C:/Users/hacker/source/repos/drltrace/drltrace_src/dynamorio/core/win32/events.mc
  Building Custom Rule C:/Users/hacker/source/repos/drltrace/drltrace_src/dynamorio/core/CMakeLists.txt
FinalizeBuildStatus:
  Deleting file "X64\Debug\generate_events\generate_events.tlog\unsuccessfulbuild".
  Touching "X64\Debug\generate_events\generate_events.tlog\generate_events.lastbuildstate".
Done Building Project "C:\Users\hacker\source\repos\buildx64\dynamorio\core\generate_events.vcxproj" (default targets).

Project "C:\Users\hacker\source\repos\buildx64\dynamorio\libutil\drconfiglib.vcxproj" (4) is building "C:\Users\hacker\
source\repos\buildx64\dynamorio\core\generate_syslog.vcxproj" (6) on node 1 (default targets).
PrepareForBuild:
  Creating directory "X64\Debug\generate_syslog\".
  Structured output is enabled. The formatting of compiler diagnostics will reflect the error hierarchy. See https://ak
  a.ms/cpp/structured-output for more details.
  Creating directory "X64\Debug\generate_syslog\generate_syslog.tlog\".
InitializeBuildStatus:
  Creating "X64\Debug\generate_syslog\generate_syslog.tlog\unsuccessfulbuild" because "AlwaysCreate" was specified.
  Touching "X64\Debug\generate_syslog\generate_syslog.tlog\unsuccessfulbuild".
CustomBuild:
  "The build of 'C:\Users\hacker\source\repos\buildx64\CMakeFiles\076e5568f4681c562eb538e5622bee9d\generate_syslog.rule
  ' depends on 'C:\USERS\HACKER\SOURCE\REPOS\BUILDX64\DYNAMORIO\EVENT_STRINGS.H' which is produced by the build of 'C:\
  Users\hacker\source\repos\buildx64\CMakeFiles\04bcf5a7f3e74d7e3d760b1b3c4248b2\event_strings.h.rule'. The items canno
  t be built in parallel."
  Generating ../event_strings.h
  Building Custom Rule C:/Users/hacker/source/repos/drltrace/drltrace_src/dynamorio/core/CMakeLists.txt
FinalizeBuildStatus:
  Deleting file "X64\Debug\generate_syslog\generate_syslog.tlog\unsuccessfulbuild".
  Touching "X64\Debug\generate_syslog\generate_syslog.tlog\generate_syslog.lastbuildstate".
Done Building Project "C:\Users\hacker\source\repos\buildx64\dynamorio\core\generate_syslog.vcxproj" (default targets).

Project "C:\Users\hacker\source\repos\buildx64\dynamorio\libutil\drconfiglib.vcxproj" (4) is building "C:\Users\hacker\
source\repos\buildx64\dynamorio\libutil\drfrontendlib.vcxproj" (7) on node 1 (default targets).
PrepareForBuild:
  Creating directory "drfrontendlib.dir\Debug\".
  Structured output is enabled. The formatting of compiler diagnostics will reflect the error hierarchy. See https://ak
  a.ms/cpp/structured-output for more details.
  Creating directory "C:\Users\hacker\source\repos\buildx64\dynamorio\lib64\".
  Creating directory "drfrontendlib.dir\Debug\drfrontendlib.tlog\".
InitializeBuildStatus:
  Creating "drfrontendlib.dir\Debug\drfrontendlib.tlog\unsuccessfulbuild" because "AlwaysCreate" was specified.
  Touching "drfrontendlib.dir\Debug\drfrontendlib.tlog\unsuccessfulbuild".
CustomBuild:
  Building Custom Rule C:/Users/hacker/source/repos/drltrace/drltrace_src/dynamorio/libutil/CMakeLists.txt
ClCompile:
  C:\Program Files\Microsoft Visual Studio\2022\Community\VC\Tools\MSVC\14.39.33519\bin\HostX64\x64\CL.exe /c /IC:\User
  s\hacker\source\repos\drltrace\drltrace_src\dynamorio\core\win32 /IC:\Users\hacker\source\repos\buildx64\dynamorio /I
  C:\Users\hacker\source\repos\drltrace\drltrace_src\dynamorio\core\arch\x86 /IC:\Users\hacker\source\repos\drltrace\dr
  ltrace_src\dynamorio\core\arch /IC:\Users\hacker\source\repos\drltrace\drltrace_src\dynamorio\core\lib /Zi /nologo /W
  4 /WX /diagnostics:column /MP /Od /D _UNICODE /D UNICODE /D SHOW_SYMBOLS /D NOT_DYNAMORIO_CORE_PROPER /D _CRT_SECURE_
  NO_WARNINGS /D UNICODE /D _UNICODE /D HOT_PATCHING_INTERFACE /D "CMAKE_INTDIR=\"Debug\"" /GF /MTd /GS- /fp:precise /Z
  c:wchar_t /Zc:forScope /Zc:inline /Fo"drfrontendlib.dir\Debug\\" /Fd"C:\Users\hacker\source\repos\buildx64\dynamorio\
  lib64\drfrontendlib.pdb" /external:W4 /Gd /TC /errorReport:queue  /FS C:\Users\hacker\source\repos\drltrace\drltrace_
  src\dynamorio\libutil\dr_frontend_win.c C:\Users\hacker\source\repos\drltrace\drltrace_src\dynamorio\libutil\dr_front
  end_common.c
  dr_frontend_win.c
  dr_frontend_common.c
Lib:
  C:\Program Files\Microsoft Visual Studio\2022\Community\VC\Tools\MSVC\14.39.33519\bin\HostX64\x64\Lib.exe /OUT:"C:\Us
  ers\hacker\source\repos\buildx64\dynamorio\lib64\drfrontendlib.lib" /NOLOGO /MACHINE:X64  /machine:x64 drfrontendlib.
  dir\Debug\dr_frontend_win.obj
  drfrontendlib.dir\Debug\dr_frontend_common.obj
  drfrontendlib.vcxproj -> C:\Users\hacker\source\repos\buildx64\dynamorio\lib64\drfrontendlib.lib
FinalizeBuildStatus:
  Deleting file "drfrontendlib.dir\Debug\drfrontendlib.tlog\unsuccessfulbuild".
  Touching "drfrontendlib.dir\Debug\drfrontendlib.tlog\drfrontendlib.lastbuildstate".
Done Building Project "C:\Users\hacker\source\repos\buildx64\dynamorio\libutil\drfrontendlib.vcxproj" (default targets)
.

Project "C:\Users\hacker\source\repos\buildx64\dynamorio\libutil\drconfiglib.vcxproj" (4) is building "C:\Users\hacker\
source\repos\buildx64\dynamorio\core\drlibc.vcxproj" (8) on node 1 (default targets).
Project "C:\Users\hacker\source\repos\buildx64\dynamorio\core\drlibc.vcxproj" (8) is building "C:\Users\hacker\source\r
epos\buildx64\dynamorio\core\generate_drlibc_x86.asm.vcxproj" (9) on node 1 (default targets).
PrepareForBuild:
  Creating directory "X64\Debug\generate_drlibc_x86.asm\".
  Structured output is enabled. The formatting of compiler diagnostics will reflect the error hierarchy. See https://ak
  a.ms/cpp/structured-output for more details.
  Creating directory "X64\Debug\generate_drlibc_x86.asm\generate.B23012EC.tlog\".
InitializeBuildStatus:
  Creating "X64\Debug\generate_drlibc_x86.asm\generate.B23012EC.tlog\unsuccessfulbuild" because "AlwaysCreate" was spec
  ified.
  Touching "X64\Debug\generate_drlibc_x86.asm\generate.B23012EC.tlog\unsuccessfulbuild".
CustomBuild:
  "The build of 'C:\Users\hacker\source\repos\buildx64\CMakeFiles\076e5568f4681c562eb538e5622bee9d\generate_drlibc_x86.
  asm.rule' depends on 'C:\USERS\HACKER\SOURCE\REPOS\BUILDX64\DYNAMORIO\CORE\DRLIBC_X86.ASM.OBJ.STAMP' which is produce
  d by the build of 'C:\Users\hacker\source\repos\buildx64\CMakeFiles\e9ef5629817a5e236b71e90c2f0ede37\drlibc_x86.asm.o
  bj.stamp.rule'. The items cannot be built in parallel."
  Generating drlibc_x86.asm.obj.stamp
  drlibc_x86.asm
   Assembling: C:/Users/hacker/source/repos/buildx64/dynamorio/core/drlibc_x86.asm.s
  Building Custom Rule C:/Users/hacker/source/repos/drltrace/drltrace_src/dynamorio/core/CMakeLists.txt
FinalizeBuildStatus:
  Deleting file "X64\Debug\generate_drlibc_x86.asm\generate.B23012EC.tlog\unsuccessfulbuild".
  Touching "X64\Debug\generate_drlibc_x86.asm\generate.B23012EC.tlog\generate_drlibc_x86.asm.lastbuildstate".
Done Building Project "C:\Users\hacker\source\repos\buildx64\dynamorio\core\generate_drlibc_x86.asm.vcxproj" (default t
argets).

Project "C:\Users\hacker\source\repos\buildx64\dynamorio\core\drlibc.vcxproj" (8) is building "C:\Users\hacker\source\r
epos\buildx64\dynamorio\core\generate_drlibc_xarch.asm_core.vcxproj" (10) on node 1 (default targets).
PrepareForBuild:
  Creating directory "X64\Debug\generate_drlibc_xarch.asm_core\".
  Structured output is enabled. The formatting of compiler diagnostics will reflect the error hierarchy. See https://ak
  a.ms/cpp/structured-output for more details.
  Creating directory "X64\Debug\generate_drlibc_xarch.asm_core\generate.7BF6795C.tlog\".
InitializeBuildStatus:
  Creating "X64\Debug\generate_drlibc_xarch.asm_core\generate.7BF6795C.tlog\unsuccessfulbuild" because "AlwaysCreate" w
  as specified.
  Touching "X64\Debug\generate_drlibc_xarch.asm_core\generate.7BF6795C.tlog\unsuccessfulbuild".
CustomBuild:
  "The build of 'C:\Users\hacker\source\repos\buildx64\CMakeFiles\076e5568f4681c562eb538e5622bee9d\generate_drlibc_xarc
  h.asm_core.rule' depends on 'C:\USERS\HACKER\SOURCE\REPOS\BUILDX64\DYNAMORIO\CORE\DRLIBC_XARCH.ASM_CORE.OBJ.STAMP' wh
  ich is produced by the build of 'C:\Users\hacker\source\repos\buildx64\CMakeFiles\e9ef5629817a5e236b71e90c2f0ede37\dr
  libc_xarch.asm_core.obj.stamp.rule'. The items cannot be built in parallel."
  Generating drlibc_xarch.asm_core.obj.stamp
  drlibc_xarch.asm
   Assembling: C:/Users/hacker/source/repos/buildx64/dynamorio/core/drlibc_xarch.asm_core.s
  Building Custom Rule C:/Users/hacker/source/repos/drltrace/drltrace_src/dynamorio/core/CMakeLists.txt
FinalizeBuildStatus:
  Deleting file "X64\Debug\generate_drlibc_xarch.asm_core\generate.7BF6795C.tlog\unsuccessfulbuild".
  Touching "X64\Debug\generate_drlibc_xarch.asm_core\generate.7BF6795C.tlog\generate_drlibc_xarch.asm_core.lastbuildsta
  te".
Done Building Project "C:\Users\hacker\source\repos\buildx64\dynamorio\core\generate_drlibc_xarch.asm_core.vcxproj" (de
fault targets).

PrepareForBuild:
  Creating directory "drlibc.dir\Debug\".
  Structured output is enabled. The formatting of compiler diagnostics will reflect the error hierarchy. See https://ak
  a.ms/cpp/structured-output for more details.
  Creating directory "drlibc.dir\Debug\drlibc.tlog\".
InitializeBuildStatus:
  Creating "drlibc.dir\Debug\drlibc.tlog\unsuccessfulbuild" because "AlwaysCreate" was specified.
  Touching "drlibc.dir\Debug\drlibc.tlog\unsuccessfulbuild".
CustomBuild:
  Building Custom Rule C:/Users/hacker/source/repos/drltrace/drltrace_src/dynamorio/core/CMakeLists.txt
ClCompile:
  C:\Program Files\Microsoft Visual Studio\2022\Community\VC\Tools\MSVC\14.39.33519\bin\HostX64\x64\CL.exe /c /IC:\User
  s\hacker\source\repos\drltrace\drltrace_src\dynamorio\core\drlibc /IC:\Users\hacker\source\repos\drltrace\drltrace_sr
  c\dynamorio\core\arch\x86 /IC:\Users\hacker\source\repos\drltrace\drltrace_src\dynamorio\core\win32 /IC:\Users\hacker
  \source\repos\drltrace\drltrace_src\dynamorio\core\arch /IC:\Users\hacker\source\repos\drltrace\drltrace_src\dynamori
  o\core\lib /IC:\Users\hacker\source\repos\buildx64\dynamorio /IC:\Users\hacker\source\repos\buildx64\dynamorio\includ
  e\annotations /Zi /nologo /W4 /WX /diagnostics:column /MP /Od /D _MBCS /D SHOW_SYMBOLS /D "CMAKE_INTDIR=\"Debug\"" /G
  F /MTd /GS- /fp:precise /Zc:wchar_t /Zc:forScope /Zc:inline /Fo"drlibc.dir\Debug\\" /Fd"C:\Users\hacker\source\repos\
  buildx64\dynamorio\lib64\drlibc.pdb" /external:W4 /Gd /TC /errorReport:queue  /FS C:\Users\hacker\source\repos\drltra
  ce\drltrace_src\dynamorio\core\drlibc\drlibc.c C:\Users\hacker\source\repos\drltrace\drltrace_src\dynamorio\core\drli
  bc\drlibc_notdr_dcxt.c C:\Users\hacker\source\repos\drltrace\drltrace_src\dynamorio\core\drlibc\drlibc_notdr_logfile.
  c C:\Users\hacker\source\repos\drltrace\drltrace_src\dynamorio\core\drlibc\drlibc_notdr_printlog.c C:\Users\hacker\so
  urce\repos\drltrace\drltrace_src\dynamorio\core\drlibc\drlibc_notdr_report.c C:\Users\hacker\source\repos\drltrace\dr
  ltrace_src\dynamorio\core\drlibc\drlibc_notdr_saferead.c C:\Users\hacker\source\repos\drltrace\drltrace_src\dynamorio
  \core\drlibc\drlibc_notdr_stats.c
  drlibc.c
  drlibc_notdr_dcxt.c
  drlibc_notdr_logfile.c
  drlibc_notdr_printlog.c
  drlibc_notdr_report.c
  drlibc_notdr_saferead.c
  drlibc_notdr_stats.c
Lib:
  C:\Program Files\Microsoft Visual Studio\2022\Community\VC\Tools\MSVC\14.39.33519\bin\HostX64\x64\Lib.exe /OUT:"C:\Us
  ers\hacker\source\repos\buildx64\dynamorio\lib64\drlibc.lib" /NOLOGO /MACHINE:X64  /machine:x64 drlibc.dir\Debug\drli
  bc.obj
  drlibc.dir\Debug\drlibc_notdr_dcxt.obj
  drlibc.dir\Debug\drlibc_notdr_logfile.obj
  drlibc.dir\Debug\drlibc_notdr_printlog.obj
  drlibc.dir\Debug\drlibc_notdr_report.obj
  drlibc.dir\Debug\drlibc_notdr_saferead.obj
  drlibc.dir\Debug\drlibc_notdr_stats.obj
  C:\Users\hacker\source\repos\buildx64\dynamorio\core\drlibc_xarch.asm_core.obj
  C:\Users\hacker\source\repos\buildx64\dynamorio\core\drlibc_x86.asm.obj
  drlibc.vcxproj -> C:\Users\hacker\source\repos\buildx64\dynamorio\lib64\drlibc.lib
FinalizeBuildStatus:
  Deleting file "drlibc.dir\Debug\drlibc.tlog\unsuccessfulbuild".
  Touching "drlibc.dir\Debug\drlibc.tlog\drlibc.lastbuildstate".
Done Building Project "C:\Users\hacker\source\repos\buildx64\dynamorio\core\drlibc.vcxproj" (default targets).

PrepareForBuild:
  Creating directory "drconfiglib.dir\Debug\".
  Structured output is enabled. The formatting of compiler diagnostics will reflect the error hierarchy. See https://ak
  a.ms/cpp/structured-output for more details.
  Creating directory "drconfiglib.dir\Debug\drconfiglib.tlog\".
InitializeBuildStatus:
  Creating "drconfiglib.dir\Debug\drconfiglib.tlog\unsuccessfulbuild" because "AlwaysCreate" was specified.
  Touching "drconfiglib.dir\Debug\drconfiglib.tlog\unsuccessfulbuild".
CustomBuild:
  Building Custom Rule C:/Users/hacker/source/repos/drltrace/drltrace_src/dynamorio/libutil/CMakeLists.txt
ClCompile:
  C:\Program Files\Microsoft Visual Studio\2022\Community\VC\Tools\MSVC\14.39.33519\bin\HostX64\x64\CL.exe /c /IC:\User
  s\hacker\source\repos\drltrace\drltrace_src\dynamorio\core\win32 /IC:\Users\hacker\source\repos\buildx64\dynamorio /I
  C:\Users\hacker\source\repos\drltrace\drltrace_src\dynamorio\core\arch\x86 /IC:\Users\hacker\source\repos\drltrace\dr
  ltrace_src\dynamorio\core\arch /IC:\Users\hacker\source\repos\drltrace\drltrace_src\dynamorio\core\lib /Zi /nologo /W
  4 /WX /diagnostics:column /MP /Od /D _WINDLL /D _UNICODE /D UNICODE /D RC_IS_DRCONFIGLIB /D NOT_DYNAMORIO_CORE /D SHO
  W_SYMBOLS /D NOT_DYNAMORIO_CORE_PROPER /D _CRT_SECURE_NO_WARNINGS /D UNICODE /D _UNICODE /D HOT_PATCHING_INTERFACE /D
   "CMAKE_INTDIR=\"Debug\"" /D drconfiglib_EXPORTS /GF /MTd /GS- /fp:precise /Zc:wchar_t /Zc:forScope /Zc:inline /Fo"dr
  configlib.dir\Debug\\" /Fd"drconfiglib.dir\Debug\vc143.pdb" /external:W4 /Gd /TC /wd4996 /wd4047 /wd4024 /wd4133 /wd4
  127 /wd4100 /wd4292 /wd4127 /wd4100 /errorReport:queue  /FS C:\Users\hacker\source\repos\drltrace\drltrace_src\dynamo
  rio\libutil\dr_config.c C:\Users\hacker\source\repos\drltrace\drltrace_src\dynamorio\libutil\services.c C:\Users\hack
  er\source\repos\drltrace\drltrace_src\dynamorio\libutil\config.c C:\Users\hacker\source\repos\drltrace\drltrace_src\d
  ynamorio\libutil\elm.c C:\Users\hacker\source\repos\drltrace\drltrace_src\dynamorio\libutil\processes.c C:\Users\hack
  er\source\repos\drltrace\drltrace_src\dynamorio\libutil\utils.c C:\Users\hacker\source\repos\drltrace\drltrace_src\dy
  namorio\libutil\policy.c C:\Users\hacker\source\repos\drltrace\drltrace_src\dynamorio\libutil\parser.c C:\Users\hacke
  r\source\repos\drltrace\drltrace_src\dynamorio\libutil\detach.c C:\Users\hacker\source\repos\drltrace\drltrace_src\dy
  namorio\libutil\mfapi.c C:\Users\hacker\source\repos\drltrace\drltrace_src\dynamorio\core\options.c C:\Users\hacker\s
  ource\repos\drltrace\drltrace_src\dynamorio\core\win32\inject_shared.c C:\Users\hacker\source\repos\drltrace\drltrace
  _src\dynamorio\core\win32\module_shared.c C:\Users\hacker\source\repos\drltrace\drltrace_src\dynamorio\core\win32\ntd
  ll_shared.c C:\Users\hacker\source\repos\drltrace\drltrace_src\dynamorio\core\win32\drmarker.c C:\Users\hacker\source
  \repos\drltrace\drltrace_src\dynamorio\core\io.c
  dr_config.c
  services.c
  config.c
  elm.c
  processes.c
  utils.c
  policy.c
  parser.c
  detach.c
  mfapi.c
  options.c
  inject_shared.c
  module_shared.c
  ntdll_shared.c
  drmarker.c
  io.c
ResourceCompile:
  C:\Program Files (x86)\Windows Kits\10\bin\10.0.22621.0\x64\rc.exe /D _UNICODE /D UNICODE /D WIN32 /D _DEBUG /D RC_IS
  _DRCONFIGLIB /D NOT_DYNAMORIO_CORE /D SHOW_SYMBOLS /D NOT_DYNAMORIO_CORE_PROPER /D _CRT_SECURE_NO_WARNINGS /D UNICODE
   /D _UNICODE /D HOT_PATCHING_INTERFACE /D "CMAKE_INTDIR=\\\"Debug\\\"" /D drconfiglib_EXPORTS /l"0x0409" /IC:\Users\h
  acker\source\repos\drltrace\drltrace_src\dynamorio\core\win32 /IC:\Users\hacker\source\repos\buildx64\dynamorio /IC:\
  Users\hacker\source\repos\drltrace\drltrace_src\dynamorio\core\arch\x86 /IC:\Users\hacker\source\repos\drltrace\drltr
  ace_src\dynamorio\core\arch /IC:\Users\hacker\source\repos\drltrace\drltrace_src\dynamorio\core\lib /nologo /fo"drcon
  figlib.dir\Debug\resources.res" C:\Users\hacker\source\repos\drltrace\drltrace_src\dynamorio\core\win32\resources.rc
Link:
  C:\Program Files\Microsoft Visual Studio\2022\Community\VC\Tools\MSVC\14.39.33519\bin\HostX64\x64\link.exe /ERRORREPO
  RT:QUEUE /OUT:"C:\Users\hacker\source\repos\buildx64\dynamorio\lib64\drconfiglib.dll" /INCREMENTAL /ILK:"drconfiglib.
  dir\Debug\drconfiglib.ilk" /NOLOGO ..\lib64\drfrontendlib.lib ..\lib64\drlibc.lib kernel32.lib user32.lib gdi32.lib w
  inspool.lib shell32.lib ole32.lib oleaut32.lib uuid.lib comdlg32.lib advapi32.lib /MANIFEST /MANIFESTUAC:"level='asIn
  voker' uiAccess='false'" /manifest:embed /DEBUG /PDB:"C:/Users/hacker/source/repos/buildx64/dynamorio/lib64/drconfigl
  ib.pdb" /SUBSYSTEM:CONSOLE /TLBID:1 /DYNAMICBASE /NXCOMPAT /IMPLIB:"C:/Users/hacker/source/repos/buildx64/dynamorio/l
  ib64/drconfiglib.lib" /MACHINE:X64  /machine:x64 /subsystem:console,5.02 /opt:ref /opt:icf /pdbcompress /nodefaultlib
  :libc.lib /DLL drconfiglib.dir\Debug\resources.res
  drconfiglib.dir\Debug\dr_config.obj
  drconfiglib.dir\Debug\services.obj
  drconfiglib.dir\Debug\config.obj
  drconfiglib.dir\Debug\elm.obj
  drconfiglib.dir\Debug\processes.obj
  drconfiglib.dir\Debug\utils.obj
  drconfiglib.dir\Debug\policy.obj
  drconfiglib.dir\Debug\parser.obj
  drconfiglib.dir\Debug\detach.obj
  drconfiglib.dir\Debug\mfapi.obj
  drconfiglib.dir\Debug\options.obj
  drconfiglib.dir\Debug\inject_shared.obj
  drconfiglib.dir\Debug\module_shared.obj
  drconfiglib.dir\Debug\ntdll_shared.obj
  drconfiglib.dir\Debug\drmarker.obj
  drconfiglib.dir\Debug\io.obj
LINK : warning LNK4075: ignoring '/INCREMENTAL' due to '/OPT:ICF' specification [C:\Users\hacker\source\repos\buildx64\
dynamorio\libutil\drconfiglib.vcxproj]
     Creating library C:/Users/hacker/source/repos/buildx64/dynamorio/lib64/drconfiglib.lib and object C:/Users/hacker/
  source/repos/buildx64/dynamorio/lib64/drconfiglib.exp
  drconfiglib.vcxproj -> C:\Users\hacker\source\repos\buildx64\dynamorio\lib64\drconfiglib.dll
PostBuildEvent:
  setlocal
  "C:\Program Files\CMake\bin\cmake.exe" -E copy C:/Users/hacker/source/repos/buildx64/dynamorio/lib64/drconfiglib.dll
  C:/Users/hacker/source/repos/buildx64/dynamorio/bin64/
  if %errorlevel% neq 0 goto :cmEnd
  :cmEnd
  endlocal & call :cmErrorLevel %errorlevel% & goto :cmDone
  :cmErrorLevel
  exit /b %1
  :cmDone
  if %errorlevel% neq 0 goto :VCEnd
  :VCEnd
FinalizeBuildStatus:
  Deleting file "drconfiglib.dir\Debug\drconfiglib.tlog\unsuccessfulbuild".
  Touching "drconfiglib.dir\Debug\drconfiglib.tlog\drconfiglib.lastbuildstate".
Done Building Project "C:\Users\hacker\source\repos\buildx64\dynamorio\libutil\drconfiglib.vcxproj" (default targets).

PrepareForBuild:
  Creating directory "X64\Debug\drconfiglib_copy_tgt\".
  Structured output is enabled. The formatting of compiler diagnostics will reflect the error hierarchy. See https://ak
  a.ms/cpp/structured-output for more details.
  Creating directory "X64\Debug\drconfiglib_copy_tgt\drconfig.10D67C57.tlog\".
InitializeBuildStatus:
  Creating "X64\Debug\drconfiglib_copy_tgt\drconfig.10D67C57.tlog\unsuccessfulbuild" because "AlwaysCreate" was specifi
  ed.
  Touching "X64\Debug\drconfiglib_copy_tgt\drconfig.10D67C57.tlog\unsuccessfulbuild".
CustomBuild:
  "The build of 'C:\Users\hacker\source\repos\buildx64\CMakeFiles\3530dfb6d34837c6e6701b5788229546\drconfiglib_copy_tgt
  .rule' depends on 'C:\USERS\HACKER\SOURCE\REPOS\BUILDX64\BIN64\DRCONFIGLIB.DLL' which is produced by the build of 'C:
  \Users\hacker\source\repos\buildx64\CMakeFiles\57bae78b7b2a27d9ece8d42809a4051f\drconfiglib.dll.rule'. The items cann
  ot be built in parallel."
  Generating bin64/drconfiglib.dll
  Building Custom Rule C:/Users/hacker/source/repos/drltrace/drltrace_src/CMakeLists.txt
FinalizeBuildStatus:
  Deleting file "X64\Debug\drconfiglib_copy_tgt\drconfig.10D67C57.tlog\unsuccessfulbuild".
  Touching "X64\Debug\drconfiglib_copy_tgt\drconfig.10D67C57.tlog\drconfiglib_copy_tgt.lastbuildstate".
Done Building Project "C:\Users\hacker\source\repos\buildx64\drconfiglib_copy_tgt.vcxproj" (default targets).

Project "C:\Users\hacker\source\repos\buildx64\ALL_BUILD.vcxproj" (1) is building "C:\Users\hacker\source\repos\buildx6
4\drdll_copy_tgt.vcxproj" (11) on node 1 (default targets).
Project "C:\Users\hacker\source\repos\buildx64\drdll_copy_tgt.vcxproj" (11) is building "C:\Users\hacker\source\repos\b
uildx64\dynamorio\core\dynamorio.vcxproj" (12) on node 1 (default targets).
Project "C:\Users\hacker\source\repos\buildx64\dynamorio\core\dynamorio.vcxproj" (12) is building "C:\Users\hacker\sour
ce\repos\buildx64\dynamorio\api_headers.vcxproj" (13) on node 1 (default targets).
PrepareForBuild:
  Creating directory "X64\Debug\api_headers\".
  Structured output is enabled. The formatting of compiler diagnostics will reflect the error hierarchy. See https://ak
  a.ms/cpp/structured-output for more details.
  Creating directory "X64\Debug\api_headers\api_headers.tlog\".
InitializeBuildStatus:
  Creating "X64\Debug\api_headers\api_headers.tlog\unsuccessfulbuild" because "AlwaysCreate" was specified.
  Touching "X64\Debug\api_headers\api_headers.tlog\unsuccessfulbuild".
CustomBuild:
  "The build of 'C:\Users\hacker\source\repos\buildx64\CMakeFiles\0cf39bfe3321156a0b5b3b87fdd653cf\api_headers.rule' de
  pends on 'C:\USERS\HACKER\SOURCE\REPOS\BUILDX64\DYNAMORIO\INCLUDE\DR_APP.H' which is produced by the build of 'C:\Use
  rs\hacker\source\repos\buildx64\CMakeFiles\1ae3f1b87fe50c27f8cb41a4ad03eaa6\dr_app.h.rule'. The items cannot be built
   in parallel."
  Generating include/dr_app.h, include/dr_api.h
  Building Custom Rule C:/Users/hacker/source/repos/drltrace/drltrace_src/dynamorio/CMakeLists.txt
FinalizeBuildStatus:
  Deleting file "X64\Debug\api_headers\api_headers.tlog\unsuccessfulbuild".
  Touching "X64\Debug\api_headers\api_headers.tlog\api_headers.lastbuildstate".
Done Building Project "C:\Users\hacker\source\repos\buildx64\dynamorio\api_headers.vcxproj" (default targets).

Project "C:\Users\hacker\source\repos\buildx64\dynamorio\core\dynamorio.vcxproj" (12) is building "C:\Users\hacker\sour
ce\repos\buildx64\dynamorio\core\generate_x86.asm_core.vcxproj" (14) on node 1 (default targets).
PrepareForBuild:
  Creating directory "X64\Debug\generate_x86.asm_core\".
  Structured output is enabled. The formatting of compiler diagnostics will reflect the error hierarchy. See https://ak
  a.ms/cpp/structured-output for more details.
  Creating directory "X64\Debug\generate_x86.asm_core\generate.ABEA889C.tlog\".
InitializeBuildStatus:
  Creating "X64\Debug\generate_x86.asm_core\generate.ABEA889C.tlog\unsuccessfulbuild" because "AlwaysCreate" was specif
  ied.
  Touching "X64\Debug\generate_x86.asm_core\generate.ABEA889C.tlog\unsuccessfulbuild".
CustomBuild:
  "The build of 'C:\Users\hacker\source\repos\buildx64\CMakeFiles\076e5568f4681c562eb538e5622bee9d\generate_x86.asm_cor
  e.rule' depends on 'C:\USERS\HACKER\SOURCE\REPOS\BUILDX64\DYNAMORIO\CORE\X86.ASM_CORE.OBJ.STAMP' which is produced by
   the build of 'C:\Users\hacker\source\repos\buildx64\CMakeFiles\e9ef5629817a5e236b71e90c2f0ede37\x86.asm_core.obj.sta
  mp.rule'. The items cannot be built in parallel."
  Generating x86.asm_core.obj.stamp
  x86.asm
   Assembling: C:/Users/hacker/source/repos/buildx64/dynamorio/core/x86.asm_core.s
  Building Custom Rule C:/Users/hacker/source/repos/drltrace/drltrace_src/dynamorio/core/CMakeLists.txt
FinalizeBuildStatus:
  Deleting file "X64\Debug\generate_x86.asm_core\generate.ABEA889C.tlog\unsuccessfulbuild".
  Touching "X64\Debug\generate_x86.asm_core\generate.ABEA889C.tlog\generate_x86.asm_core.lastbuildstate".
Done Building Project "C:\Users\hacker\source\repos\buildx64\dynamorio\core\generate_x86.asm_core.vcxproj" (default tar
gets).

Project "C:\Users\hacker\source\repos\buildx64\dynamorio\core\dynamorio.vcxproj" (12) is building "C:\Users\hacker\sour
ce\repos\buildx64\dynamorio\core\ntdll_imports.vcxproj" (15) on node 1 (default targets).
PrepareForBuild:
  Creating directory "ntdll_imports.dir\Debug\".
  Structured output is enabled. The formatting of compiler diagnostics will reflect the error hierarchy. See https://ak
  a.ms/cpp/structured-output for more details.
  Creating directory "ntdll_imports.dir\Debug\ntdll_imports.tlog\".
InitializeBuildStatus:
  Creating "ntdll_imports.dir\Debug\ntdll_imports.tlog\unsuccessfulbuild" because "AlwaysCreate" was specified.
  Touching "ntdll_imports.dir\Debug\ntdll_imports.tlog\unsuccessfulbuild".
CustomBuild:
  Building Custom Rule C:/Users/hacker/source/repos/drltrace/drltrace_src/dynamorio/core/CMakeLists.txt
ClCompile:
  C:\Program Files\Microsoft Visual Studio\2022\Community\VC\Tools\MSVC\14.39.33519\bin\HostX64\x64\CL.exe /c /IC:\User
  s\hacker\source\repos\drltrace\drltrace_src\dynamorio\core\drlibc /IC:\Users\hacker\source\repos\drltrace\drltrace_sr
  c\dynamorio\core\arch\x86 /IC:\Users\hacker\source\repos\drltrace\drltrace_src\dynamorio\core\win32 /IC:\Users\hacker
  \source\repos\drltrace\drltrace_src\dynamorio\core\arch /IC:\Users\hacker\source\repos\drltrace\drltrace_src\dynamori
  o\core\lib /IC:\Users\hacker\source\repos\buildx64\dynamorio /IC:\Users\hacker\source\repos\buildx64\dynamorio\includ
  e\annotations /Zi /nologo /W4 /WX /diagnostics:column /MP /Od /D _WINDLL /D _MBCS /D SHOW_SYMBOLS /D "CMAKE_INTDIR=\"
  Debug\"" /D ntdll_imports_EXPORTS /GF /MTd /GS- /fp:precise /Zc:wchar_t /Zc:forScope /Zc:inline /Fo"ntdll_imports.dir
  \Debug\\" /Fd"ntdll_imports.dir\Debug\vc143.pdb" /external:W4 /Gd /TC /errorReport:queue  /FS C:\Users\hacker\source\
  repos\drltrace\drltrace_src\dynamorio\core\win32\ntdll_imports.c
  ntdll_imports.c
Link:
  C:\Program Files\Microsoft Visual Studio\2022\Community\VC\Tools\MSVC\14.39.33519\bin\HostX64\x64\link.exe /ERRORREPO
  RT:QUEUE /OUT:"C:\Users\hacker\source\repos\buildx64\dynamorio\lib64\ntdll_imports.dll" /INCREMENTAL /ILK:"ntdll_impo
  rts.dir\Debug\ntdll_imports.ilk" /NOLOGO kernel32.lib user32.lib gdi32.lib winspool.lib shell32.lib ole32.lib oleaut3
  2.lib uuid.lib comdlg32.lib advapi32.lib /DEF:"C:/Users/hacker/source/repos/drltrace/drltrace_src/dynamorio/core/win3
  2/ntdll_imports_x64.def" /MANIFEST /MANIFESTUAC:"level='asInvoker' uiAccess='false'" /manifest:embed /DEBUG /PDB:"C:/
  Users/hacker/source/repos/buildx64/dynamorio/lib64/ntdll_imports.pdb" /SUBSYSTEM:CONSOLE /TLBID:1 /DYNAMICBASE /NXCOM
  PAT /IMPLIB:"C:/Users/hacker/source/repos/buildx64/dynamorio/lib64/ntdll_imports.lib" /MACHINE:X64  /machine:x64 /sub
  system:console,5.02 /opt:ref /opt:icf /pdbcompress /ignore:4197 /DLL ntdll_imports.dir\Debug\ntdll_imports.obj
LINK : warning LNK4075: ignoring '/INCREMENTAL' due to '/OPT:ICF' specification [C:\Users\hacker\source\repos\buildx64\
dynamorio\core\ntdll_imports.vcxproj]
     Creating library C:/Users/hacker/source/repos/buildx64/dynamorio/lib64/ntdll_imports.lib and object C:/Users/hacke
  r/source/repos/buildx64/dynamorio/lib64/ntdll_imports.exp
ntdll_imports.exp : warning LNK4070: /OUT:ntdll.dll directive in .EXP differs from output filename 'C:\Users\hacker\sou
rce\repos\buildx64\dynamorio\lib64\ntdll_imports.dll'; ignoring directive [C:\Users\hacker\source\repos\buildx64\dynamo
rio\core\ntdll_imports.vcxproj]
  ntdll_imports.vcxproj -> C:\Users\hacker\source\repos\buildx64\dynamorio\lib64\ntdll_imports.dll
FinalizeBuildStatus:
  Deleting file "ntdll_imports.dir\Debug\ntdll_imports.tlog\unsuccessfulbuild".
  Touching "ntdll_imports.dir\Debug\ntdll_imports.tlog\ntdll_imports.lastbuildstate".
Done Building Project "C:\Users\hacker\source\repos\buildx64\dynamorio\core\ntdll_imports.vcxproj" (default targets).

PrepareForBuild:
  Creating directory "dynamorio.dir\Debug\".
  Structured output is enabled. The formatting of compiler diagnostics will reflect the error hierarchy. See https://ak
  a.ms/cpp/structured-output for more details.
  Creating directory "C:\Users\hacker\source\repos\buildx64\dynamorio\lib64\debug\".
  Creating directory "dynamorio.dir\Debug\dynamorio.tlog\".
InitializeBuildStatus:
  Creating "dynamorio.dir\Debug\dynamorio.tlog\unsuccessfulbuild" because "AlwaysCreate" was specified.
  Touching "dynamorio.dir\Debug\dynamorio.tlog\unsuccessfulbuild".
CustomBuild:
  Building Custom Rule C:/Users/hacker/source/repos/drltrace/drltrace_src/dynamorio/core/CMakeLists.txt
ClCompile:
  C:\Program Files\Microsoft Visual Studio\2022\Community\VC\Tools\MSVC\14.39.33519\bin\HostX64\x64\CL.exe /c /IC:\User
  s\hacker\source\repos\drltrace\drltrace_src\dynamorio\core\drlibc /IC:\Users\hacker\source\repos\drltrace\drltrace_sr
  c\dynamorio\core\arch\x86 /IC:\Users\hacker\source\repos\drltrace\drltrace_src\dynamorio\core\win32 /IC:\Users\hacker
  \source\repos\drltrace\drltrace_src\dynamorio\core\arch /IC:\Users\hacker\source\repos\drltrace\drltrace_src\dynamori
  o\core\lib /IC:\Users\hacker\source\repos\buildx64\dynamorio /IC:\Users\hacker\source\repos\buildx64\dynamorio\includ
  e\annotations /Zi /nologo /W4 /WX /diagnostics:column /MP /Od /D _WINDLL /D _MBCS /D RC_IS_CORE /D INCLUDE_EVENTS /D
  SHOW_SYMBOLS /D "CMAKE_INTDIR=\"Debug\"" /D dynamorio_EXPORTS /GF /MTd /GS- /fp:precise /Zc:wchar_t /Zc:forScope /Zc:
  inline /Fo"dynamorio.dir\Debug\\" /Fd"dynamorio.dir\Debug\vc143.pdb" /external:W4 /Gd /TC /errorReport:queue  /FS /Gs
  65536 C:\Users\hacker\source\repos\drltrace\drltrace_src\dynamorio\core\options.c C:\Users\hacker\source\repos\drltra
  ce\drltrace_src\dynamorio\core\dynamo.c C:\Users\hacker\source\repos\drltrace\drltrace_src\dynamorio\core\fragment.c
  C:\Users\hacker\source\repos\drltrace\drltrace_src\dynamorio\core\fcache.c C:\Users\hacker\source\repos\drltrace\drlt
  race_src\dynamorio\core\link.c C:\Users\hacker\source\repos\drltrace\drltrace_src\dynamorio\core\dispatch.c C:\Users\
  hacker\source\repos\drltrace\drltrace_src\dynamorio\core\emit.c C:\Users\hacker\source\repos\drltrace\drltrace_src\dy
  namorio\core\utils.c C:\Users\hacker\source\repos\drltrace\drltrace_src\dynamorio\core\config.c C:\Users\hacker\sourc
  e\repos\drltrace\drltrace_src\dynamorio\core\stats.c C:\Users\hacker\source\repos\drltrace\drltrace_src\dynamorio\cor
  e\heap.c C:\Users\hacker\source\repos\drltrace\drltrace_src\dynamorio\core\monitor.c C:\Users\hacker\source\repos\drl
  trace\drltrace_src\dynamorio\core\perfctr.c C:\Users\hacker\source\repos\drltrace\drltrace_src\dynamorio\core\vmareas
  .c C:\Users\hacker\source\repos\drltrace\drltrace_src\dynamorio\core\rct.c C:\Users\hacker\source\repos\drltrace\drlt
  race_src\dynamorio\core\hotpatch.c C:\Users\hacker\source\repos\drltrace\drltrace_src\dynamorio\core\hashtable.c C:\U
  sers\hacker\source\repos\drltrace\drltrace_src\dynamorio\core\module_list.c C:\Users\hacker\source\repos\drltrace\drl
  trace_src\dynamorio\core\moduledb.c C:\Users\hacker\source\repos\drltrace\drltrace_src\dynamorio\core\perscache.c C:\
  Users\hacker\source\repos\drltrace\drltrace_src\dynamorio\core\nudge.c C:\Users\hacker\source\repos\drltrace\drltrace
  _src\dynamorio\core\synch.c C:\Users\hacker\source\repos\drltrace\drltrace_src\dynamorio\core\buildmark.c C:\Users\ha
  cker\source\repos\drltrace\drltrace_src\dynamorio\core\loader_shared.c C:\Users\hacker\source\repos\drltrace\drltrace
  _src\dynamorio\core\io.c C:\Users\hacker\source\repos\drltrace\drltrace_src\dynamorio\core\native_exec.c C:\Users\hac
  ker\source\repos\drltrace\drltrace_src\dynamorio\core\lib\instrument.c C:\Users\hacker\source\repos\drltrace\drltrace
  _src\dynamorio\core\translate.c C:\Users\hacker\source\repos\drltrace\drltrace_src\dynamorio\core\annotations.c C:\Us
  ers\hacker\source\repos\drltrace\drltrace_src\dynamorio\core\jit_opt.c C:\Users\hacker\source\repos\drltrace\drltrace
  _src\dynamorio\core\arch\arch.c C:\Users\hacker\source\repos\drltrace\drltrace_src\dynamorio\core\arch\emit_utils_sha
  red.c C:\Users\hacker\source\repos\drltrace\drltrace_src\dynamorio\core\arch\x86\emit_utils.c C:\Users\hacker\source\
  repos\drltrace\drltrace_src\dynamorio\core\arch\opnd_shared.c C:\Users\hacker\source\repos\drltrace\drltrace_src\dyna
  morio\core\arch\x86\opnd.c C:\Users\hacker\source\repos\drltrace\drltrace_src\dynamorio\core\arch\instr_shared.c C:\U
  sers\hacker\source\repos\drltrace\drltrace_src\dynamorio\core\arch\x86\instr.c C:\Users\hacker\source\repos\drltrace\
  drltrace_src\dynamorio\core\arch\instrlist.c C:\Users\hacker\source\repos\drltrace\drltrace_src\dynamorio\core\arch\d
  ecode_shared.c C:\Users\hacker\source\repos\drltrace\drltrace_src\dynamorio\core\arch\x86\decode.c C:\Users\hacker\so
  urce\repos\drltrace\drltrace_src\dynamorio\core\arch\encode_shared.c C:\Users\hacker\source\repos\drltrace\drltrace_s
  rc\dynamorio\core\arch\x86\encode.c C:\Users\hacker\source\repos\drltrace\drltrace_src\dynamorio\core\arch\disassembl
  e_shared.c C:\Users\hacker\source\repos\drltrace\drltrace_src\dynamorio\core\arch\x86\disassemble.c C:\Users\hacker\s
  ource\repos\drltrace\drltrace_src\dynamorio\core\arch\x86\decode_table.c C:\Users\hacker\source\repos\drltrace\drltra
  ce_src\dynamorio\core\arch\x86\decode_fast.c C:\Users\hacker\source\repos\drltrace\drltrace_src\dynamorio\core\arch\i
  nterp.c C:\Users\hacker\source\repos\drltrace\drltrace_src\dynamorio\core\arch\proc_shared.c C:\Users\hacker\source\r
  epos\drltrace\drltrace_src\dynamorio\core\arch\x86\proc.c C:\Users\hacker\source\repos\drltrace\drltrace_src\dynamori
  o\core\arch\mangle_shared.c C:\Users\hacker\source\repos\drltrace\drltrace_src\dynamorio\core\arch\mangle_utils.c C:\
  Users\hacker\source\repos\drltrace\drltrace_src\dynamorio\core\arch\x86\mangle.c C:\Users\hacker\source\repos\drltrac
  e\drltrace_src\dynamorio\core\arch\clean_call_opt_shared.c C:\Users\hacker\source\repos\drltrace\drltrace_src\dynamor
  io\core\arch\x86\clean_call_opt.c C:\Users\hacker\source\repos\drltrace\drltrace_src\dynamorio\core\arch\steal_reg.c
  C:\Users\hacker\source\repos\drltrace\drltrace_src\dynamorio\core\arch\x86_code.c C:\Users\hacker\source\repos\drltra
  ce\drltrace_src\dynamorio\core\arch\x86\optimize.c C:\Users\hacker\source\repos\drltrace\drltrace_src\dynamorio\core\
  arch\sideline.c C:\Users\hacker\source\repos\drltrace\drltrace_src\dynamorio\core\arch\retcheck.c C:\Users\hacker\sou
  rce\repos\drltrace\drltrace_src\dynamorio\core\arch\x86\x86_to_x64.c C:\Users\hacker\source\repos\drltrace\drltrace_s
  rc\dynamorio\core\win32\eventlog.c C:\Users\hacker\source\repos\drltrace\drltrace_src\dynamorio\core\win32\os.c C:\Us
  ers\hacker\source\repos\drltrace\drltrace_src\dynamorio\core\win32\syscall.c C:\Users\hacker\source\repos\drltrace\dr
  ltrace_src\dynamorio\core\win32\callback.c C:\Users\hacker\source\repos\drltrace\drltrace_src\dynamorio\core\win32\dr
  marker.c C:\Users\hacker\source\repos\drltrace\drltrace_src\dynamorio\core\win32\ntdll.c C:\Users\hacker\source\repos
  \drltrace\drltrace_src\dynamorio\core\win32\ntdll_shared.c C:\Users\hacker\source\repos\drltrace\drltrace_src\dynamor
  io\core\win32\inject.c C:\Users\hacker\source\repos\drltrace\drltrace_src\dynamorio\core\win32\inject_shared.c C:\Use
  rs\hacker\source\repos\drltrace\drltrace_src\dynamorio\core\win32\module.c C:\Users\hacker\source\repos\drltrace\drlt
  race_src\dynamorio\core\win32\module_shared.c C:\Users\hacker\source\repos\drltrace\drltrace_src\dynamorio\core\win32
  \native_pe.c C:\Users\hacker\source\repos\drltrace\drltrace_src\dynamorio\core\win32\diagnost.c C:\Users\hacker\sourc
  e\repos\drltrace\drltrace_src\dynamorio\core\win32\aslr.c C:\Users\hacker\source\repos\drltrace\drltrace_src\dynamori
  o\core\win32\loader.c C:\Users\hacker\source\repos\drltrace\drltrace_src\dynamorio\core\win32\drwinapi\drwinapi.c C:\
  Users\hacker\source\repos\drltrace\drltrace_src\dynamorio\core\win32\drwinapi\ntdll_redir.c C:\Users\hacker\source\re
  pos\drltrace\drltrace_src\dynamorio\core\win32\drwinapi\kernel32_redir.c C:\Users\hacker\source\repos\drltrace\drltra
  ce_src\dynamorio\core\win32\drwinapi\kernel32_proc.c C:\Users\hacker\source\repos\drltrace\drltrace_src\dynamorio\cor
  e\win32\drwinapi\kernel32_lib.c C:\Users\hacker\source\repos\drltrace\drltrace_src\dynamorio\core\win32\drwinapi\kern
  el32_mem.c C:\Users\hacker\source\repos\drltrace\drltrace_src\dynamorio\core\win32\drwinapi\kernel32_file.c C:\Users\
  hacker\source\repos\drltrace\drltrace_src\dynamorio\core\win32\drwinapi\kernel32_sync.c C:\Users\hacker\source\repos\
  drltrace\drltrace_src\dynamorio\core\win32\drwinapi\kernel32_misc.c C:\Users\hacker\source\repos\drltrace\drltrace_sr
  c\dynamorio\core\win32\drwinapi\rpcrt4_redir.c C:\Users\hacker\source\repos\drltrace\drltrace_src\dynamorio\core\win3
  2\drwinapi\advapi32_redir.c
  options.c
  dynamo.c
  fragment.c
  fcache.c
  link.c
  dispatch.c
  emit.c
  utils.c
  config.c
  stats.c
  heap.c
  monitor.c
  perfctr.c
  vmareas.c
  rct.c
  hotpatch.c
  hashtable.c
  module_list.c
  moduledb.c
  perscache.c
  nudge.c
  synch.c
  buildmark.c
  loader_shared.c
  io.c
  native_exec.c
  instrument.c
  translate.c
  annotations.c
  jit_opt.c
  arch.c
  emit_utils_shared.c
  emit_utils.c
  opnd_shared.c
  opnd.c
  instr_shared.c
  instr.c
  instrlist.c
  decode_shared.c
  decode.c
  encode_shared.c
  encode.c
  disassemble_shared.c
  disassemble.c
  decode_table.c
  decode_fast.c
  interp.c
  proc_shared.c
  proc.c
  mangle_shared.c
  mangle_utils.c
  mangle.c
  clean_call_opt_shared.c
  clean_call_opt.c
  steal_reg.c
  x86_code.c
  optimize.c
  sideline.c
  retcheck.c
  x86_to_x64.c
  eventlog.c
  os.c
  syscall.c
  callback.c
  drmarker.c
  ntdll.c
  ntdll_shared.c
  inject.c
  inject_shared.c
  module.c
  module_shared.c
  native_pe.c
  diagnost.c
  aslr.c
  loader.c
  drwinapi.c
  ntdll_redir.c
  kernel32_redir.c
  kernel32_proc.c
  kernel32_lib.c
  kernel32_mem.c
  kernel32_file.c
  kernel32_sync.c
  kernel32_misc.c
  rpcrt4_redir.c
  advapi32_redir.c
ResourceCompile:
  C:\Program Files (x86)\Windows Kits\10\bin\10.0.22621.0\x64\rc.exe /D WIN32 /D _DEBUG /D RC_IS_CORE /D INCLUDE_EVENTS
   /D SHOW_SYMBOLS /D "CMAKE_INTDIR=\\\"Debug\\\"" /D dynamorio_EXPORTS /l"0x0409" /IC:\Users\hacker\source\repos\drltr
  ace\drltrace_src\dynamorio\core\drlibc /IC:\Users\hacker\source\repos\drltrace\drltrace_src\dynamorio\core\arch\x86 /
  IC:\Users\hacker\source\repos\drltrace\drltrace_src\dynamorio\core\win32 /IC:\Users\hacker\source\repos\drltrace\drlt
  race_src\dynamorio\core\arch /IC:\Users\hacker\source\repos\drltrace\drltrace_src\dynamorio\core\lib /IC:\Users\hacke
  r\source\repos\buildx64\dynamorio /IC:\Users\hacker\source\repos\buildx64\dynamorio\include\annotations /nologo /fo"d
  ynamorio.dir\Debug\resources.res" C:\Users\hacker\source\repos\drltrace\drltrace_src\dynamorio\core\win32\resources.r
  c
Link:
  C:\Program Files\Microsoft Visual Studio\2022\Community\VC\Tools\MSVC\14.39.33519\bin\HostX64\x64\link.exe /ERRORREPO
  RT:QUEUE /OUT:"C:\Users\hacker\source\repos\buildx64\dynamorio\lib64\debug\dynamorio.dll" /INCREMENTAL /ILK:"dynamori
  o.dir\Debug\dynamorio.ilk" /NOLOGO ..\lib64\drlibc.lib kernel32.lib user32.lib gdi32.lib winspool.lib shell32.lib ole
  32.lib oleaut32.lib uuid.lib comdlg32.lib advapi32.lib /NODEFAULTLIB /MANIFEST /MANIFESTUAC:"level='asInvoker' uiAcce
  ss='false'" /manifest:embed /DEBUG /PDB:"C:/Users/hacker/source/repos/buildx64/dynamorio/lib64/debug/dynamorio.pdb" /
  SUBSYSTEM:CONSOLE /TLBID:1 /DYNAMICBASE /FIXED /NXCOMPAT /IMPLIB:"C:/Users/hacker/source/repos/buildx64/dynamorio/lib
  64/debug/dynamorio.lib" /MACHINE:X64  /machine:x64 /subsystem:console,5.02 /opt:ref /opt:icf /pdbcompress /release /o
  pt:ref /machine:X64 C:/Users/hacker/source/repos/buildx64/dynamorio/lib64/ntdll_imports.lib /dynamicbase:no /base:0x1
  5000000 /dll /incremental:no /entry:DllMain /def:C:/Users/hacker/source/repos/buildx64/dynamorio/core/dr_ntdll.def /i
  gnore:4197 /map:C:/Users/hacker/source/repos/buildx64/dynamorio/lib64/debug/dynamorio.map /mapinfo:exports /export:dy
  namo_auto_start /export:dynamorio_app_take_over /export:dr_app_start /export:dr_app_take_over /export:dr_app_running_
  under_dynamorio /export:dr_try_start /export:dr_call_on_clean_stack /export:dynamorio_earliest_init_takeover msvcrt.l
  ib /DLL dynamorio.dir\Debug\resources.res
  dynamorio.dir\Debug\options.obj
  dynamorio.dir\Debug\dynamo.obj
  dynamorio.dir\Debug\fragment.obj
  dynamorio.dir\Debug\fcache.obj
  dynamorio.dir\Debug\link.obj
  dynamorio.dir\Debug\dispatch.obj
  dynamorio.dir\Debug\emit.obj
  dynamorio.dir\Debug\utils.obj
  dynamorio.dir\Debug\config.obj
  dynamorio.dir\Debug\stats.obj
  dynamorio.dir\Debug\heap.obj
  dynamorio.dir\Debug\monitor.obj
  dynamorio.dir\Debug\perfctr.obj
  dynamorio.dir\Debug\vmareas.obj
  dynamorio.dir\Debug\rct.obj
  dynamorio.dir\Debug\hotpatch.obj
  dynamorio.dir\Debug\hashtable.obj
  dynamorio.dir\Debug\module_list.obj
  dynamorio.dir\Debug\moduledb.obj
  dynamorio.dir\Debug\perscache.obj
  dynamorio.dir\Debug\nudge.obj
  dynamorio.dir\Debug\synch.obj
  dynamorio.dir\Debug\buildmark.obj
  dynamorio.dir\Debug\loader_shared.obj
  dynamorio.dir\Debug\io.obj
  dynamorio.dir\Debug\native_exec.obj
  dynamorio.dir\Debug\instrument.obj
  dynamorio.dir\Debug\translate.obj
  dynamorio.dir\Debug\annotations.obj
  dynamorio.dir\Debug\jit_opt.obj
  dynamorio.dir\Debug\arch.obj
  dynamorio.dir\Debug\emit_utils_shared.obj
  dynamorio.dir\Debug\emit_utils.obj
  dynamorio.dir\Debug\opnd_shared.obj
  dynamorio.dir\Debug\opnd.obj
  dynamorio.dir\Debug\instr_shared.obj
  dynamorio.dir\Debug\instr.obj
  dynamorio.dir\Debug\instrlist.obj
  dynamorio.dir\Debug\decode_shared.obj
  dynamorio.dir\Debug\decode.obj
  dynamorio.dir\Debug\encode_shared.obj
  dynamorio.dir\Debug\encode.obj
  dynamorio.dir\Debug\disassemble_shared.obj
  dynamorio.dir\Debug\disassemble.obj
  dynamorio.dir\Debug\decode_table.obj
  dynamorio.dir\Debug\decode_fast.obj
  dynamorio.dir\Debug\interp.obj
  dynamorio.dir\Debug\proc_shared.obj
  dynamorio.dir\Debug\proc.obj
  dynamorio.dir\Debug\mangle_shared.obj
  dynamorio.dir\Debug\mangle_utils.obj
  dynamorio.dir\Debug\mangle.obj
  dynamorio.dir\Debug\clean_call_opt_shared.obj
  dynamorio.dir\Debug\clean_call_opt.obj
  dynamorio.dir\Debug\steal_reg.obj
  dynamorio.dir\Debug\x86_code.obj
  dynamorio.dir\Debug\optimize.obj
  dynamorio.dir\Debug\sideline.obj
  dynamorio.dir\Debug\retcheck.obj
  dynamorio.dir\Debug\x86_to_x64.obj
  dynamorio.dir\Debug\eventlog.obj
  dynamorio.dir\Debug\os.obj
  dynamorio.dir\Debug\syscall.obj
  dynamorio.dir\Debug\callback.obj
  dynamorio.dir\Debug\drmarker.obj
  dynamorio.dir\Debug\ntdll.obj
  dynamorio.dir\Debug\ntdll_shared.obj
  dynamorio.dir\Debug\inject.obj
  dynamorio.dir\Debug\inject_shared.obj
  dynamorio.dir\Debug\module.obj
  dynamorio.dir\Debug\module_shared.obj
  dynamorio.dir\Debug\native_pe.obj
  dynamorio.dir\Debug\diagnost.obj
  dynamorio.dir\Debug\aslr.obj
  dynamorio.dir\Debug\loader.obj
  dynamorio.dir\Debug\drwinapi.obj
  dynamorio.dir\Debug\ntdll_redir.obj
  dynamorio.dir\Debug\kernel32_redir.obj
  dynamorio.dir\Debug\kernel32_proc.obj
  dynamorio.dir\Debug\kernel32_lib.obj
  dynamorio.dir\Debug\kernel32_mem.obj
  dynamorio.dir\Debug\kernel32_file.obj
  dynamorio.dir\Debug\kernel32_sync.obj
  dynamorio.dir\Debug\kernel32_misc.obj
  dynamorio.dir\Debug\rpcrt4_redir.obj
  dynamorio.dir\Debug\advapi32_redir.obj
  C:\Users\hacker\source\repos\buildx64\dynamorio\core\x86.asm_core.obj
     Creating library C:/Users/hacker/source/repos/buildx64/dynamorio/lib64/debug/dynamorio.lib and object C:/Users/hac
  ker/source/repos/buildx64/dynamorio/lib64/debug/dynamorio.exp
LINK : warning LNK4281: undesirable base address 0x15000000 for x64 image; set base address above 4GB for best ASLR opt
imization [C:\Users\hacker\source\repos\buildx64\dynamorio\core\dynamorio.vcxproj]
  dynamorio.vcxproj -> C:\Users\hacker\source\repos\buildx64\dynamorio\lib64\debug\dynamorio.dll
PostBuildEvent:
  setlocal
  "C:\Program Files\CMake\bin\cmake.exe" -D lib=C:/Users/hacker/source/repos/buildx64/dynamorio/lib64/debug/dynamorio.d
  ll -D "DUMPBIN_EXECUTABLE=C:/Program Files/Microsoft Visual Studio/2022/Community/VC/Tools/MSVC/14.39.33519/bin/Hostx
  64/x64/dumpbin.exe" -P C:/Users/hacker/source/repos/drltrace/drltrace_src/dynamorio/core/CMake_checkdeps.cmake
  if %errorlevel% neq 0 goto :cmEnd
  :cmEnd
  endlocal & call :cmErrorLevel %errorlevel% & goto :cmDone
  :cmErrorLevel
  exit /b %1
  :cmDone
  if %errorlevel% neq 0 goto :VCEnd
  :VCEnd
FinalizeBuildStatus:
  Deleting file "dynamorio.dir\Debug\dynamorio.tlog\unsuccessfulbuild".
  Touching "dynamorio.dir\Debug\dynamorio.tlog\dynamorio.lastbuildstate".
Done Building Project "C:\Users\hacker\source\repos\buildx64\dynamorio\core\dynamorio.vcxproj" (default targets).

PrepareForBuild:
  Creating directory "X64\Debug\drdll_copy_tgt\".
  Structured output is enabled. The formatting of compiler diagnostics will reflect the error hierarchy. See https://ak
  a.ms/cpp/structured-output for more details.
  Creating directory "X64\Debug\drdll_copy_tgt\drdll_copy_tgt.tlog\".
InitializeBuildStatus:
  Creating "X64\Debug\drdll_copy_tgt\drdll_copy_tgt.tlog\unsuccessfulbuild" because "AlwaysCreate" was specified.
  Touching "X64\Debug\drdll_copy_tgt\drdll_copy_tgt.tlog\unsuccessfulbuild".
CustomBuild:
  "The build of 'C:\Users\hacker\source\repos\buildx64\CMakeFiles\3530dfb6d34837c6e6701b5788229546\drdll_copy_tgt.rule'
   depends on 'C:\USERS\HACKER\SOURCE\REPOS\BUILDX64\BIN64\DYNAMORIO.DLL' which is produced by the build of 'C:\Users\h
  acker\source\repos\buildx64\CMakeFiles\57bae78b7b2a27d9ece8d42809a4051f\dynamorio.dll.rule'. The items cannot be buil
  t in parallel."
  Generating bin64/dynamorio.dll
  Building Custom Rule C:/Users/hacker/source/repos/drltrace/drltrace_src/CMakeLists.txt
FinalizeBuildStatus:
  Deleting file "X64\Debug\drdll_copy_tgt\drdll_copy_tgt.tlog\unsuccessfulbuild".
  Touching "X64\Debug\drdll_copy_tgt\drdll_copy_tgt.tlog\drdll_copy_tgt.lastbuildstate".
Done Building Project "C:\Users\hacker\source\repos\buildx64\drdll_copy_tgt.vcxproj" (default targets).

Project "C:\Users\hacker\source\repos\buildx64\ALL_BUILD.vcxproj" (1) is building "C:\Users\hacker\source\repos\buildx6
4\drinjectlib_copy_tgt.vcxproj" (16) on node 1 (default targets).
Project "C:\Users\hacker\source\repos\buildx64\drinjectlib_copy_tgt.vcxproj" (16) is building "C:\Users\hacker\source\r
epos\buildx64\dynamorio\core\drinjectlib.vcxproj" (17) on node 1 (default targets).
Project "C:\Users\hacker\source\repos\buildx64\dynamorio\core\drinjectlib.vcxproj" (17) is building "C:\Users\hacker\so
urce\repos\buildx64\dynamorio\core\drdecode.vcxproj" (18) on node 1 (default targets).
PrepareForBuild:
  Creating directory "drdecode.dir\Debug\".
  Structured output is enabled. The formatting of compiler diagnostics will reflect the error hierarchy. See https://ak
  a.ms/cpp/structured-output for more details.
  Creating directory "drdecode.dir\Debug\drdecode.tlog\".
InitializeBuildStatus:
  Creating "drdecode.dir\Debug\drdecode.tlog\unsuccessfulbuild" because "AlwaysCreate" was specified.
  Touching "drdecode.dir\Debug\drdecode.tlog\unsuccessfulbuild".
CustomBuild:
  Building Custom Rule C:/Users/hacker/source/repos/drltrace/drltrace_src/dynamorio/core/CMakeLists.txt
ClCompile:
  C:\Program Files\Microsoft Visual Studio\2022\Community\VC\Tools\MSVC\14.39.33519\bin\HostX64\x64\CL.exe /c /IC:\User
  s\hacker\source\repos\drltrace\drltrace_src\dynamorio\core\drlibc /IC:\Users\hacker\source\repos\drltrace\drltrace_sr
  c\dynamorio\core\arch\x86 /IC:\Users\hacker\source\repos\drltrace\drltrace_src\dynamorio\core\win32 /IC:\Users\hacker
  \source\repos\drltrace\drltrace_src\dynamorio\core\arch /IC:\Users\hacker\source\repos\drltrace\drltrace_src\dynamori
  o\core\lib /IC:\Users\hacker\source\repos\buildx64\dynamorio /IC:\Users\hacker\source\repos\buildx64\dynamorio\includ
  e\annotations /Zi /nologo /W4 /WX /diagnostics:column /MP /Od /D _MBCS /D NOT_DYNAMORIO_CORE_PROPER /D STANDALONE_DEC
  ODER /D SHOW_SYMBOLS /D "CMAKE_INTDIR=\"Debug\"" /GF /MTd /GS- /fp:precise /Zc:wchar_t /Zc:forScope /Zc:inline /Fo"dr
  decode.dir\Debug\\" /Fd"C:\Users\hacker\source\repos\buildx64\dynamorio\lib64\drdecode.pdb" /external:W4 /Gd /TC /err
  orReport:queue  /FS C:\Users\hacker\source\repos\drltrace\drltrace_src\dynamorio\core\arch\opnd_shared.c C:\Users\hac
  ker\source\repos\drltrace\drltrace_src\dynamorio\core\arch\x86\opnd.c C:\Users\hacker\source\repos\drltrace\drltrace_
  src\dynamorio\core\arch\instr_shared.c C:\Users\hacker\source\repos\drltrace\drltrace_src\dynamorio\core\arch\x86\ins
  tr.c C:\Users\hacker\source\repos\drltrace\drltrace_src\dynamorio\core\arch\instrlist.c C:\Users\hacker\source\repos\
  drltrace\drltrace_src\dynamorio\core\arch\decode_shared.c C:\Users\hacker\source\repos\drltrace\drltrace_src\dynamori
  o\core\arch\x86\decode.c C:\Users\hacker\source\repos\drltrace\drltrace_src\dynamorio\core\arch\encode_shared.c C:\Us
  ers\hacker\source\repos\drltrace\drltrace_src\dynamorio\core\arch\x86\encode.c C:\Users\hacker\source\repos\drltrace\
  drltrace_src\dynamorio\core\arch\disassemble_shared.c C:\Users\hacker\source\repos\drltrace\drltrace_src\dynamorio\co
  re\arch\x86\disassemble.c C:\Users\hacker\source\repos\drltrace\drltrace_src\dynamorio\core\arch\x86\decode_table.c C
  :\Users\hacker\source\repos\drltrace\drltrace_src\dynamorio\core\arch\x86\decode_fast.c C:\Users\hacker\source\repos\
  drltrace\drltrace_src\dynamorio\core\arch\x86\mangle.c C:\Users\hacker\source\repos\drltrace\drltrace_src\dynamorio\c
  ore\arch\mangle_utils.c C:\Users\hacker\source\repos\drltrace\drltrace_src\dynamorio\core\arch\decodelib.c C:\Users\h
  acker\source\repos\drltrace\drltrace_src\dynamorio\core\string.c C:\Users\hacker\source\repos\drltrace\drltrace_src\d
  ynamorio\core\io.c
  opnd_shared.c
  opnd.c
  instr_shared.c
  instr.c
  instrlist.c
  decode_shared.c
  decode.c
  encode_shared.c
  encode.c
  disassemble_shared.c
  disassemble.c
  decode_table.c
  decode_fast.c
  mangle.c
  mangle_utils.c
  decodelib.c
  string.c
  io.c
Lib:
  C:\Program Files\Microsoft Visual Studio\2022\Community\VC\Tools\MSVC\14.39.33519\bin\HostX64\x64\Lib.exe /OUT:"C:\Us
  ers\hacker\source\repos\buildx64\dynamorio\lib64\drdecode.lib" /NOLOGO /MACHINE:X64  /machine:x64 drdecode.dir\Debug\
  opnd_shared.obj
  drdecode.dir\Debug\opnd.obj
  drdecode.dir\Debug\instr_shared.obj
  drdecode.dir\Debug\instr.obj
  drdecode.dir\Debug\instrlist.obj
  drdecode.dir\Debug\decode_shared.obj
  drdecode.dir\Debug\decode.obj
  drdecode.dir\Debug\encode_shared.obj
  drdecode.dir\Debug\encode.obj
  drdecode.dir\Debug\disassemble_shared.obj
  drdecode.dir\Debug\disassemble.obj
  drdecode.dir\Debug\decode_table.obj
  drdecode.dir\Debug\decode_fast.obj
  drdecode.dir\Debug\mangle.obj
  drdecode.dir\Debug\mangle_utils.obj
  drdecode.dir\Debug\decodelib.obj
  drdecode.dir\Debug\string.obj
  drdecode.dir\Debug\io.obj
  drdecode.vcxproj -> C:\Users\hacker\source\repos\buildx64\dynamorio\lib64\drdecode.lib
FinalizeBuildStatus:
  Deleting file "drdecode.dir\Debug\drdecode.tlog\unsuccessfulbuild".
  Touching "drdecode.dir\Debug\drdecode.tlog\drdecode.lastbuildstate".
Done Building Project "C:\Users\hacker\source\repos\buildx64\dynamorio\core\drdecode.vcxproj" (default targets).

PrepareForBuild:
  Creating directory "drinjectlib.dir\Debug\".
  Structured output is enabled. The formatting of compiler diagnostics will reflect the error hierarchy. See https://ak
  a.ms/cpp/structured-output for more details.
  Creating directory "drinjectlib.dir\Debug\drinjectlib.tlog\".
InitializeBuildStatus:
  Creating "drinjectlib.dir\Debug\drinjectlib.tlog\unsuccessfulbuild" because "AlwaysCreate" was specified.
  Touching "drinjectlib.dir\Debug\drinjectlib.tlog\unsuccessfulbuild".
CustomBuild:
  Building Custom Rule C:/Users/hacker/source/repos/drltrace/drltrace_src/dynamorio/core/CMakeLists.txt
ClCompile:
  C:\Program Files\Microsoft Visual Studio\2022\Community\VC\Tools\MSVC\14.39.33519\bin\HostX64\x64\CL.exe /c /IC:\User
  s\hacker\source\repos\drltrace\drltrace_src\dynamorio\core\drlibc /IC:\Users\hacker\source\repos\drltrace\drltrace_sr
  c\dynamorio\core\arch\x86 /IC:\Users\hacker\source\repos\drltrace\drltrace_src\dynamorio\core\win32 /IC:\Users\hacker
  \source\repos\drltrace\drltrace_src\dynamorio\core\arch /IC:\Users\hacker\source\repos\drltrace\drltrace_src\dynamori
  o\core\lib /IC:\Users\hacker\source\repos\buildx64\dynamorio /IC:\Users\hacker\source\repos\buildx64\dynamorio\includ
  e\annotations /Zi /nologo /W4 /WX /diagnostics:column /MP /Od /D _WINDLL /D _MBCS /D NOT_DYNAMORIO_CORE_PROPER /D RC_
  IS_DRINJECTLIB /D SHOW_SYMBOLS /D "CMAKE_INTDIR=\"Debug\"" /D drinjectlib_EXPORTS /GF /MTd /GS- /fp:precise /Zc:wchar
  _t /Zc:forScope /Zc:inline /Fo"drinjectlib.dir\Debug\\" /Fd"drinjectlib.dir\Debug\vc143.pdb" /external:W4 /Gd /TC /er
  rorReport:queue  /FS C:\Users\hacker\source\repos\drltrace\drltrace_src\dynamorio\core\win32\injector.c C:\Users\hack
  er\source\repos\drltrace\drltrace_src\dynamorio\core\win32\inject.c C:\Users\hacker\source\repos\drltrace\drltrace_sr
  c\dynamorio\core\win32\ntdll.c C:\Users\hacker\source\repos\drltrace\drltrace_src\dynamorio\core\win32\inject_shared.
  c C:\Users\hacker\source\repos\drltrace\drltrace_src\dynamorio\core\win32\module_shared.c C:\Users\hacker\source\repo
  s\drltrace\drltrace_src\dynamorio\core\win32\ntdll_shared.c C:\Users\hacker\source\repos\drltrace\drltrace_src\dynamo
  rio\core\config.c C:\Users\hacker\source\repos\drltrace\drltrace_src\dynamorio\core\win32\os.c C:\Users\hacker\source
  \repos\drltrace\drltrace_src\dynamorio\core\io.c
  injector.c
  inject.c
  ntdll.c
  inject_shared.c
  module_shared.c
  ntdll_shared.c
  config.c
  os.c
  io.c
ResourceCompile:
  C:\Program Files (x86)\Windows Kits\10\bin\10.0.22621.0\x64\rc.exe /D WIN32 /D _DEBUG /D NOT_DYNAMORIO_CORE_PROPER /D
   RC_IS_DRINJECTLIB /D SHOW_SYMBOLS /D "CMAKE_INTDIR=\\\"Debug\\\"" /D drinjectlib_EXPORTS /l"0x0409" /IC:\Users\hacke
  r\source\repos\drltrace\drltrace_src\dynamorio\core\drlibc /IC:\Users\hacker\source\repos\drltrace\drltrace_src\dynam
  orio\core\arch\x86 /IC:\Users\hacker\source\repos\drltrace\drltrace_src\dynamorio\core\win32 /IC:\Users\hacker\source
  \repos\drltrace\drltrace_src\dynamorio\core\arch /IC:\Users\hacker\source\repos\drltrace\drltrace_src\dynamorio\core\
  lib /IC:\Users\hacker\source\repos\buildx64\dynamorio /IC:\Users\hacker\source\repos\buildx64\dynamorio\include\annot
  ations /nologo /fo"drinjectlib.dir\Debug\resources.res" C:\Users\hacker\source\repos\drltrace\drltrace_src\dynamorio\
  core\win32\resources.rc
Link:
  C:\Program Files\Microsoft Visual Studio\2022\Community\VC\Tools\MSVC\14.39.33519\bin\HostX64\x64\link.exe /ERRORREPO
  RT:QUEUE /OUT:"C:\Users\hacker\source\repos\buildx64\dynamorio\lib64\drinjectlib.dll" /INCREMENTAL /ILK:"drinjectlib.
  dir\Debug\drinjectlib.ilk" /NOLOGO ..\lib64\drdecode.lib ..\lib64\drlibc.lib ..\lib64\drdecode.lib libcmtd.lib libvcr
  untimed.lib libucrtd.lib ..\lib64\ntdll_imports.lib kernel32.lib advapi32.lib imagehlp.lib ..\lib64\drlibc.lib kernel
  32.lib user32.lib gdi32.lib winspool.lib shell32.lib ole32.lib oleaut32.lib uuid.lib comdlg32.lib advapi32.lib /NODEF
  AULTLIB /MANIFEST /MANIFESTUAC:"level='asInvoker' uiAccess='false'" /manifest:embed /DEBUG /PDB:"C:/Users/hacker/sour
  ce/repos/buildx64/dynamorio/lib64/drinjectlib.pdb" /SUBSYSTEM:CONSOLE /TLBID:1 /DYNAMICBASE /NXCOMPAT /IMPLIB:"C:/Use
  rs/hacker/source/repos/buildx64/dynamorio/lib64/drinjectlib.lib" /MACHINE:X64  /machine:x64 /subsystem:console,5.02 /
  opt:ref /opt:icf /pdbcompress /release /opt:ref /machine:X64 /incremental:no /subsystem:console /DLL drinjectlib.dir\
  Debug\resources.res
  drinjectlib.dir\Debug\injector.obj
  drinjectlib.dir\Debug\inject.obj
  drinjectlib.dir\Debug\ntdll.obj
  drinjectlib.dir\Debug\inject_shared.obj
  drinjectlib.dir\Debug\module_shared.obj
  drinjectlib.dir\Debug\ntdll_shared.obj
  drinjectlib.dir\Debug\config.obj
  drinjectlib.dir\Debug\os.obj
  drinjectlib.dir\Debug\io.obj
     Creating library C:/Users/hacker/source/repos/buildx64/dynamorio/lib64/drinjectlib.lib and object C:/Users/hacker/
  source/repos/buildx64/dynamorio/lib64/drinjectlib.exp
  drinjectlib.vcxproj -> C:\Users\hacker\source\repos\buildx64\dynamorio\lib64\drinjectlib.dll
PostBuildEvent:
  setlocal
  "C:\Program Files\CMake\bin\cmake.exe" -E copy C:/Users/hacker/source/repos/buildx64/dynamorio/lib64/drinjectlib.dll
  C:/Users/hacker/source/repos/buildx64/dynamorio/bin64/
  if %errorlevel% neq 0 goto :cmEnd
  :cmEnd
  endlocal & call :cmErrorLevel %errorlevel% & goto :cmDone
  :cmErrorLevel
  exit /b %1
  :cmDone
  if %errorlevel% neq 0 goto :VCEnd
  :VCEnd
FinalizeBuildStatus:
  Deleting file "drinjectlib.dir\Debug\drinjectlib.tlog\unsuccessfulbuild".
  Touching "drinjectlib.dir\Debug\drinjectlib.tlog\drinjectlib.lastbuildstate".
Done Building Project "C:\Users\hacker\source\repos\buildx64\dynamorio\core\drinjectlib.vcxproj" (default targets).

PrepareForBuild:
  Creating directory "X64\Debug\drinjectlib_copy_tgt\".
  Structured output is enabled. The formatting of compiler diagnostics will reflect the error hierarchy. See https://ak
  a.ms/cpp/structured-output for more details.
  Creating directory "X64\Debug\drinjectlib_copy_tgt\drinject.641A50D5.tlog\".
InitializeBuildStatus:
  Creating "X64\Debug\drinjectlib_copy_tgt\drinject.641A50D5.tlog\unsuccessfulbuild" because "AlwaysCreate" was specifi
  ed.
  Touching "X64\Debug\drinjectlib_copy_tgt\drinject.641A50D5.tlog\unsuccessfulbuild".
CustomBuild:
  "The build of 'C:\Users\hacker\source\repos\buildx64\CMakeFiles\3530dfb6d34837c6e6701b5788229546\drinjectlib_copy_tgt
  .rule' depends on 'C:\USERS\HACKER\SOURCE\REPOS\BUILDX64\BIN64\DRINJECTLIB.DLL' which is produced by the build of 'C:
  \Users\hacker\source\repos\buildx64\CMakeFiles\57bae78b7b2a27d9ece8d42809a4051f\drinjectlib.dll.rule'. The items cann
  ot be built in parallel."
  Generating bin64/drinjectlib.dll
  Building Custom Rule C:/Users/hacker/source/repos/drltrace/drltrace_src/CMakeLists.txt
FinalizeBuildStatus:
  Deleting file "X64\Debug\drinjectlib_copy_tgt\drinject.641A50D5.tlog\unsuccessfulbuild".
  Touching "X64\Debug\drinjectlib_copy_tgt\drinject.641A50D5.tlog\drinjectlib_copy_tgt.lastbuildstate".
Done Building Project "C:\Users\hacker\source\repos\buildx64\drinjectlib_copy_tgt.vcxproj" (default targets).

Project "C:\Users\hacker\source\repos\buildx64\ALL_BUILD.vcxproj" (1) is building "C:\Users\hacker\source\repos\buildx6
4\dynamorio\tools\DRcontrol.vcxproj" (19) on node 1 (default targets).
Project "C:\Users\hacker\source\repos\buildx64\dynamorio\tools\DRcontrol.vcxproj" (19) is building "C:\Users\hacker\sou
rce\repos\buildx64\dynamorio\libutil\policy_static.vcxproj" (20) on node 1 (default targets).
PrepareForBuild:
  Creating directory "policy_static.dir\Debug\".
  Structured output is enabled. The formatting of compiler diagnostics will reflect the error hierarchy. See https://ak
  a.ms/cpp/structured-output for more details.
  Creating directory "policy_static.dir\Debug\policy_static.tlog\".
InitializeBuildStatus:
  Creating "policy_static.dir\Debug\policy_static.tlog\unsuccessfulbuild" because "AlwaysCreate" was specified.
  Touching "policy_static.dir\Debug\policy_static.tlog\unsuccessfulbuild".
CustomBuild:
  Building Custom Rule C:/Users/hacker/source/repos/drltrace/drltrace_src/dynamorio/libutil/CMakeLists.txt
ClCompile:
  C:\Program Files\Microsoft Visual Studio\2022\Community\VC\Tools\MSVC\14.39.33519\bin\HostX64\x64\CL.exe /c /IC:\User
  s\hacker\source\repos\drltrace\drltrace_src\dynamorio\core\win32 /IC:\Users\hacker\source\repos\buildx64\dynamorio /I
  C:\Users\hacker\source\repos\drltrace\drltrace_src\dynamorio\core\arch\x86 /IC:\Users\hacker\source\repos\drltrace\dr
  ltrace_src\dynamorio\core\arch /IC:\Users\hacker\source\repos\drltrace\drltrace_src\dynamorio\core\lib /Zi /nologo /W
  4 /WX /diagnostics:column /MP /Od /D _UNICODE /D UNICODE /D NOT_DYNAMORIO_CORE /D SHOW_SYMBOLS /D NOT_DYNAMORIO_CORE_
  PROPER /D _CRT_SECURE_NO_WARNINGS /D UNICODE /D _UNICODE /D HOT_PATCHING_INTERFACE /D "CMAKE_INTDIR=\"Debug\"" /GF /M
  Td /GS- /fp:precise /Zc:wchar_t /Zc:forScope /Zc:inline /Fo"policy_static.dir\Debug\\" /Fd"C:\Users\hacker\source\rep
  os\buildx64\dynamorio\lib64\policy_static.pdb" /external:W4 /Gd /TC /wd4996 /wd4047 /wd4024 /wd4133 /wd4127 /wd4100 /
  wd4292 /wd4127 /wd4100 /errorReport:queue  /FS C:\Users\hacker\source\repos\drltrace\drltrace_src\dynamorio\libutil\s
  ervices.c C:\Users\hacker\source\repos\drltrace\drltrace_src\dynamorio\libutil\config.c C:\Users\hacker\source\repos\
  drltrace\drltrace_src\dynamorio\libutil\elm.c C:\Users\hacker\source\repos\drltrace\drltrace_src\dynamorio\libutil\pr
  ocesses.c C:\Users\hacker\source\repos\drltrace\drltrace_src\dynamorio\libutil\utils.c C:\Users\hacker\source\repos\d
  rltrace\drltrace_src\dynamorio\libutil\policy.c C:\Users\hacker\source\repos\drltrace\drltrace_src\dynamorio\libutil\
  parser.c C:\Users\hacker\source\repos\drltrace\drltrace_src\dynamorio\libutil\detach.c C:\Users\hacker\source\repos\d
  rltrace\drltrace_src\dynamorio\libutil\mfapi.c C:\Users\hacker\source\repos\drltrace\drltrace_src\dynamorio\core\opti
  ons.c C:\Users\hacker\source\repos\drltrace\drltrace_src\dynamorio\core\win32\inject_shared.c C:\Users\hacker\source\
  repos\drltrace\drltrace_src\dynamorio\core\win32\module_shared.c C:\Users\hacker\source\repos\drltrace\drltrace_src\d
  ynamorio\core\win32\ntdll_shared.c C:\Users\hacker\source\repos\drltrace\drltrace_src\dynamorio\core\win32\drmarker.c
   C:\Users\hacker\source\repos\drltrace\drltrace_src\dynamorio\core\io.c
  services.c
  config.c
  elm.c
  processes.c
  utils.c
  policy.c
  parser.c
  detach.c
  mfapi.c
  options.c
  inject_shared.c
  module_shared.c
  ntdll_shared.c
  drmarker.c
  io.c
Lib:
  C:\Program Files\Microsoft Visual Studio\2022\Community\VC\Tools\MSVC\14.39.33519\bin\HostX64\x64\Lib.exe /OUT:"C:\Us
  ers\hacker\source\repos\buildx64\dynamorio\lib64\policy_static.lib" /NOLOGO /MACHINE:X64  /machine:x64 policy_static.
  dir\Debug\services.obj
  policy_static.dir\Debug\config.obj
  policy_static.dir\Debug\elm.obj
  policy_static.dir\Debug\processes.obj
  policy_static.dir\Debug\utils.obj
  policy_static.dir\Debug\policy.obj
  policy_static.dir\Debug\parser.obj
  policy_static.dir\Debug\detach.obj
  policy_static.dir\Debug\mfapi.obj
  policy_static.dir\Debug\options.obj
  policy_static.dir\Debug\inject_shared.obj
  policy_static.dir\Debug\module_shared.obj
  policy_static.dir\Debug\ntdll_shared.obj
  policy_static.dir\Debug\drmarker.obj
  policy_static.dir\Debug\io.obj
  policy_static.vcxproj -> C:\Users\hacker\source\repos\buildx64\dynamorio\lib64\policy_static.lib
FinalizeBuildStatus:
  Deleting file "policy_static.dir\Debug\policy_static.tlog\unsuccessfulbuild".
  Touching "policy_static.dir\Debug\policy_static.tlog\policy_static.lastbuildstate".
Done Building Project "C:\Users\hacker\source\repos\buildx64\dynamorio\libutil\policy_static.vcxproj" (default targets)
.

PrepareForBuild:
  Creating directory "DRcontrol.dir\Debug\".
  Structured output is enabled. The formatting of compiler diagnostics will reflect the error hierarchy. See https://ak
  a.ms/cpp/structured-output for more details.
  Creating directory "DRcontrol.dir\Debug\DRcontrol.tlog\".
InitializeBuildStatus:
  Creating "DRcontrol.dir\Debug\DRcontrol.tlog\unsuccessfulbuild" because "AlwaysCreate" was specified.
  Touching "DRcontrol.dir\Debug\DRcontrol.tlog\unsuccessfulbuild".
CustomBuild:
  Building Custom Rule C:/Users/hacker/source/repos/drltrace/drltrace_src/dynamorio/tools/CMakeLists.txt
ClCompile:
  C:\Program Files\Microsoft Visual Studio\2022\Community\VC\Tools\MSVC\14.39.33519\bin\HostX64\x64\CL.exe /c /IC:\User
  s\hacker\source\repos\buildx64\dynamorio /IC:\Users\hacker\source\repos\drltrace\drltrace_src\dynamorio\libutil /IC:\
  Users\hacker\source\repos\drltrace\drltrace_src\dynamorio\core /IC:\Users\hacker\source\repos\drltrace\drltrace_src\d
  ynamorio\core\lib /Zi /nologo /W3 /WX /diagnostics:column /MP /Od /D _UNICODE /D UNICODE /D UNICODE /D _UNICODE /D RC
  _IS_DRcontrol /D SHOW_SYMBOLS /D NOT_DYNAMORIO_CORE /D WIN32 /D "CMAKE_INTDIR=\"Debug\"" /GF /MTd /GS- /fp:precise /Z
  c:wchar_t /Zc:forScope /Zc:inline /Fo"DRcontrol.dir\Debug\\" /Fd"DRcontrol.dir\Debug\vc143.pdb" /external:W3 /Gd /TC
  /wd4996 /errorReport:queue  /FS C:\Users\hacker\source\repos\drltrace\drltrace_src\dynamorio\tools\DRcontrol.c
  DRcontrol.c
ResourceCompile:
  C:\Program Files (x86)\Windows Kits\10\bin\10.0.22621.0\x64\rc.exe /D _UNICODE /D UNICODE /D WIN32 /D _DEBUG /D UNICO
  DE /D _UNICODE /D RC_IS_DRcontrol /D SHOW_SYMBOLS /D NOT_DYNAMORIO_CORE /D "CMAKE_INTDIR=\\\"Debug\\\"" /l"0x0409" /I
  C:\Users\hacker\source\repos\buildx64\dynamorio /IC:\Users\hacker\source\repos\drltrace\drltrace_src\dynamorio\libuti
  l /IC:\Users\hacker\source\repos\drltrace\drltrace_src\dynamorio\core /IC:\Users\hacker\source\repos\drltrace\drltrac
  e_src\dynamorio\core\lib /nologo /fo"DRcontrol.dir\Debug\resources.res" C:\Users\hacker\source\repos\drltrace\drltrac
  e_src\dynamorio\core\win32\resources.rc
Link:
  C:\Program Files\Microsoft Visual Studio\2022\Community\VC\Tools\MSVC\14.39.33519\bin\HostX64\x64\link.exe /ERRORREPO
  RT:QUEUE /OUT:"C:\Users\hacker\source\repos\buildx64\dynamorio\bin64\DRcontrol.exe" /INCREMENTAL /ILK:"DRcontrol.dir\
  Debug\DRcontrol.ilk" /NOLOGO ..\lib64\policy_static.lib user32.lib advapi32.lib pdh.lib imagehlp.lib shell32.lib kern
  el32.lib user32.lib gdi32.lib winspool.lib shell32.lib ole32.lib oleaut32.lib uuid.lib comdlg32.lib advapi32.lib /MAN
  IFEST /MANIFESTUAC:"level='asInvoker' uiAccess='false'" /manifest:embed /DEBUG /PDB:"C:/Users/hacker/source/repos/bui
  ldx64/dynamorio/bin64/DRcontrol.pdb" /SUBSYSTEM:CONSOLE /TLBID:1 /DYNAMICBASE /NXCOMPAT /IMPLIB:"C:/Users/hacker/sour
  ce/repos/buildx64/dynamorio/lib64/DRcontrol.lib" /MACHINE:X64  /machine:x64 /subsystem:console,5.02 /opt:ref /opt:icf
   /pdbcompress DRcontrol.dir\Debug\resources.res
  DRcontrol.dir\Debug\DRcontrol.obj
LINK : warning LNK4075: ignoring '/INCREMENTAL' due to '/OPT:ICF' specification [C:\Users\hacker\source\repos\buildx64\
dynamorio\tools\DRcontrol.vcxproj]
  DRcontrol.vcxproj -> C:\Users\hacker\source\repos\buildx64\dynamorio\bin64\DRcontrol.exe
FinalizeBuildStatus:
  Deleting file "DRcontrol.dir\Debug\DRcontrol.tlog\unsuccessfulbuild".
  Touching "DRcontrol.dir\Debug\DRcontrol.tlog\DRcontrol.lastbuildstate".
Done Building Project "C:\Users\hacker\source\repos\buildx64\dynamorio\tools\DRcontrol.vcxproj" (default targets).

Project "C:\Users\hacker\source\repos\buildx64\ALL_BUILD.vcxproj" (1) is building "C:\Users\hacker\source\repos\buildx6
4\dynamorio\tools\DRkill.vcxproj" (21) on node 1 (default targets).
PrepareForBuild:
  Creating directory "DRkill.dir\Debug\".
  Structured output is enabled. The formatting of compiler diagnostics will reflect the error hierarchy. See https://ak
  a.ms/cpp/structured-output for more details.
  Creating directory "DRkill.dir\Debug\DRkill.tlog\".
InitializeBuildStatus:
  Creating "DRkill.dir\Debug\DRkill.tlog\unsuccessfulbuild" because "AlwaysCreate" was specified.
  Touching "DRkill.dir\Debug\DRkill.tlog\unsuccessfulbuild".
CustomBuild:
  Building Custom Rule C:/Users/hacker/source/repos/drltrace/drltrace_src/dynamorio/tools/CMakeLists.txt
ClCompile:
  C:\Program Files\Microsoft Visual Studio\2022\Community\VC\Tools\MSVC\14.39.33519\bin\HostX64\x64\CL.exe /c /IC:\User
  s\hacker\source\repos\buildx64\dynamorio /IC:\Users\hacker\source\repos\drltrace\drltrace_src\dynamorio\libutil /IC:\
  Users\hacker\source\repos\drltrace\drltrace_src\dynamorio\core /IC:\Users\hacker\source\repos\drltrace\drltrace_src\d
  ynamorio\core\lib /Zi /nologo /W3 /WX /diagnostics:column /MP /Od /D _UNICODE /D UNICODE /D UNICODE /D _UNICODE /D RC
  _IS_DRkill /D SHOW_SYMBOLS /D NOT_DYNAMORIO_CORE /D WIN32 /D "CMAKE_INTDIR=\"Debug\"" /GF /MTd /GS- /fp:precise /Zc:w
  char_t /Zc:forScope /Zc:inline /Fo"DRkill.dir\Debug\\" /Fd"DRkill.dir\Debug\vc143.pdb" /external:W3 /Gd /TC /wd4996 /
  errorReport:queue  /FS C:\Users\hacker\source\repos\drltrace\drltrace_src\dynamorio\tools\DRkill.c
  DRkill.c
ResourceCompile:
  C:\Program Files (x86)\Windows Kits\10\bin\10.0.22621.0\x64\rc.exe /D _UNICODE /D UNICODE /D WIN32 /D _DEBUG /D UNICO
  DE /D _UNICODE /D RC_IS_DRkill /D SHOW_SYMBOLS /D NOT_DYNAMORIO_CORE /D "CMAKE_INTDIR=\\\"Debug\\\"" /l"0x0409" /IC:\
  Users\hacker\source\repos\buildx64\dynamorio /IC:\Users\hacker\source\repos\drltrace\drltrace_src\dynamorio\libutil /
  IC:\Users\hacker\source\repos\drltrace\drltrace_src\dynamorio\core /IC:\Users\hacker\source\repos\drltrace\drltrace_s
  rc\dynamorio\core\lib /nologo /fo"DRkill.dir\Debug\resources.res" C:\Users\hacker\source\repos\drltrace\drltrace_src\
  dynamorio\core\win32\resources.rc
Link:
  C:\Program Files\Microsoft Visual Studio\2022\Community\VC\Tools\MSVC\14.39.33519\bin\HostX64\x64\link.exe /ERRORREPO
  RT:QUEUE /OUT:"C:\Users\hacker\source\repos\buildx64\dynamorio\bin64\DRkill.exe" /INCREMENTAL /ILK:"DRkill.dir\Debug\
  DRkill.ilk" /NOLOGO ..\lib64\policy_static.lib user32.lib advapi32.lib pdh.lib imagehlp.lib shell32.lib kernel32.lib
  user32.lib gdi32.lib winspool.lib shell32.lib ole32.lib oleaut32.lib uuid.lib comdlg32.lib advapi32.lib /MANIFEST /MA
  NIFESTUAC:"level='asInvoker' uiAccess='false'" /manifest:embed /DEBUG /PDB:"C:/Users/hacker/source/repos/buildx64/dyn
  amorio/bin64/DRkill.pdb" /SUBSYSTEM:CONSOLE /TLBID:1 /DYNAMICBASE /NXCOMPAT /IMPLIB:"C:/Users/hacker/source/repos/bui
  ldx64/dynamorio/lib64/DRkill.lib" /MACHINE:X64  /machine:x64 /subsystem:console,5.02 /opt:ref /opt:icf /pdbcompress D
  Rkill.dir\Debug\resources.res
  DRkill.dir\Debug\DRkill.obj
LINK : warning LNK4075: ignoring '/INCREMENTAL' due to '/OPT:ICF' specification [C:\Users\hacker\source\repos\buildx64\
dynamorio\tools\DRkill.vcxproj]
  DRkill.vcxproj -> C:\Users\hacker\source\repos\buildx64\dynamorio\bin64\DRkill.exe
FinalizeBuildStatus:
  Deleting file "DRkill.dir\Debug\DRkill.tlog\unsuccessfulbuild".
  Touching "DRkill.dir\Debug\DRkill.tlog\DRkill.lastbuildstate".
Done Building Project "C:\Users\hacker\source\repos\buildx64\dynamorio\tools\DRkill.vcxproj" (default targets).

Project "C:\Users\hacker\source\repos\buildx64\ALL_BUILD.vcxproj" (1) is building "C:\Users\hacker\source\repos\buildx6
4\dynamorio\tools\DRload.vcxproj" (22) on node 1 (default targets).
PrepareForBuild:
  Creating directory "DRload.dir\Debug\".
  Structured output is enabled. The formatting of compiler diagnostics will reflect the error hierarchy. See https://ak
  a.ms/cpp/structured-output for more details.
  Creating directory "DRload.dir\Debug\DRload.tlog\".
InitializeBuildStatus:
  Creating "DRload.dir\Debug\DRload.tlog\unsuccessfulbuild" because "AlwaysCreate" was specified.
  Touching "DRload.dir\Debug\DRload.tlog\unsuccessfulbuild".
CustomBuild:
  Building Custom Rule C:/Users/hacker/source/repos/drltrace/drltrace_src/dynamorio/tools/CMakeLists.txt
ClCompile:
  C:\Program Files\Microsoft Visual Studio\2022\Community\VC\Tools\MSVC\14.39.33519\bin\HostX64\x64\CL.exe /c /IC:\User
  s\hacker\source\repos\buildx64\dynamorio /IC:\Users\hacker\source\repos\drltrace\drltrace_src\dynamorio\libutil /IC:\
  Users\hacker\source\repos\drltrace\drltrace_src\dynamorio\core /IC:\Users\hacker\source\repos\drltrace\drltrace_src\d
  ynamorio\core\lib /Zi /nologo /W3 /WX /diagnostics:column /MP /Od /D _UNICODE /D UNICODE /D UNICODE /D _UNICODE /D RC
  _IS_DRload /D SHOW_SYMBOLS /D NOT_DYNAMORIO_CORE /D WIN32 /D "CMAKE_INTDIR=\"Debug\"" /GF /MTd /GS- /fp:precise /Zc:w
  char_t /Zc:forScope /Zc:inline /Fo"DRload.dir\Debug\\" /Fd"DRload.dir\Debug\vc143.pdb" /external:W3 /Gd /TC /wd4996 /
  errorReport:queue  /FS C:\Users\hacker\source\repos\drltrace\drltrace_src\dynamorio\tools\DRload.c
  DRload.c
ResourceCompile:
  C:\Program Files (x86)\Windows Kits\10\bin\10.0.22621.0\x64\rc.exe /D _UNICODE /D UNICODE /D WIN32 /D _DEBUG /D UNICO
  DE /D _UNICODE /D RC_IS_DRload /D SHOW_SYMBOLS /D NOT_DYNAMORIO_CORE /D "CMAKE_INTDIR=\\\"Debug\\\"" /l"0x0409" /IC:\
  Users\hacker\source\repos\buildx64\dynamorio /IC:\Users\hacker\source\repos\drltrace\drltrace_src\dynamorio\libutil /
  IC:\Users\hacker\source\repos\drltrace\drltrace_src\dynamorio\core /IC:\Users\hacker\source\repos\drltrace\drltrace_s
  rc\dynamorio\core\lib /nologo /fo"DRload.dir\Debug\resources.res" C:\Users\hacker\source\repos\drltrace\drltrace_src\
  dynamorio\core\win32\resources.rc
Link:
  C:\Program Files\Microsoft Visual Studio\2022\Community\VC\Tools\MSVC\14.39.33519\bin\HostX64\x64\link.exe /ERRORREPO
  RT:QUEUE /OUT:"C:\Users\hacker\source\repos\buildx64\dynamorio\bin64\DRload.exe" /INCREMENTAL /ILK:"DRload.dir\Debug\
  DRload.ilk" /NOLOGO ..\lib64\policy_static.lib user32.lib advapi32.lib pdh.lib imagehlp.lib shell32.lib kernel32.lib
  user32.lib gdi32.lib winspool.lib shell32.lib ole32.lib oleaut32.lib uuid.lib comdlg32.lib advapi32.lib /MANIFEST /MA
  NIFESTUAC:"level='asInvoker' uiAccess='false'" /manifest:embed /DEBUG /PDB:"C:/Users/hacker/source/repos/buildx64/dyn
  amorio/bin64/DRload.pdb" /SUBSYSTEM:CONSOLE /TLBID:1 /DYNAMICBASE /NXCOMPAT /IMPLIB:"C:/Users/hacker/source/repos/bui
  ldx64/dynamorio/lib64/DRload.lib" /MACHINE:X64  /machine:x64 /subsystem:console,5.02 /opt:ref /opt:icf /pdbcompress D
  Rload.dir\Debug\resources.res
  DRload.dir\Debug\DRload.obj
LINK : warning LNK4075: ignoring '/INCREMENTAL' due to '/OPT:ICF' specification [C:\Users\hacker\source\repos\buildx64\
dynamorio\tools\DRload.vcxproj]
  DRload.vcxproj -> C:\Users\hacker\source\repos\buildx64\dynamorio\bin64\DRload.exe
FinalizeBuildStatus:
  Deleting file "DRload.dir\Debug\DRload.tlog\unsuccessfulbuild".
  Touching "DRload.dir\Debug\DRload.tlog\DRload.lastbuildstate".
Done Building Project "C:\Users\hacker\source\repos\buildx64\dynamorio\tools\DRload.vcxproj" (default targets).

Project "C:\Users\hacker\source\repos\buildx64\ALL_BUILD.vcxproj" (1) is building "C:\Users\hacker\source\repos\buildx6
4\dynamorio\tools\DRview.vcxproj" (23) on node 1 (default targets).
PrepareForBuild:
  Creating directory "DRview.dir\Debug\".
  Structured output is enabled. The formatting of compiler diagnostics will reflect the error hierarchy. See https://ak
  a.ms/cpp/structured-output for more details.
  Creating directory "DRview.dir\Debug\DRview.tlog\".
InitializeBuildStatus:
  Creating "DRview.dir\Debug\DRview.tlog\unsuccessfulbuild" because "AlwaysCreate" was specified.
  Touching "DRview.dir\Debug\DRview.tlog\unsuccessfulbuild".
CustomBuild:
  Building Custom Rule C:/Users/hacker/source/repos/drltrace/drltrace_src/dynamorio/tools/CMakeLists.txt
ClCompile:
  C:\Program Files\Microsoft Visual Studio\2022\Community\VC\Tools\MSVC\14.39.33519\bin\HostX64\x64\CL.exe /c /IC:\User
  s\hacker\source\repos\buildx64\dynamorio /IC:\Users\hacker\source\repos\drltrace\drltrace_src\dynamorio\libutil /IC:\
  Users\hacker\source\repos\drltrace\drltrace_src\dynamorio\core /IC:\Users\hacker\source\repos\drltrace\drltrace_src\d
  ynamorio\core\lib /Zi /nologo /W3 /WX /diagnostics:column /MP /Od /D _UNICODE /D UNICODE /D UNICODE /D _UNICODE /D RC
  _IS_DRview /D SHOW_SYMBOLS /D NOT_DYNAMORIO_CORE /D WIN32 /D "CMAKE_INTDIR=\"Debug\"" /GF /MTd /GS- /fp:precise /Zc:w
  char_t /Zc:forScope /Zc:inline /Fo"DRview.dir\Debug\\" /Fd"DRview.dir\Debug\vc143.pdb" /external:W3 /Gd /TC /wd4996 /
  errorReport:queue  /FS C:\Users\hacker\source\repos\drltrace\drltrace_src\dynamorio\tools\DRview.c
  DRview.c
ResourceCompile:
  C:\Program Files (x86)\Windows Kits\10\bin\10.0.22621.0\x64\rc.exe /D _UNICODE /D UNICODE /D WIN32 /D _DEBUG /D UNICO
  DE /D _UNICODE /D RC_IS_DRview /D SHOW_SYMBOLS /D NOT_DYNAMORIO_CORE /D "CMAKE_INTDIR=\\\"Debug\\\"" /l"0x0409" /IC:\
  Users\hacker\source\repos\buildx64\dynamorio /IC:\Users\hacker\source\repos\drltrace\drltrace_src\dynamorio\libutil /
  IC:\Users\hacker\source\repos\drltrace\drltrace_src\dynamorio\core /IC:\Users\hacker\source\repos\drltrace\drltrace_s
  rc\dynamorio\core\lib /nologo /fo"DRview.dir\Debug\resources.res" C:\Users\hacker\source\repos\drltrace\drltrace_src\
  dynamorio\core\win32\resources.rc
Link:
  C:\Program Files\Microsoft Visual Studio\2022\Community\VC\Tools\MSVC\14.39.33519\bin\HostX64\x64\link.exe /ERRORREPO
  RT:QUEUE /OUT:"C:\Users\hacker\source\repos\buildx64\dynamorio\bin64\DRview.exe" /INCREMENTAL /ILK:"DRview.dir\Debug\
  DRview.ilk" /NOLOGO ..\lib64\policy_static.lib user32.lib advapi32.lib pdh.lib imagehlp.lib shell32.lib kernel32.lib
  user32.lib gdi32.lib winspool.lib shell32.lib ole32.lib oleaut32.lib uuid.lib comdlg32.lib advapi32.lib /MANIFEST /MA
  NIFESTUAC:"level='asInvoker' uiAccess='false'" /manifest:embed /DEBUG /PDB:"C:/Users/hacker/source/repos/buildx64/dyn
  amorio/bin64/DRview.pdb" /SUBSYSTEM:CONSOLE /TLBID:1 /DYNAMICBASE /NXCOMPAT /IMPLIB:"C:/Users/hacker/source/repos/bui
  ldx64/dynamorio/lib64/DRview.lib" /MACHINE:X64  /machine:x64 /subsystem:console,5.02 /opt:ref /opt:icf /pdbcompress D
  Rview.dir\Debug\resources.res
  DRview.dir\Debug\DRview.obj
LINK : warning LNK4075: ignoring '/INCREMENTAL' due to '/OPT:ICF' specification [C:\Users\hacker\source\repos\buildx64\
dynamorio\tools\DRview.vcxproj]
  DRview.vcxproj -> C:\Users\hacker\source\repos\buildx64\dynamorio\bin64\DRview.exe
FinalizeBuildStatus:
  Deleting file "DRview.dir\Debug\DRview.tlog\unsuccessfulbuild".
  Touching "DRview.dir\Debug\DRview.tlog\DRview.lastbuildstate".
Done Building Project "C:\Users\hacker\source\repos\buildx64\dynamorio\tools\DRview.vcxproj" (default targets).

Project "C:\Users\hacker\source\repos\buildx64\ALL_BUILD.vcxproj" (1) is building "C:\Users\hacker\source\repos\buildx6
4\dynamorio\tools\balloon.vcxproj" (24) on node 1 (default targets).
PrepareForBuild:
  Creating directory "balloon.dir\Debug\".
  Structured output is enabled. The formatting of compiler diagnostics will reflect the error hierarchy. See https://ak
  a.ms/cpp/structured-output for more details.
  Creating directory "balloon.dir\Debug\balloon.tlog\".
InitializeBuildStatus:
  Creating "balloon.dir\Debug\balloon.tlog\unsuccessfulbuild" because "AlwaysCreate" was specified.
  Touching "balloon.dir\Debug\balloon.tlog\unsuccessfulbuild".
CustomBuild:
  Building Custom Rule C:/Users/hacker/source/repos/drltrace/drltrace_src/dynamorio/tools/CMakeLists.txt
ClCompile:
  C:\Program Files\Microsoft Visual Studio\2022\Community\VC\Tools\MSVC\14.39.33519\bin\HostX64\x64\CL.exe /c /IC:\User
  s\hacker\source\repos\buildx64\dynamorio /IC:\Users\hacker\source\repos\drltrace\drltrace_src\dynamorio\libutil /IC:\
  Users\hacker\source\repos\drltrace\drltrace_src\dynamorio\core /IC:\Users\hacker\source\repos\drltrace\drltrace_src\d
  ynamorio\core\lib /Zi /nologo /W3 /WX /diagnostics:column /MP /Od /D _UNICODE /D UNICODE /D UNICODE /D _UNICODE /D RC
  _IS_balloon /D SHOW_SYMBOLS /D NOT_DYNAMORIO_CORE /D WIN32 /D "CMAKE_INTDIR=\"Debug\"" /GF /MTd /GS- /fp:precise /Zc:
  wchar_t /Zc:forScope /Zc:inline /Fo"balloon.dir\Debug\\" /Fd"balloon.dir\Debug\vc143.pdb" /external:W3 /Gd /TC /wd499
  6 /errorReport:queue  /FS C:\Users\hacker\source\repos\drltrace\drltrace_src\dynamorio\tools\balloon.c
  balloon.c
ResourceCompile:
  C:\Program Files (x86)\Windows Kits\10\bin\10.0.22621.0\x64\rc.exe /D _UNICODE /D UNICODE /D WIN32 /D _DEBUG /D UNICO
  DE /D _UNICODE /D RC_IS_balloon /D SHOW_SYMBOLS /D NOT_DYNAMORIO_CORE /D "CMAKE_INTDIR=\\\"Debug\\\"" /l"0x0409" /IC:
  \Users\hacker\source\repos\buildx64\dynamorio /IC:\Users\hacker\source\repos\drltrace\drltrace_src\dynamorio\libutil
  /IC:\Users\hacker\source\repos\drltrace\drltrace_src\dynamorio\core /IC:\Users\hacker\source\repos\drltrace\drltrace_
  src\dynamorio\core\lib /nologo /fo"balloon.dir\Debug\resources.res" C:\Users\hacker\source\repos\drltrace\drltrace_sr
  c\dynamorio\core\win32\resources.rc
Link:
  C:\Program Files\Microsoft Visual Studio\2022\Community\VC\Tools\MSVC\14.39.33519\bin\HostX64\x64\link.exe /ERRORREPO
  RT:QUEUE /OUT:"C:\Users\hacker\source\repos\buildx64\dynamorio\bin64\balloon.exe" /INCREMENTAL /ILK:"balloon.dir\Debu
  g\balloon.ilk" /NOLOGO ..\lib64\policy_static.lib user32.lib advapi32.lib pdh.lib imagehlp.lib shell32.lib kernel32.l
  ib user32.lib gdi32.lib winspool.lib shell32.lib ole32.lib oleaut32.lib uuid.lib comdlg32.lib advapi32.lib /MANIFEST
  /MANIFESTUAC:"level='asInvoker' uiAccess='false'" /manifest:embed /DEBUG /PDB:"C:/Users/hacker/source/repos/buildx64/
  dynamorio/bin64/balloon.pdb" /SUBSYSTEM:CONSOLE /TLBID:1 /DYNAMICBASE /NXCOMPAT /IMPLIB:"C:/Users/hacker/source/repos
  /buildx64/dynamorio/lib64/balloon.lib" /MACHINE:X64  /machine:x64 /subsystem:console,5.02 /opt:ref /opt:icf /pdbcompr
  ess balloon.dir\Debug\resources.res
  balloon.dir\Debug\balloon.obj
LINK : warning LNK4075: ignoring '/INCREMENTAL' due to '/OPT:ICF' specification [C:\Users\hacker\source\repos\buildx64\
dynamorio\tools\balloon.vcxproj]
  balloon.vcxproj -> C:\Users\hacker\source\repos\buildx64\dynamorio\bin64\balloon.exe
FinalizeBuildStatus:
  Deleting file "balloon.dir\Debug\balloon.tlog\unsuccessfulbuild".
  Touching "balloon.dir\Debug\balloon.tlog\balloon.lastbuildstate".
Done Building Project "C:\Users\hacker\source\repos\buildx64\dynamorio\tools\balloon.vcxproj" (default targets).

Project "C:\Users\hacker\source\repos\buildx64\ALL_BUILD.vcxproj" (1) is building "C:\Users\hacker\source\repos\buildx6
4\dynamorio\api\samples\bbbuf.vcxproj" (25) on node 1 (default targets).
Project "C:\Users\hacker\source\repos\buildx64\dynamorio\api\samples\bbbuf.vcxproj" (25) is building "C:\Users\hacker\s
ource\repos\buildx64\dynamorio\ext\drcontainers\drcontainers.vcxproj" (26) on node 1 (default targets).
PrepareForBuild:
  Creating directory "drcontainers.dir\Debug\".
  Structured output is enabled. The formatting of compiler diagnostics will reflect the error hierarchy. See https://ak
  a.ms/cpp/structured-output for more details.
  Creating directory "drcontainers.dir\Debug\drcontainers.tlog\".
InitializeBuildStatus:
  Creating "drcontainers.dir\Debug\drcontainers.tlog\unsuccessfulbuild" because "AlwaysCreate" was specified.
  Touching "drcontainers.dir\Debug\drcontainers.tlog\unsuccessfulbuild".
CustomBuild:
  Building Custom Rule C:/Users/hacker/source/repos/drltrace/drltrace_src/dynamorio/ext/drcontainers/CMakeLists.txt
ClCompile:
  C:\Program Files\Microsoft Visual Studio\2022\Community\VC\Tools\MSVC\14.39.33519\bin\HostX64\x64\CL.exe /c /IC:\User
  s\hacker\source\repos\buildx64\dynamorio /IC:\Users\hacker\source\repos\buildx64\dynamorio\cmake\..\include /IC:\User
  s\hacker\source\repos\drltrace\drltrace_src\dynamorio\ext\drcontainers\ext\lib64\debug /IC:\Users\hacker\source\repos
  \drltrace\drltrace_src\dynamorio\core\lib /Zi /nologo /W4 /WX /diagnostics:column /MP /Od /D _MBCS /D DEBUG /D X64 /D
   X86_64 /D WINDOWS /D RC_IS_drcontainers /D SHOW_SYMBOLS /D _CRT_SECURE_NO_WARNINGS /D "CMAKE_INTDIR=\"Debug\"" /GF /
  MTd /GS- /fp:precise /Zc:wchar_t /Zc:forScope /Zc:inline /Fo"drcontainers.dir\Debug\\" /Fd"C:\Users\hacker\source\rep
  os\buildx64\dynamorio\ext\lib64\debug\drcontainers.pdb" /external:W4 /Gd /TC /wd4100 /wd4127 /wd4054 /errorReport:que
  ue  /FS C:\Users\hacker\source\repos\drltrace\drltrace_src\dynamorio\ext\drcontainers\hashtable.c C:\Users\hacker\sou
  rce\repos\drltrace\drltrace_src\dynamorio\ext\drcontainers\drvector.c C:\Users\hacker\source\repos\drltrace\drltrace_
  src\dynamorio\ext\drcontainers\drtable.c
  hashtable.c
  drvector.c
  drtable.c
Lib:
  C:\Program Files\Microsoft Visual Studio\2022\Community\VC\Tools\MSVC\14.39.33519\bin\HostX64\x64\Lib.exe /OUT:"C:\Us
  ers\hacker\source\repos\buildx64\dynamorio\ext\lib64\debug\drcontainers.lib" /NOLOGO /MACHINE:X64  /machine:x64 drcon
  tainers.dir\Debug\hashtable.obj
  drcontainers.dir\Debug\drvector.obj
  drcontainers.dir\Debug\drtable.obj
  drcontainers.vcxproj -> C:\Users\hacker\source\repos\buildx64\dynamorio\ext\lib64\debug\drcontainers.lib
FinalizeBuildStatus:
  Deleting file "drcontainers.dir\Debug\drcontainers.tlog\unsuccessfulbuild".
  Touching "drcontainers.dir\Debug\drcontainers.tlog\drcontainers.lastbuildstate".
Done Building Project "C:\Users\hacker\source\repos\buildx64\dynamorio\ext\drcontainers\drcontainers.vcxproj" (default
targets).

Project "C:\Users\hacker\source\repos\buildx64\dynamorio\api\samples\bbbuf.vcxproj" (25) is building "C:\Users\hacker\s
ource\repos\buildx64\dynamorio\ext\drmgr\drmgr.vcxproj" (27) on node 1 (default targets).
PrepareForBuild:
  Creating directory "drmgr.dir\Debug\".
  Structured output is enabled. The formatting of compiler diagnostics will reflect the error hierarchy. See https://ak
  a.ms/cpp/structured-output for more details.
  Creating directory "drmgr.dir\Debug\drmgr.tlog\".
InitializeBuildStatus:
  Creating "drmgr.dir\Debug\drmgr.tlog\unsuccessfulbuild" because "AlwaysCreate" was specified.
  Touching "drmgr.dir\Debug\drmgr.tlog\unsuccessfulbuild".
CustomBuild:
  Building Custom Rule C:/Users/hacker/source/repos/drltrace/drltrace_src/dynamorio/ext/drmgr/CMakeLists.txt
ClCompile:
  C:\Program Files\Microsoft Visual Studio\2022\Community\VC\Tools\MSVC\14.39.33519\bin\HostX64\x64\CL.exe /c /IC:\User
  s\hacker\source\repos\buildx64\dynamorio /IC:\Users\hacker\source\repos\buildx64\dynamorio\cmake\..\include /IC:\User
  s\hacker\source\repos\drltrace\drltrace_src\dynamorio\ext\drmgr\ext\lib64\debug /IC:\Users\hacker\source\repos\drltra
  ce\drltrace_src\dynamorio\core\lib /Zi /nologo /W4 /WX /diagnostics:column /MP /Od /D _WINDLL /D _MBCS /D DEBUG /D X6
  4 /D X86_64 /D WINDOWS /D RC_IS_drmgr /D SHOW_SYMBOLS /D _CRT_SECURE_NO_WARNINGS /D "CMAKE_INTDIR=\"Debug\"" /D drmgr
  _EXPORTS /GF /MTd /GS- /fp:precise /Zc:wchar_t /Zc:forScope /Zc:inline /Fo"drmgr.dir\Debug\\" /Fd"drmgr.dir\Debug\vc1
  43.pdb" /external:W4 /Gd /TC /wd4100 /wd4127 /wd4054 /errorReport:queue  /FS C:\Users\hacker\source\repos\drltrace\dr
  ltrace_src\dynamorio\ext\drmgr\drmgr.c
  drmgr.c
ResourceCompile:
  C:\Program Files (x86)\Windows Kits\10\bin\10.0.22621.0\x64\rc.exe /D WIN32 /D _DEBUG /D DEBUG /D X64 /D X86_64 /D WI
  NDOWS /D RC_IS_drmgr /D SHOW_SYMBOLS /D _CRT_SECURE_NO_WARNINGS /D "CMAKE_INTDIR=\\\"Debug\\\"" /D drmgr_EXPORTS /l"0
  x0409" /IC:\Users\hacker\source\repos\buildx64\dynamorio /IC:\Users\hacker\source\repos\buildx64\dynamorio\cmake\..\i
  nclude /IC:\Users\hacker\source\repos\drltrace\drltrace_src\dynamorio\ext\drmgr\ext\lib64\debug /IC:\Users\hacker\sou
  rce\repos\drltrace\drltrace_src\dynamorio\core\lib /nologo /fo"drmgr.dir\Debug\resources.res" C:\Users\hacker\source\
  repos\drltrace\drltrace_src\dynamorio\core\win32\resources.rc
C:\Users\hacker\source\repos\buildx64\dynamorio\configure.h(52): warning RC4005: 'X64' : redefinition [C:\Users\hacker\
source\repos\buildx64\dynamorio\ext\drmgr\drmgr.vcxproj]

Link:
  C:\Program Files\Microsoft Visual Studio\2022\Community\VC\Tools\MSVC\14.39.33519\bin\HostX64\x64\link.exe /ERRORREPO
  RT:QUEUE /OUT:"C:\Users\hacker\source\repos\buildx64\dynamorio\ext\lib64\debug\drmgr.dll" /INCREMENTAL /ILK:"drmgr.di
  r\Debug\drmgr.ilk" /NOLOGO ..\..\lib64\debug\dynamorio.lib kernel32.lib user32.lib gdi32.lib winspool.lib shell32.lib
   ole32.lib oleaut32.lib uuid.lib comdlg32.lib advapi32.lib /MANIFEST /MANIFESTUAC:"level='asInvoker' uiAccess='false'
  " /manifest:embed /DEBUG /PDB:"C:/Users/hacker/source/repos/buildx64/dynamorio/ext/lib64/debug/drmgr.pdb" /SUBSYSTEM:
  CONSOLE /TLBID:1 /DYNAMICBASE /NXCOMPAT /IMPLIB:"C:/Users/hacker/source/repos/buildx64/dynamorio/ext/lib64/debug/drmg
  r.lib" /MACHINE:X64  /machine:x64 /subsystem:console,5.02 /opt:ref /opt:icf /pdbcompress /opt:ref /opt:icf /pdbcompre
  ss /nodefaultlib /noentry /base:0x73000000 /dynamicbase:no /DLL drmgr.dir\Debug\resources.res
  drmgr.dir\Debug\drmgr.obj
LINK : warning LNK4075: ignoring '/INCREMENTAL' due to '/OPT:ICF' specification [C:\Users\hacker\source\repos\buildx64\
dynamorio\ext\drmgr\drmgr.vcxproj]
     Creating library C:/Users/hacker/source/repos/buildx64/dynamorio/ext/lib64/debug/drmgr.lib and object C:/Users/hac
  ker/source/repos/buildx64/dynamorio/ext/lib64/debug/drmgr.exp
LINK : warning LNK4281: undesirable base address 0x73000000 for x64 image; set base address above 4GB for best ASLR opt
imization [C:\Users\hacker\source\repos\buildx64\dynamorio\ext\drmgr\drmgr.vcxproj]
  drmgr.vcxproj -> C:\Users\hacker\source\repos\buildx64\dynamorio\ext\lib64\debug\drmgr.dll
FinalizeBuildStatus:
  Deleting file "drmgr.dir\Debug\drmgr.tlog\unsuccessfulbuild".
  Touching "drmgr.dir\Debug\drmgr.tlog\drmgr.lastbuildstate".
Done Building Project "C:\Users\hacker\source\repos\buildx64\dynamorio\ext\drmgr\drmgr.vcxproj" (default targets).

Project "C:\Users\hacker\source\repos\buildx64\dynamorio\api\samples\bbbuf.vcxproj" (25) is building "C:\Users\hacker\s
ource\repos\buildx64\dynamorio\ext\drreg\drreg.vcxproj" (28) on node 1 (default targets).
PrepareForBuild:
  Creating directory "drreg.dir\Debug\".
  Structured output is enabled. The formatting of compiler diagnostics will reflect the error hierarchy. See https://ak
  a.ms/cpp/structured-output for more details.
  Creating directory "drreg.dir\Debug\drreg.tlog\".
InitializeBuildStatus:
  Creating "drreg.dir\Debug\drreg.tlog\unsuccessfulbuild" because "AlwaysCreate" was specified.
  Touching "drreg.dir\Debug\drreg.tlog\unsuccessfulbuild".
CustomBuild:
  Building Custom Rule C:/Users/hacker/source/repos/drltrace/drltrace_src/dynamorio/ext/drreg/CMakeLists.txt
ClCompile:
  C:\Program Files\Microsoft Visual Studio\2022\Community\VC\Tools\MSVC\14.39.33519\bin\HostX64\x64\CL.exe /c /IC:\User
  s\hacker\source\repos\buildx64\dynamorio /IC:\Users\hacker\source\repos\buildx64\dynamorio\cmake\..\include /IC:\User
  s\hacker\source\repos\drltrace\drltrace_src\dynamorio\ext\drreg\ext\lib64\debug /IC:\Users\hacker\source\repos\drltra
  ce\drltrace_src\dynamorio\core\lib /IC:\Users\hacker\source\repos\buildx64\dynamorio\ext\include /Zi /nologo /W4 /WX
  /diagnostics:column /MP /Od /D _WINDLL /D _MBCS /D DEBUG /D X64 /D X86_64 /D WINDOWS /D RC_IS_drreg /D SHOW_SYMBOLS /
  D _CRT_SECURE_NO_WARNINGS /D "CMAKE_INTDIR=\"Debug\"" /D drreg_EXPORTS /GF /MTd /GS- /fp:precise /Zc:wchar_t /Zc:forS
  cope /Zc:inline /Fo"drreg.dir\Debug\\" /Fd"drreg.dir\Debug\vc143.pdb" /external:W4 /Gd /TC /wd4100 /wd4127 /wd4054 /e
  rrorReport:queue  /FS C:\Users\hacker\source\repos\drltrace\drltrace_src\dynamorio\ext\drreg\drreg.c
  drreg.c
ResourceCompile:
  C:\Program Files (x86)\Windows Kits\10\bin\10.0.22621.0\x64\rc.exe /D WIN32 /D _DEBUG /D DEBUG /D X64 /D X86_64 /D WI
  NDOWS /D RC_IS_drreg /D SHOW_SYMBOLS /D _CRT_SECURE_NO_WARNINGS /D "CMAKE_INTDIR=\\\"Debug\\\"" /D drreg_EXPORTS /l"0
  x0409" /IC:\Users\hacker\source\repos\buildx64\dynamorio /IC:\Users\hacker\source\repos\buildx64\dynamorio\cmake\..\i
  nclude /IC:\Users\hacker\source\repos\drltrace\drltrace_src\dynamorio\ext\drreg\ext\lib64\debug /IC:\Users\hacker\sou
  rce\repos\drltrace\drltrace_src\dynamorio\core\lib /IC:\Users\hacker\source\repos\buildx64\dynamorio\ext\include /nol
  ogo /fo"drreg.dir\Debug\resources.res" C:\Users\hacker\source\repos\drltrace\drltrace_src\dynamorio\core\win32\resour
  ces.rc
C:\Users\hacker\source\repos\buildx64\dynamorio\configure.h(52): warning RC4005: 'X64' : redefinition [C:\Users\hacker\
source\repos\buildx64\dynamorio\ext\drreg\drreg.vcxproj]

Link:
  C:\Program Files\Microsoft Visual Studio\2022\Community\VC\Tools\MSVC\14.39.33519\bin\HostX64\x64\link.exe /ERRORREPO
  RT:QUEUE /OUT:"C:\Users\hacker\source\repos\buildx64\dynamorio\ext\lib64\debug\drreg.dll" /INCREMENTAL /ILK:"drreg.di
  r\Debug\drreg.ilk" /NOLOGO ..\lib64\debug\drcontainers.lib ..\lib64\debug\drmgr.lib ..\..\lib64\debug\dynamorio.lib k
  ernel32.lib user32.lib gdi32.lib winspool.lib shell32.lib ole32.lib oleaut32.lib uuid.lib comdlg32.lib advapi32.lib /
  MANIFEST /MANIFESTUAC:"level='asInvoker' uiAccess='false'" /manifest:embed /DEBUG /PDB:"C:/Users/hacker/source/repos/
  buildx64/dynamorio/ext/lib64/debug/drreg.pdb" /SUBSYSTEM:CONSOLE /TLBID:1 /DYNAMICBASE /NXCOMPAT /IMPLIB:"C:/Users/ha
  cker/source/repos/buildx64/dynamorio/ext/lib64/debug/drreg.lib" /MACHINE:X64  /machine:x64 /subsystem:console,5.02 /o
  pt:ref /opt:icf /pdbcompress /opt:ref /opt:icf /pdbcompress /nodefaultlib /noentry /base:0x78000000 /dynamicbase:no /
  DLL drreg.dir\Debug\resources.res
  drreg.dir\Debug\drreg.obj
LINK : warning LNK4075: ignoring '/INCREMENTAL' due to '/OPT:ICF' specification [C:\Users\hacker\source\repos\buildx64\
dynamorio\ext\drreg\drreg.vcxproj]
     Creating library C:/Users/hacker/source/repos/buildx64/dynamorio/ext/lib64/debug/drreg.lib and object C:/Users/hac
  ker/source/repos/buildx64/dynamorio/ext/lib64/debug/drreg.exp
LINK : warning LNK4281: undesirable base address 0x78000000 for x64 image; set base address above 4GB for best ASLR opt
imization [C:\Users\hacker\source\repos\buildx64\dynamorio\ext\drreg\drreg.vcxproj]
  drreg.vcxproj -> C:\Users\hacker\source\repos\buildx64\dynamorio\ext\lib64\debug\drreg.dll
FinalizeBuildStatus:
  Deleting file "drreg.dir\Debug\drreg.tlog\unsuccessfulbuild".
  Touching "drreg.dir\Debug\drreg.tlog\drreg.lastbuildstate".
Done Building Project "C:\Users\hacker\source\repos\buildx64\dynamorio\ext\drreg\drreg.vcxproj" (default targets).

Project "C:\Users\hacker\source\repos\buildx64\dynamorio\api\samples\bbbuf.vcxproj" (25) is building "C:\Users\hacker\s
ource\repos\buildx64\dynamorio\ext\drx\drx.vcxproj" (29) on node 1 (default targets).
PrepareForBuild:
  Creating directory "drx.dir\Debug\".
  Structured output is enabled. The formatting of compiler diagnostics will reflect the error hierarchy. See https://ak
  a.ms/cpp/structured-output for more details.
  Creating directory "drx.dir\Debug\drx.tlog\".
InitializeBuildStatus:
  Creating "drx.dir\Debug\drx.tlog\unsuccessfulbuild" because "AlwaysCreate" was specified.
  Touching "drx.dir\Debug\drx.tlog\unsuccessfulbuild".
CustomBuild:
  Building Custom Rule C:/Users/hacker/source/repos/drltrace/drltrace_src/dynamorio/ext/drx/CMakeLists.txt
ClCompile:
  C:\Program Files\Microsoft Visual Studio\2022\Community\VC\Tools\MSVC\14.39.33519\bin\HostX64\x64\CL.exe /c /IC:\User
  s\hacker\source\repos\buildx64\dynamorio /IC:\Users\hacker\source\repos\buildx64\dynamorio\cmake\..\include /IC:\User
  s\hacker\source\repos\drltrace\drltrace_src\dynamorio\ext\drx\ext\lib64\debug /IC:\Users\hacker\source\repos\drltrace
  \drltrace_src\dynamorio\core\lib /IC:\Users\hacker\source\repos\buildx64\dynamorio\ext\include /Zi /nologo /W4 /WX /d
  iagnostics:column /MP /Od /D _WINDLL /D _MBCS /D DEBUG /D X64 /D X86_64 /D WINDOWS /D RC_IS_drx /D SHOW_SYMBOLS /D _C
  RT_SECURE_NO_WARNINGS /D "CMAKE_INTDIR=\"Debug\"" /D drx_EXPORTS /GF /MTd /GS- /fp:precise /Zc:wchar_t /Zc:forScope /
  Zc:inline /Fo"drx.dir\Debug\\" /Fd"drx.dir\Debug\vc143.pdb" /external:W4 /Gd /TC /wd4100 /wd4127 /wd4054 /errorReport
  :queue  /FS C:\Users\hacker\source\repos\drltrace\drltrace_src\dynamorio\ext\drx\drx.c C:\Users\hacker\source\repos\d
  rltrace\drltrace_src\dynamorio\ext\drx\drx_buf.c
  drx.c
  drx_buf.c
ResourceCompile:
  C:\Program Files (x86)\Windows Kits\10\bin\10.0.22621.0\x64\rc.exe /D WIN32 /D _DEBUG /D DEBUG /D X64 /D X86_64 /D WI
  NDOWS /D RC_IS_drx /D SHOW_SYMBOLS /D _CRT_SECURE_NO_WARNINGS /D "CMAKE_INTDIR=\\\"Debug\\\"" /D drx_EXPORTS /l"0x040
  9" /IC:\Users\hacker\source\repos\buildx64\dynamorio /IC:\Users\hacker\source\repos\buildx64\dynamorio\cmake\..\inclu
  de /IC:\Users\hacker\source\repos\drltrace\drltrace_src\dynamorio\ext\drx\ext\lib64\debug /IC:\Users\hacker\source\re
  pos\drltrace\drltrace_src\dynamorio\core\lib /IC:\Users\hacker\source\repos\buildx64\dynamorio\ext\include /nologo /f
  o"drx.dir\Debug\resources.res" C:\Users\hacker\source\repos\drltrace\drltrace_src\dynamorio\core\win32\resources.rc
C:\Users\hacker\source\repos\buildx64\dynamorio\configure.h(52): warning RC4005: 'X64' : redefinition [C:\Users\hacker\
source\repos\buildx64\dynamorio\ext\drx\drx.vcxproj]

Link:
  C:\Program Files\Microsoft Visual Studio\2022\Community\VC\Tools\MSVC\14.39.33519\bin\HostX64\x64\link.exe /ERRORREPO
  RT:QUEUE /OUT:"C:\Users\hacker\source\repos\buildx64\dynamorio\ext\lib64\debug\drx.dll" /INCREMENTAL /ILK:"drx.dir\De
  bug\drx.ilk" /NOLOGO ..\lib64\debug\drcontainers.lib ..\lib64\debug\drreg.lib ..\lib64\debug\drmgr.lib ..\..\lib64\nt
  dll_imports.lib ..\lib64\debug\drcontainers.lib ..\..\lib64\debug\dynamorio.lib kernel32.lib user32.lib gdi32.lib win
  spool.lib shell32.lib ole32.lib oleaut32.lib uuid.lib comdlg32.lib advapi32.lib /MANIFEST /MANIFESTUAC:"level='asInvo
  ker' uiAccess='false'" /manifest:embed /DEBUG /PDB:"C:/Users/hacker/source/repos/buildx64/dynamorio/ext/lib64/debug/d
  rx.pdb" /SUBSYSTEM:CONSOLE /TLBID:1 /DYNAMICBASE /NXCOMPAT /IMPLIB:"C:/Users/hacker/source/repos/buildx64/dynamorio/e
  xt/lib64/debug/drx.lib" /MACHINE:X64  /machine:x64 /subsystem:console,5.02 /opt:ref /opt:icf /pdbcompress /opt:ref /o
  pt:icf /pdbcompress /nodefaultlib /noentry /base:0x77000000 /dynamicbase:no /DLL drx.dir\Debug\resources.res
  drx.dir\Debug\drx.obj
  drx.dir\Debug\drx_buf.obj
LINK : warning LNK4075: ignoring '/INCREMENTAL' due to '/OPT:ICF' specification [C:\Users\hacker\source\repos\buildx64\
dynamorio\ext\drx\drx.vcxproj]
     Creating library C:/Users/hacker/source/repos/buildx64/dynamorio/ext/lib64/debug/drx.lib and object C:/Users/hacke
  r/source/repos/buildx64/dynamorio/ext/lib64/debug/drx.exp
LINK : warning LNK4281: undesirable base address 0x77000000 for x64 image; set base address above 4GB for best ASLR opt
imization [C:\Users\hacker\source\repos\buildx64\dynamorio\ext\drx\drx.vcxproj]
  drx.vcxproj -> C:\Users\hacker\source\repos\buildx64\dynamorio\ext\lib64\debug\drx.dll
FinalizeBuildStatus:
  Deleting file "drx.dir\Debug\drx.tlog\unsuccessfulbuild".
  Touching "drx.dir\Debug\drx.tlog\drx.lastbuildstate".
Done Building Project "C:\Users\hacker\source\repos\buildx64\dynamorio\ext\drx\drx.vcxproj" (default targets).

PrepareForBuild:
  Creating directory "bbbuf.dir\Debug\".
  Structured output is enabled. The formatting of compiler diagnostics will reflect the error hierarchy. See https://ak
  a.ms/cpp/structured-output for more details.
  Creating directory "C:\Users\hacker\source\repos\buildx64\dynamorio\api\bin\".
  Creating directory "bbbuf.dir\Debug\bbbuf.tlog\".
InitializeBuildStatus:
  Creating "bbbuf.dir\Debug\bbbuf.tlog\unsuccessfulbuild" because "AlwaysCreate" was specified.
  Touching "bbbuf.dir\Debug\bbbuf.tlog\unsuccessfulbuild".
CustomBuild:
  Building Custom Rule C:/Users/hacker/source/repos/drltrace/drltrace_src/dynamorio/api/samples/CMakeLists.txt
ClCompile:
  C:\Program Files\Microsoft Visual Studio\2022\Community\VC\Tools\MSVC\14.39.33519\bin\HostX64\x64\CL.exe /c /IC:\User
  s\hacker\source\repos\buildx64\dynamorio /IC:\Users\hacker\source\repos\buildx64\dynamorio\cmake\..\include /IC:\User
  s\hacker\source\repos\buildx64\dynamorio\api\samples\..\..\ext\include /Zi /nologo /W4 /WX /diagnostics:column /MP /O
  2 /D _WINDLL /D _MBCS /D DEBUG /D X86_64 /D WINDOWS /D SHOW_SYMBOLS /D _CRT_SECURE_NO_WARNINGS /D "CMAKE_INTDIR=\"Deb
  ug\"" /D bbbuf_EXPORTS /GF /MTd /GS- /fp:precise /Zc:wchar_t /Zc:forScope /Zc:inline /Fo"bbbuf.dir\Debug\\" /Fd"bbbuf
  .dir\Debug\vc143.pdb" /external:W4 /Gd /TC /wd4100 /wd4127 /wd4054 /errorReport:queue  /FS C:\Users\hacker\source\rep
  os\drltrace\drltrace_src\dynamorio\api\samples\bbbuf.c
  bbbuf.c
Link:
  C:\Program Files\Microsoft Visual Studio\2022\Community\VC\Tools\MSVC\14.39.33519\bin\HostX64\x64\link.exe /ERRORREPO
  RT:QUEUE /OUT:"C:\Users\hacker\source\repos\buildx64\dynamorio\api\bin\bbbuf.dll" /INCREMENTAL /ILK:"bbbuf.dir\Debug\
  bbbuf.ilk" /NOLOGO libcmtd.lib libvcruntimed.lib libucrtd.lib ..\..\ext\lib64\debug\drx.lib ..\..\ext\lib64\debug\drr
  eg.lib ..\..\ext\lib64\debug\drmgr.lib ..\..\ext\lib64\debug\drcontainers.lib ..\..\lib64\debug\dynamorio.lib ..\..\l
  ib64\ntdll_imports.lib kernel32.lib user32.lib gdi32.lib winspool.lib shell32.lib ole32.lib oleaut32.lib uuid.lib com
  dlg32.lib advapi32.lib /MANIFEST /MANIFESTUAC:"level='asInvoker' uiAccess='false'" /manifest:embed /DEBUG /PDB:"C:/Us
  ers/hacker/source/repos/buildx64/dynamorio/api/bin/bbbuf.pdb" /SUBSYSTEM:CONSOLE /TLBID:1 /DYNAMICBASE /NXCOMPAT /IMP
  LIB:"C:/Users/hacker/source/repos/buildx64/dynamorio/api/bin/bbbuf.lib" /MACHINE:X64  /machine:x64 /subsystem:console
  ,5.02 /opt:ref /opt:icf /pdbcompress /opt:ref /opt:icf /pdbcompress /nodefaultlib /base:0x72000000 /dynamicbase:no /D
  LL bbbuf.dir\Debug\bbbuf.obj
LINK : warning LNK4075: ignoring '/INCREMENTAL' due to '/OPT:ICF' specification [C:\Users\hacker\source\repos\buildx64\
dynamorio\api\samples\bbbuf.vcxproj]
     Creating library C:/Users/hacker/source/repos/buildx64/dynamorio/api/bin/bbbuf.lib and object C:/Users/hacker/sour
  ce/repos/buildx64/dynamorio/api/bin/bbbuf.exp
LINK : warning LNK4281: undesirable base address 0x72000000 for x64 image; set base address above 4GB for best ASLR opt
imization [C:\Users\hacker\source\repos\buildx64\dynamorio\api\samples\bbbuf.vcxproj]
  bbbuf.vcxproj -> C:\Users\hacker\source\repos\buildx64\dynamorio\api\bin\bbbuf.dll
PostBuildEvent:
  setlocal
  "C:\Program Files\CMake\bin\cmake.exe" -E echo "Usage: pass to drconfig or drrun: -c C:/Users/hacker/source/repos/bui
  ldx64/dynamorio/api/samples/../bin/bbbuf.dll"
  if %errorlevel% neq 0 goto :cmEnd
  :cmEnd
  endlocal & call :cmErrorLevel %errorlevel% & goto :cmDone
  :cmErrorLevel
  exit /b %1
  :cmDone
  if %errorlevel% neq 0 goto :VCEnd
  :VCEnd
  Usage: pass to drconfig or drrun: -c C:/Users/hacker/source/repos/buildx64/dynamorio/api/samples/../bin/bbbuf.dll
FinalizeBuildStatus:
  Deleting file "bbbuf.dir\Debug\bbbuf.tlog\unsuccessfulbuild".
  Touching "bbbuf.dir\Debug\bbbuf.tlog\bbbuf.lastbuildstate".
Done Building Project "C:\Users\hacker\source\repos\buildx64\dynamorio\api\samples\bbbuf.vcxproj" (default targets).

Project "C:\Users\hacker\source\repos\buildx64\ALL_BUILD.vcxproj" (1) is building "C:\Users\hacker\source\repos\buildx6
4\dynamorio\api\samples\bbcount.vcxproj" (30) on node 1 (default targets).
PrepareForBuild:
  Creating directory "bbcount.dir\Debug\".
  Structured output is enabled. The formatting of compiler diagnostics will reflect the error hierarchy. See https://ak
  a.ms/cpp/structured-output for more details.
  Creating directory "bbcount.dir\Debug\bbcount.tlog\".
InitializeBuildStatus:
  Creating "bbcount.dir\Debug\bbcount.tlog\unsuccessfulbuild" because "AlwaysCreate" was specified.
  Touching "bbcount.dir\Debug\bbcount.tlog\unsuccessfulbuild".
CustomBuild:
  Building Custom Rule C:/Users/hacker/source/repos/drltrace/drltrace_src/dynamorio/api/samples/CMakeLists.txt
ClCompile:
  C:\Program Files\Microsoft Visual Studio\2022\Community\VC\Tools\MSVC\14.39.33519\bin\HostX64\x64\CL.exe /c /IC:\User
  s\hacker\source\repos\buildx64\dynamorio /IC:\Users\hacker\source\repos\buildx64\dynamorio\cmake\..\include /IC:\User
  s\hacker\source\repos\buildx64\dynamorio\api\samples\..\..\ext\include /Zi /nologo /W4 /WX /diagnostics:column /MP /O
  2 /D _WINDLL /D _MBCS /D DEBUG /D X86_64 /D WINDOWS /D SHOW_SYMBOLS /D _CRT_SECURE_NO_WARNINGS /D "CMAKE_INTDIR=\"Deb
  ug\"" /D bbcount_EXPORTS /GF /MTd /GS- /fp:precise /Zc:wchar_t /Zc:forScope /Zc:inline /Fo"bbcount.dir\Debug\\" /Fd"b
  bcount.dir\Debug\vc143.pdb" /external:W4 /Gd /TC /wd4100 /wd4127 /wd4054 /errorReport:queue  /FS C:\Users\hacker\sour
  ce\repos\drltrace\drltrace_src\dynamorio\api\samples\bbcount.c
  bbcount.c
Link:
  C:\Program Files\Microsoft Visual Studio\2022\Community\VC\Tools\MSVC\14.39.33519\bin\HostX64\x64\link.exe /ERRORREPO
  RT:QUEUE /OUT:"C:\Users\hacker\source\repos\buildx64\dynamorio\api\bin\bbcount.dll" /INCREMENTAL /ILK:"bbcount.dir\De
  bug\bbcount.ilk" /NOLOGO libcmtd.lib libvcruntimed.lib libucrtd.lib ..\..\ext\lib64\debug\drx.lib ..\..\ext\lib64\deb
  ug\drreg.lib ..\..\ext\lib64\debug\drmgr.lib ..\..\ext\lib64\debug\drcontainers.lib ..\..\lib64\debug\dynamorio.lib .
  .\..\lib64\ntdll_imports.lib kernel32.lib user32.lib gdi32.lib winspool.lib shell32.lib ole32.lib oleaut32.lib uuid.l
  ib comdlg32.lib advapi32.lib /MANIFEST /MANIFESTUAC:"level='asInvoker' uiAccess='false'" /manifest:embed /DEBUG /PDB:
  "C:/Users/hacker/source/repos/buildx64/dynamorio/api/bin/bbcount.pdb" /SUBSYSTEM:CONSOLE /TLBID:1 /DYNAMICBASE /NXCOM
  PAT /IMPLIB:"C:/Users/hacker/source/repos/buildx64/dynamorio/api/bin/bbcount.lib" /MACHINE:X64  /machine:x64 /subsyst
  em:console,5.02 /opt:ref /opt:icf /pdbcompress /opt:ref /opt:icf /pdbcompress /nodefaultlib /base:0x72000000 /dynamic
  base:no /DLL bbcount.dir\Debug\bbcount.obj
LINK : warning LNK4075: ignoring '/INCREMENTAL' due to '/OPT:ICF' specification [C:\Users\hacker\source\repos\buildx64\
dynamorio\api\samples\bbcount.vcxproj]
     Creating library C:/Users/hacker/source/repos/buildx64/dynamorio/api/bin/bbcount.lib and object C:/Users/hacker/so
  urce/repos/buildx64/dynamorio/api/bin/bbcount.exp
LINK : warning LNK4281: undesirable base address 0x72000000 for x64 image; set base address above 4GB for best ASLR opt
imization [C:\Users\hacker\source\repos\buildx64\dynamorio\api\samples\bbcount.vcxproj]
  bbcount.vcxproj -> C:\Users\hacker\source\repos\buildx64\dynamorio\api\bin\bbcount.dll
PostBuildEvent:
  setlocal
  "C:\Program Files\CMake\bin\cmake.exe" -E echo "Usage: pass to drconfig or drrun: -c C:/Users/hacker/source/repos/bui
  ldx64/dynamorio/api/samples/../bin/bbcount.dll"
  if %errorlevel% neq 0 goto :cmEnd
  :cmEnd
  endlocal & call :cmErrorLevel %errorlevel% & goto :cmDone
  :cmErrorLevel
  exit /b %1
  :cmDone
  if %errorlevel% neq 0 goto :VCEnd
  :VCEnd
  Usage: pass to drconfig or drrun: -c C:/Users/hacker/source/repos/buildx64/dynamorio/api/samples/../bin/bbcount.dll
FinalizeBuildStatus:
  Deleting file "bbcount.dir\Debug\bbcount.tlog\unsuccessfulbuild".
  Touching "bbcount.dir\Debug\bbcount.tlog\bbcount.lastbuildstate".
Done Building Project "C:\Users\hacker\source\repos\buildx64\dynamorio\api\samples\bbcount.vcxproj" (default targets).

Project "C:\Users\hacker\source\repos\buildx64\ALL_BUILD.vcxproj" (1) is building "C:\Users\hacker\source\repos\buildx6
4\dynamorio\api\samples\bbsize.vcxproj" (31) on node 1 (default targets).
PrepareForBuild:
  Creating directory "bbsize.dir\Debug\".
  Structured output is enabled. The formatting of compiler diagnostics will reflect the error hierarchy. See https://ak
  a.ms/cpp/structured-output for more details.
  Creating directory "bbsize.dir\Debug\bbsize.tlog\".
InitializeBuildStatus:
  Creating "bbsize.dir\Debug\bbsize.tlog\unsuccessfulbuild" because "AlwaysCreate" was specified.
  Touching "bbsize.dir\Debug\bbsize.tlog\unsuccessfulbuild".
CustomBuild:
  Building Custom Rule C:/Users/hacker/source/repos/drltrace/drltrace_src/dynamorio/api/samples/CMakeLists.txt
ClCompile:
  C:\Program Files\Microsoft Visual Studio\2022\Community\VC\Tools\MSVC\14.39.33519\bin\HostX64\x64\CL.exe /c /IC:\User
  s\hacker\source\repos\buildx64\dynamorio /IC:\Users\hacker\source\repos\buildx64\dynamorio\cmake\..\include /IC:\User
  s\hacker\source\repos\buildx64\dynamorio\api\samples\..\..\ext\include /Zi /nologo /W4 /WX /diagnostics:column /MP /O
  2 /D _WINDLL /D _MBCS /D DEBUG /D X86_64 /D WINDOWS /D SHOW_SYMBOLS /D _CRT_SECURE_NO_WARNINGS /D "CMAKE_INTDIR=\"Deb
  ug\"" /D bbsize_EXPORTS /GF /MTd /GS- /fp:precise /Zc:wchar_t /Zc:forScope /Zc:inline /Fo"bbsize.dir\Debug\\" /Fd"bbs
  ize.dir\Debug\vc143.pdb" /external:W4 /Gd /TC /wd4100 /wd4127 /wd4054 /errorReport:queue  /FS C:\Users\hacker\source\
  repos\drltrace\drltrace_src\dynamorio\api\samples\bbsize.c
  bbsize.c
Link:
  C:\Program Files\Microsoft Visual Studio\2022\Community\VC\Tools\MSVC\14.39.33519\bin\HostX64\x64\link.exe /ERRORREPO
  RT:QUEUE /OUT:"C:\Users\hacker\source\repos\buildx64\dynamorio\api\bin\bbsize.dll" /INCREMENTAL /ILK:"bbsize.dir\Debu
  g\bbsize.ilk" /NOLOGO libcmtd.lib libvcruntimed.lib libucrtd.lib ..\..\ext\lib64\debug\drx.lib ..\..\ext\lib64\debug\
  drreg.lib ..\..\ext\lib64\debug\drmgr.lib ..\..\ext\lib64\debug\drcontainers.lib ..\..\lib64\debug\dynamorio.lib ..\.
  .\lib64\ntdll_imports.lib kernel32.lib user32.lib gdi32.lib winspool.lib shell32.lib ole32.lib oleaut32.lib uuid.lib
  comdlg32.lib advapi32.lib /MANIFEST /MANIFESTUAC:"level='asInvoker' uiAccess='false'" /manifest:embed /DEBUG /PDB:"C:
  /Users/hacker/source/repos/buildx64/dynamorio/api/bin/bbsize.pdb" /SUBSYSTEM:CONSOLE /TLBID:1 /DYNAMICBASE /NXCOMPAT
  /IMPLIB:"C:/Users/hacker/source/repos/buildx64/dynamorio/api/bin/bbsize.lib" /MACHINE:X64  /machine:x64 /subsystem:co
  nsole,5.02 /opt:ref /opt:icf /pdbcompress /opt:ref /opt:icf /pdbcompress /nodefaultlib /base:0x72000000 /dynamicbase:
  no /DLL bbsize.dir\Debug\bbsize.obj
LINK : warning LNK4075: ignoring '/INCREMENTAL' due to '/OPT:ICF' specification [C:\Users\hacker\source\repos\buildx64\
dynamorio\api\samples\bbsize.vcxproj]
     Creating library C:/Users/hacker/source/repos/buildx64/dynamorio/api/bin/bbsize.lib and object C:/Users/hacker/sou
  rce/repos/buildx64/dynamorio/api/bin/bbsize.exp
LINK : warning LNK4281: undesirable base address 0x72000000 for x64 image; set base address above 4GB for best ASLR opt
imization [C:\Users\hacker\source\repos\buildx64\dynamorio\api\samples\bbsize.vcxproj]
  bbsize.vcxproj -> C:\Users\hacker\source\repos\buildx64\dynamorio\api\bin\bbsize.dll
PostBuildEvent:
  setlocal
  "C:\Program Files\CMake\bin\cmake.exe" -E echo "Usage: pass to drconfig or drrun: -c C:/Users/hacker/source/repos/bui
  ldx64/dynamorio/api/samples/../bin/bbsize.dll"
  if %errorlevel% neq 0 goto :cmEnd
  :cmEnd
  endlocal & call :cmErrorLevel %errorlevel% & goto :cmDone
  :cmErrorLevel
  exit /b %1
  :cmDone
  if %errorlevel% neq 0 goto :VCEnd
  :VCEnd
  Usage: pass to drconfig or drrun: -c C:/Users/hacker/source/repos/buildx64/dynamorio/api/samples/../bin/bbsize.dll
FinalizeBuildStatus:
  Deleting file "bbsize.dir\Debug\bbsize.tlog\unsuccessfulbuild".
  Touching "bbsize.dir\Debug\bbsize.tlog\bbsize.lastbuildstate".
Done Building Project "C:\Users\hacker\source\repos\buildx64\dynamorio\api\samples\bbsize.vcxproj" (default targets).

Project "C:\Users\hacker\source\repos\buildx64\ALL_BUILD.vcxproj" (1) is building "C:\Users\hacker\source\repos\buildx6
4\dynamorio\api\samples\cbr.vcxproj" (32) on node 1 (default targets).
PrepareForBuild:
  Creating directory "cbr.dir\Debug\".
  Structured output is enabled. The formatting of compiler diagnostics will reflect the error hierarchy. See https://ak
  a.ms/cpp/structured-output for more details.
  Creating directory "cbr.dir\Debug\cbr.tlog\".
InitializeBuildStatus:
  Creating "cbr.dir\Debug\cbr.tlog\unsuccessfulbuild" because "AlwaysCreate" was specified.
  Touching "cbr.dir\Debug\cbr.tlog\unsuccessfulbuild".
CustomBuild:
  Building Custom Rule C:/Users/hacker/source/repos/drltrace/drltrace_src/dynamorio/api/samples/CMakeLists.txt
ClCompile:
  C:\Program Files\Microsoft Visual Studio\2022\Community\VC\Tools\MSVC\14.39.33519\bin\HostX64\x64\CL.exe /c /IC:\User
  s\hacker\source\repos\buildx64\dynamorio /IC:\Users\hacker\source\repos\buildx64\dynamorio\cmake\..\include /IC:\User
  s\hacker\source\repos\buildx64\dynamorio\api\samples\..\..\ext\include /Zi /nologo /W4 /WX /diagnostics:column /MP /O
  2 /D _WINDLL /D _MBCS /D DEBUG /D X86_64 /D WINDOWS /D SHOW_SYMBOLS /D _CRT_SECURE_NO_WARNINGS /D "CMAKE_INTDIR=\"Deb
  ug\"" /D cbr_EXPORTS /GF /MTd /GS- /fp:precise /Zc:wchar_t /Zc:forScope /Zc:inline /Fo"cbr.dir\Debug\\" /Fd"cbr.dir\D
  ebug\vc143.pdb" /external:W4 /Gd /TC /wd4100 /wd4127 /wd4054 /errorReport:queue  /FS C:\Users\hacker\source\repos\drl
  trace\drltrace_src\dynamorio\api\samples\cbr.c
  cbr.c
Link:
  C:\Program Files\Microsoft Visual Studio\2022\Community\VC\Tools\MSVC\14.39.33519\bin\HostX64\x64\link.exe /ERRORREPO
  RT:QUEUE /OUT:"C:\Users\hacker\source\repos\buildx64\dynamorio\api\bin\cbr.dll" /INCREMENTAL /ILK:"cbr.dir\Debug\cbr.
  ilk" /NOLOGO libcmtd.lib libvcruntimed.lib libucrtd.lib ..\..\ext\lib64\debug\drmgr.lib ..\..\lib64\debug\dynamorio.l
  ib kernel32.lib user32.lib gdi32.lib winspool.lib shell32.lib ole32.lib oleaut32.lib uuid.lib comdlg32.lib advapi32.l
  ib /MANIFEST /MANIFESTUAC:"level='asInvoker' uiAccess='false'" /manifest:embed /DEBUG /PDB:"C:/Users/hacker/source/re
  pos/buildx64/dynamorio/api/bin/cbr.pdb" /SUBSYSTEM:CONSOLE /TLBID:1 /DYNAMICBASE /NXCOMPAT /IMPLIB:"C:/Users/hacker/s
  ource/repos/buildx64/dynamorio/api/bin/cbr.lib" /MACHINE:X64  /machine:x64 /subsystem:console,5.02 /opt:ref /opt:icf
  /pdbcompress /opt:ref /opt:icf /pdbcompress /nodefaultlib /base:0x72000000 /dynamicbase:no /DLL cbr.dir\Debug\cbr.obj
LINK : warning LNK4075: ignoring '/INCREMENTAL' due to '/OPT:ICF' specification [C:\Users\hacker\source\repos\buildx64\
dynamorio\api\samples\cbr.vcxproj]
     Creating library C:/Users/hacker/source/repos/buildx64/dynamorio/api/bin/cbr.lib and object C:/Users/hacker/source
  /repos/buildx64/dynamorio/api/bin/cbr.exp
LINK : warning LNK4281: undesirable base address 0x72000000 for x64 image; set base address above 4GB for best ASLR opt
imization [C:\Users\hacker\source\repos\buildx64\dynamorio\api\samples\cbr.vcxproj]
  cbr.vcxproj -> C:\Users\hacker\source\repos\buildx64\dynamorio\api\bin\cbr.dll
PostBuildEvent:
  setlocal
  "C:\Program Files\CMake\bin\cmake.exe" -E echo "Usage: pass to drconfig or drrun: -c C:/Users/hacker/source/repos/bui
  ldx64/dynamorio/api/samples/../bin/cbr.dll"
  if %errorlevel% neq 0 goto :cmEnd
  :cmEnd
  endlocal & call :cmErrorLevel %errorlevel% & goto :cmDone
  :cmErrorLevel
  exit /b %1
  :cmDone
  if %errorlevel% neq 0 goto :VCEnd
  :VCEnd
  Usage: pass to drconfig or drrun: -c C:/Users/hacker/source/repos/buildx64/dynamorio/api/samples/../bin/cbr.dll
FinalizeBuildStatus:
  Deleting file "cbr.dir\Debug\cbr.tlog\unsuccessfulbuild".
  Touching "cbr.dir\Debug\cbr.tlog\cbr.lastbuildstate".
Done Building Project "C:\Users\hacker\source\repos\buildx64\dynamorio\api\samples\cbr.vcxproj" (default targets).

Project "C:\Users\hacker\source\repos\buildx64\ALL_BUILD.vcxproj" (1) is building "C:\Users\hacker\source\repos\buildx6
4\dynamorio\api\samples\cbrtrace.vcxproj" (33) on node 1 (default targets).
PrepareForBuild:
  Creating directory "cbrtrace.dir\Debug\".
  Structured output is enabled. The formatting of compiler diagnostics will reflect the error hierarchy. See https://ak
  a.ms/cpp/structured-output for more details.
  Creating directory "cbrtrace.dir\Debug\cbrtrace.tlog\".
InitializeBuildStatus:
  Creating "cbrtrace.dir\Debug\cbrtrace.tlog\unsuccessfulbuild" because "AlwaysCreate" was specified.
  Touching "cbrtrace.dir\Debug\cbrtrace.tlog\unsuccessfulbuild".
CustomBuild:
  Building Custom Rule C:/Users/hacker/source/repos/drltrace/drltrace_src/dynamorio/api/samples/CMakeLists.txt
ClCompile:
  C:\Program Files\Microsoft Visual Studio\2022\Community\VC\Tools\MSVC\14.39.33519\bin\HostX64\x64\CL.exe /c /IC:\User
  s\hacker\source\repos\buildx64\dynamorio /IC:\Users\hacker\source\repos\buildx64\dynamorio\cmake\..\include /IC:\User
  s\hacker\source\repos\buildx64\dynamorio\api\samples\..\..\ext\include /Zi /nologo /W4 /WX /diagnostics:column /MP /O
  2 /D _WINDLL /D _MBCS /D DEBUG /D X86_64 /D WINDOWS /D SHOW_SYMBOLS /D _CRT_SECURE_NO_WARNINGS /D "CMAKE_INTDIR=\"Deb
  ug\"" /D cbrtrace_EXPORTS /GF /MTd /GS- /fp:precise /Zc:wchar_t /Zc:forScope /Zc:inline /Fo"cbrtrace.dir\Debug\\" /Fd
  "cbrtrace.dir\Debug\vc143.pdb" /external:W4 /Gd /TC /wd4100 /wd4127 /wd4054 /errorReport:queue  /FS C:\Users\hacker\s
  ource\repos\drltrace\drltrace_src\dynamorio\api\samples\cbrtrace.c C:\Users\hacker\source\repos\drltrace\drltrace_src
  \dynamorio\api\samples\utils.c
  cbrtrace.c
  utils.c
Link:
  C:\Program Files\Microsoft Visual Studio\2022\Community\VC\Tools\MSVC\14.39.33519\bin\HostX64\x64\link.exe /ERRORREPO
  RT:QUEUE /OUT:"C:\Users\hacker\source\repos\buildx64\dynamorio\api\bin\cbrtrace.dll" /INCREMENTAL /ILK:"cbrtrace.dir\
  Debug\cbrtrace.ilk" /NOLOGO libcmtd.lib libvcruntimed.lib libucrtd.lib ..\..\ext\lib64\debug\drx.lib ..\..\ext\lib64\
  debug\drreg.lib ..\..\ext\lib64\debug\drmgr.lib ..\..\ext\lib64\debug\drcontainers.lib ..\..\lib64\debug\dynamorio.li
  b ..\..\lib64\ntdll_imports.lib kernel32.lib user32.lib gdi32.lib winspool.lib shell32.lib ole32.lib oleaut32.lib uui
  d.lib comdlg32.lib advapi32.lib /MANIFEST /MANIFESTUAC:"level='asInvoker' uiAccess='false'" /manifest:embed /DEBUG /P
  DB:"C:/Users/hacker/source/repos/buildx64/dynamorio/api/bin/cbrtrace.pdb" /SUBSYSTEM:CONSOLE /TLBID:1 /DYNAMICBASE /N
  XCOMPAT /IMPLIB:"C:/Users/hacker/source/repos/buildx64/dynamorio/api/bin/cbrtrace.lib" /MACHINE:X64  /machine:x64 /su
  bsystem:console,5.02 /opt:ref /opt:icf /pdbcompress /opt:ref /opt:icf /pdbcompress /nodefaultlib /base:0x72000000 /dy
  namicbase:no /DLL cbrtrace.dir\Debug\cbrtrace.obj
  cbrtrace.dir\Debug\utils.obj
LINK : warning LNK4075: ignoring '/INCREMENTAL' due to '/OPT:ICF' specification [C:\Users\hacker\source\repos\buildx64\
dynamorio\api\samples\cbrtrace.vcxproj]
     Creating library C:/Users/hacker/source/repos/buildx64/dynamorio/api/bin/cbrtrace.lib and object C:/Users/hacker/s
  ource/repos/buildx64/dynamorio/api/bin/cbrtrace.exp
LINK : warning LNK4281: undesirable base address 0x72000000 for x64 image; set base address above 4GB for best ASLR opt
imization [C:\Users\hacker\source\repos\buildx64\dynamorio\api\samples\cbrtrace.vcxproj]
  cbrtrace.vcxproj -> C:\Users\hacker\source\repos\buildx64\dynamorio\api\bin\cbrtrace.dll
PostBuildEvent:
  setlocal
  "C:\Program Files\CMake\bin\cmake.exe" -E echo "Usage: pass to drconfig or drrun: -c C:/Users/hacker/source/repos/bui
  ldx64/dynamorio/api/samples/../bin/cbrtrace.dll"
  if %errorlevel% neq 0 goto :cmEnd
  :cmEnd
  endlocal & call :cmErrorLevel %errorlevel% & goto :cmDone
  :cmErrorLevel
  exit /b %1
  :cmDone
  if %errorlevel% neq 0 goto :VCEnd
  :VCEnd
  Usage: pass to drconfig or drrun: -c C:/Users/hacker/source/repos/buildx64/dynamorio/api/samples/../bin/cbrtrace.dll
FinalizeBuildStatus:
  Deleting file "cbrtrace.dir\Debug\cbrtrace.tlog\unsuccessfulbuild".
  Touching "cbrtrace.dir\Debug\cbrtrace.tlog\cbrtrace.lastbuildstate".
Done Building Project "C:\Users\hacker\source\repos\buildx64\dynamorio\api\samples\cbrtrace.vcxproj" (default targets).

Project "C:\Users\hacker\source\repos\buildx64\ALL_BUILD.vcxproj" (1) is building "C:\Users\hacker\source\repos\buildx6
4\dynamorio\tools\closewnd.vcxproj" (34) on node 1 (default targets).
PrepareForBuild:
  Creating directory "closewnd.dir\Debug\".
  Structured output is enabled. The formatting of compiler diagnostics will reflect the error hierarchy. See https://ak
  a.ms/cpp/structured-output for more details.
  Creating directory "closewnd.dir\Debug\closewnd.tlog\".
InitializeBuildStatus:
  Creating "closewnd.dir\Debug\closewnd.tlog\unsuccessfulbuild" because "AlwaysCreate" was specified.
  Touching "closewnd.dir\Debug\closewnd.tlog\unsuccessfulbuild".
CustomBuild:
  Building Custom Rule C:/Users/hacker/source/repos/drltrace/drltrace_src/dynamorio/tools/CMakeLists.txt
ClCompile:
  C:\Program Files\Microsoft Visual Studio\2022\Community\VC\Tools\MSVC\14.39.33519\bin\HostX64\x64\CL.exe /c /IC:\User
  s\hacker\source\repos\buildx64\dynamorio /IC:\Users\hacker\source\repos\drltrace\drltrace_src\dynamorio\libutil /IC:\
  Users\hacker\source\repos\drltrace\drltrace_src\dynamorio\core /IC:\Users\hacker\source\repos\drltrace\drltrace_src\d
  ynamorio\core\lib /Zi /nologo /W3 /WX /diagnostics:column /MP /Od /D _MBCS /D RC_IS_closewnd /D SHOW_SYMBOLS /D NOT_D
  YNAMORIO_CORE /D WIN32 /D "CMAKE_INTDIR=\"Debug\"" /GF /MTd /GS- /fp:precise /Zc:wchar_t /Zc:forScope /Zc:inline /Fo"
  closewnd.dir\Debug\\" /Fd"closewnd.dir\Debug\vc143.pdb" /external:W3 /Gd /TC /wd4996 /errorReport:queue  /FS C:\Users
  \hacker\source\repos\drltrace\drltrace_src\dynamorio\tools\closewnd.c
  closewnd.c
ResourceCompile:
  C:\Program Files (x86)\Windows Kits\10\bin\10.0.22621.0\x64\rc.exe /D WIN32 /D _DEBUG /D RC_IS_closewnd /D SHOW_SYMBO
  LS /D NOT_DYNAMORIO_CORE /D "CMAKE_INTDIR=\\\"Debug\\\"" /l"0x0409" /IC:\Users\hacker\source\repos\buildx64\dynamorio
   /IC:\Users\hacker\source\repos\drltrace\drltrace_src\dynamorio\libutil /IC:\Users\hacker\source\repos\drltrace\drltr
  ace_src\dynamorio\core /IC:\Users\hacker\source\repos\drltrace\drltrace_src\dynamorio\core\lib /nologo /fo"closewnd.d
  ir\Debug\resources.res" C:\Users\hacker\source\repos\drltrace\drltrace_src\dynamorio\core\win32\resources.rc
Link:
  C:\Program Files\Microsoft Visual Studio\2022\Community\VC\Tools\MSVC\14.39.33519\bin\HostX64\x64\link.exe /ERRORREPO
  RT:QUEUE /OUT:"C:\Users\hacker\source\repos\buildx64\dynamorio\bin64\closewnd.exe" /INCREMENTAL /ILK:"closewnd.dir\De
  bug\closewnd.ilk" /NOLOGO ..\lib64\policy_static.lib user32.lib advapi32.lib pdh.lib imagehlp.lib shell32.lib kernel3
  2.lib user32.lib gdi32.lib winspool.lib shell32.lib ole32.lib oleaut32.lib uuid.lib comdlg32.lib advapi32.lib /MANIFE
  ST /MANIFESTUAC:"level='asInvoker' uiAccess='false'" /manifest:embed /DEBUG /PDB:"C:/Users/hacker/source/repos/buildx
  64/dynamorio/bin64/closewnd.pdb" /SUBSYSTEM:CONSOLE /TLBID:1 /DYNAMICBASE /NXCOMPAT /IMPLIB:"C:/Users/hacker/source/r
  epos/buildx64/dynamorio/lib64/closewnd.lib" /MACHINE:X64  /machine:x64 /subsystem:console,5.02 /opt:ref /opt:icf /pdb
  compress closewnd.dir\Debug\resources.res
  closewnd.dir\Debug\closewnd.obj
LINK : warning LNK4075: ignoring '/INCREMENTAL' due to '/OPT:ICF' specification [C:\Users\hacker\source\repos\buildx64\
dynamorio\tools\closewnd.vcxproj]
  closewnd.vcxproj -> C:\Users\hacker\source\repos\buildx64\dynamorio\bin64\closewnd.exe
FinalizeBuildStatus:
  Deleting file "closewnd.dir\Debug\closewnd.tlog\unsuccessfulbuild".
  Touching "closewnd.dir\Debug\closewnd.tlog\closewnd.lastbuildstate".
Done Building Project "C:\Users\hacker\source\repos\buildx64\dynamorio\tools\closewnd.vcxproj" (default targets).

Project "C:\Users\hacker\source\repos\buildx64\ALL_BUILD.vcxproj" (1) is building "C:\Users\hacker\source\repos\buildx6
4\dynamorio\api\samples\countcalls.vcxproj" (35) on node 1 (default targets).
PrepareForBuild:
  Creating directory "countcalls.dir\Debug\".
  Structured output is enabled. The formatting of compiler diagnostics will reflect the error hierarchy. See https://ak
  a.ms/cpp/structured-output for more details.
  Creating directory "countcalls.dir\Debug\countcalls.tlog\".
InitializeBuildStatus:
  Creating "countcalls.dir\Debug\countcalls.tlog\unsuccessfulbuild" because "AlwaysCreate" was specified.
  Touching "countcalls.dir\Debug\countcalls.tlog\unsuccessfulbuild".
CustomBuild:
  Building Custom Rule C:/Users/hacker/source/repos/drltrace/drltrace_src/dynamorio/api/samples/CMakeLists.txt
ClCompile:
  C:\Program Files\Microsoft Visual Studio\2022\Community\VC\Tools\MSVC\14.39.33519\bin\HostX64\x64\CL.exe /c /IC:\User
  s\hacker\source\repos\buildx64\dynamorio /IC:\Users\hacker\source\repos\buildx64\dynamorio\cmake\..\include /IC:\User
  s\hacker\source\repos\buildx64\dynamorio\api\samples\..\..\ext\include /Zi /nologo /W4 /WX /diagnostics:column /MP /O
  2 /D _WINDLL /D _MBCS /D DEBUG /D X86_64 /D WINDOWS /D SHOW_SYMBOLS /D _CRT_SECURE_NO_WARNINGS /D "CMAKE_INTDIR=\"Deb
  ug\"" /D countcalls_EXPORTS /GF /MTd /GS- /fp:precise /Zc:wchar_t /Zc:forScope /Zc:inline /Fo"countcalls.dir\Debug\\"
   /Fd"countcalls.dir\Debug\vc143.pdb" /external:W4 /Gd /TC /wd4100 /wd4127 /wd4054 /errorReport:queue  /FS C:\Users\ha
  cker\source\repos\drltrace\drltrace_src\dynamorio\api\samples\countcalls.c
  countcalls.c
Link:
  C:\Program Files\Microsoft Visual Studio\2022\Community\VC\Tools\MSVC\14.39.33519\bin\HostX64\x64\link.exe /ERRORREPO
  RT:QUEUE /OUT:"C:\Users\hacker\source\repos\buildx64\dynamorio\api\bin\countcalls.dll" /INCREMENTAL /ILK:"countcalls.
  dir\Debug\countcalls.ilk" /NOLOGO libcmtd.lib libvcruntimed.lib libucrtd.lib ..\..\ext\lib64\debug\drreg.lib ..\..\ex
  t\lib64\debug\drmgr.lib ..\..\ext\lib64\debug\drcontainers.lib ..\..\lib64\debug\dynamorio.lib kernel32.lib user32.li
  b gdi32.lib winspool.lib shell32.lib ole32.lib oleaut32.lib uuid.lib comdlg32.lib advapi32.lib /MANIFEST /MANIFESTUAC
  :"level='asInvoker' uiAccess='false'" /manifest:embed /DEBUG /PDB:"C:/Users/hacker/source/repos/buildx64/dynamorio/ap
  i/bin/countcalls.pdb" /SUBSYSTEM:CONSOLE /TLBID:1 /DYNAMICBASE /NXCOMPAT /IMPLIB:"C:/Users/hacker/source/repos/buildx
  64/dynamorio/api/bin/countcalls.lib" /MACHINE:X64  /machine:x64 /subsystem:console,5.02 /opt:ref /opt:icf /pdbcompres
  s /opt:ref /opt:icf /pdbcompress /nodefaultlib /base:0x72000000 /dynamicbase:no /DLL countcalls.dir\Debug\countcalls.
  obj
LINK : warning LNK4075: ignoring '/INCREMENTAL' due to '/OPT:ICF' specification [C:\Users\hacker\source\repos\buildx64\
dynamorio\api\samples\countcalls.vcxproj]
     Creating library C:/Users/hacker/source/repos/buildx64/dynamorio/api/bin/countcalls.lib and object C:/Users/hacker
  /source/repos/buildx64/dynamorio/api/bin/countcalls.exp
LINK : warning LNK4281: undesirable base address 0x72000000 for x64 image; set base address above 4GB for best ASLR opt
imization [C:\Users\hacker\source\repos\buildx64\dynamorio\api\samples\countcalls.vcxproj]
  countcalls.vcxproj -> C:\Users\hacker\source\repos\buildx64\dynamorio\api\bin\countcalls.dll
PostBuildEvent:
  setlocal
  "C:\Program Files\CMake\bin\cmake.exe" -E echo "Usage: pass to drconfig or drrun: -c C:/Users/hacker/source/repos/bui
  ldx64/dynamorio/api/samples/../bin/countcalls.dll"
  if %errorlevel% neq 0 goto :cmEnd
  :cmEnd
  endlocal & call :cmErrorLevel %errorlevel% & goto :cmDone
  :cmErrorLevel
  exit /b %1
  :cmDone
  if %errorlevel% neq 0 goto :VCEnd
  :VCEnd
  Usage: pass to drconfig or drrun: -c C:/Users/hacker/source/repos/buildx64/dynamorio/api/samples/../bin/countcalls.dl
  l
FinalizeBuildStatus:
  Deleting file "countcalls.dir\Debug\countcalls.tlog\unsuccessfulbuild".
  Touching "countcalls.dir\Debug\countcalls.tlog\countcalls.lastbuildstate".
Done Building Project "C:\Users\hacker\source\repos\buildx64\dynamorio\api\samples\countcalls.vcxproj" (default targets
).

Project "C:\Users\hacker\source\repos\buildx64\ALL_BUILD.vcxproj" (1) is building "C:\Users\hacker\source\repos\buildx6
4\dynamorio\tools\create_process.vcxproj" (36) on node 1 (default targets).
PrepareForBuild:
  Creating directory "create_process.dir\Debug\".
  Structured output is enabled. The formatting of compiler diagnostics will reflect the error hierarchy. See https://ak
  a.ms/cpp/structured-output for more details.
  Creating directory "create_process.dir\Debug\create_process.tlog\".
InitializeBuildStatus:
  Creating "create_process.dir\Debug\create_process.tlog\unsuccessfulbuild" because "AlwaysCreate" was specified.
  Touching "create_process.dir\Debug\create_process.tlog\unsuccessfulbuild".
CustomBuild:
  Building Custom Rule C:/Users/hacker/source/repos/drltrace/drltrace_src/dynamorio/tools/CMakeLists.txt
ClCompile:
  C:\Program Files\Microsoft Visual Studio\2022\Community\VC\Tools\MSVC\14.39.33519\bin\HostX64\x64\CL.exe /c /IC:\User
  s\hacker\source\repos\buildx64\dynamorio /IC:\Users\hacker\source\repos\drltrace\drltrace_src\dynamorio\libutil /IC:\
  Users\hacker\source\repos\drltrace\drltrace_src\dynamorio\core /IC:\Users\hacker\source\repos\drltrace\drltrace_src\d
  ynamorio\core\lib /Zi /nologo /W3 /WX /diagnostics:column /MP /Od /D _MBCS /D RC_IS_create_process /D SHOW_SYMBOLS /D
   NOT_DYNAMORIO_CORE /D WIN32 /D "CMAKE_INTDIR=\"Debug\"" /GF /MTd /GS- /fp:precise /Zc:wchar_t /Zc:forScope /Zc:inlin
  e /Fo"create_process.dir\Debug\\" /Fd"create_process.dir\Debug\vc143.pdb" /external:W3 /Gd /TC /wd4996 /errorReport:q
  ueue  /FS C:\Users\hacker\source\repos\drltrace\drltrace_src\dynamorio\tools\create_process.c
  create_process.c
ResourceCompile:
  C:\Program Files (x86)\Windows Kits\10\bin\10.0.22621.0\x64\rc.exe /D WIN32 /D _DEBUG /D RC_IS_create_process /D SHOW
  _SYMBOLS /D NOT_DYNAMORIO_CORE /D "CMAKE_INTDIR=\\\"Debug\\\"" /l"0x0409" /IC:\Users\hacker\source\repos\buildx64\dyn
  amorio /IC:\Users\hacker\source\repos\drltrace\drltrace_src\dynamorio\libutil /IC:\Users\hacker\source\repos\drltrace
  \drltrace_src\dynamorio\core /IC:\Users\hacker\source\repos\drltrace\drltrace_src\dynamorio\core\lib /nologo /fo"crea
  te_process.dir\Debug\resources.res" C:\Users\hacker\source\repos\drltrace\drltrace_src\dynamorio\core\win32\resources
  .rc
Link:
  C:\Program Files\Microsoft Visual Studio\2022\Community\VC\Tools\MSVC\14.39.33519\bin\HostX64\x64\link.exe /ERRORREPO
  RT:QUEUE /OUT:"C:\Users\hacker\source\repos\buildx64\dynamorio\bin64\create_process.exe" /INCREMENTAL /ILK:"create_pr
  ocess.dir\Debug\create_process.ilk" /NOLOGO ..\lib64\policy_static.lib user32.lib advapi32.lib pdh.lib imagehlp.lib s
  hell32.lib kernel32.lib user32.lib gdi32.lib winspool.lib shell32.lib ole32.lib oleaut32.lib uuid.lib comdlg32.lib ad
  vapi32.lib /MANIFEST /MANIFESTUAC:"level='asInvoker' uiAccess='false'" /manifest:embed /DEBUG /PDB:"C:/Users/hacker/s
  ource/repos/buildx64/dynamorio/bin64/create_process.pdb" /SUBSYSTEM:CONSOLE /TLBID:1 /DYNAMICBASE /NXCOMPAT /IMPLIB:"
  C:/Users/hacker/source/repos/buildx64/dynamorio/lib64/create_process.lib" /MACHINE:X64  /machine:x64 /subsystem:conso
  le,5.02 /opt:ref /opt:icf /pdbcompress create_process.dir\Debug\resources.res
  create_process.dir\Debug\create_process.obj
LINK : warning LNK4075: ignoring '/INCREMENTAL' due to '/OPT:ICF' specification [C:\Users\hacker\source\repos\buildx64\
dynamorio\tools\create_process.vcxproj]
  create_process.vcxproj -> C:\Users\hacker\source\repos\buildx64\dynamorio\bin64\create_process.exe
FinalizeBuildStatus:
  Deleting file "create_process.dir\Debug\create_process.tlog\unsuccessfulbuild".
  Touching "create_process.dir\Debug\create_process.tlog\create_process.lastbuildstate".
Done Building Project "C:\Users\hacker\source\repos\buildx64\dynamorio\tools\create_process.vcxproj" (default targets).

Project "C:\Users\hacker\source\repos\buildx64\ALL_BUILD.vcxproj" (1) is building "C:\Users\hacker\source\repos\buildx6
4\dynamorio\clients\drcachesim\directory_iterator.vcxproj" (37) on node 1 (default targets).
PrepareForBuild:
  Creating directory "directory_iterator.dir\Debug\".
  Structured output is enabled. The formatting of compiler diagnostics will reflect the error hierarchy. See https://ak
  a.ms/cpp/structured-output for more details.
  Creating directory "C:\Users\hacker\source\repos\buildx64\dynamorio\clients\lib64\debug\".
  Creating directory "directory_iterator.dir\Debug\director.739D7BBE.tlog\".
InitializeBuildStatus:
  Creating "directory_iterator.dir\Debug\director.739D7BBE.tlog\unsuccessfulbuild" because "AlwaysCreate" was specified
  .
  Touching "directory_iterator.dir\Debug\director.739D7BBE.tlog\unsuccessfulbuild".
CustomBuild:
  Building Custom Rule C:/Users/hacker/source/repos/drltrace/drltrace_src/dynamorio/clients/drcachesim/CMakeLists.txt
ClCompile:
  C:\Program Files\Microsoft Visual Studio\2022\Community\VC\Tools\MSVC\14.39.33519\bin\HostX64\x64\CL.exe /c /IC:\User
  s\hacker\source\repos\buildx64\dynamorio /IC:\Users\hacker\source\repos\buildx64\dynamorio\cmake\..\include /IC:\User
  s\hacker\source\repos\buildx64\dynamorio\ext\include /IC:\Users\hacker\source\repos\drltrace\drltrace_src\dynamorio\c
  lients\drcachesim\common /IC:\Users\hacker\source\repos\drltrace\drltrace_src\dynamorio\clients\drcachesim\reader /IC
  :\Users\hacker\source\repos\drltrace\drltrace_src\dynamorio\clients\drcachesim\tracer /IC:\Users\hacker\source\repos\
  drltrace\drltrace_src\dynamorio\clients\drcachesim /nologo /W1 /WX- /diagnostics:column /D _MBCS /D SHOW_SYMBOLS /D _
  CRT_SECURE_NO_WARNINGS /D WINDOWS /D "CMAKE_INTDIR=\"Debug\"" /EHsc /MTd /GS /fp:precise /Zc:wchar_t /Zc:forScope /Zc
  :inline /Fo"directory_iterator.dir\Debug\\" /Fd"C:\Users\hacker\source\repos\buildx64\dynamorio\clients\lib64\debug\d
  irectory_iterator.pdb" /external:W1 /Gd /TP /errorReport:queue C:\Users\hacker\source\repos\drltrace\drltrace_src\dyn
  amorio\clients\drcachesim\common\directory_iterator.cpp
  directory_iterator.cpp
Lib:
  C:\Program Files\Microsoft Visual Studio\2022\Community\VC\Tools\MSVC\14.39.33519\bin\HostX64\x64\Lib.exe /OUT:"C:\Us
  ers\hacker\source\repos\buildx64\dynamorio\clients\lib64\debug\directory_iterator.lib" /NOLOGO /MACHINE:X64  /machine
  :x64 directory_iterator.dir\Debug\directory_iterator.obj
  directory_iterator.vcxproj -> C:\Users\hacker\source\repos\buildx64\dynamorio\clients\lib64\debug\directory_iterator.
  lib
FinalizeBuildStatus:
  Deleting file "directory_iterator.dir\Debug\director.739D7BBE.tlog\unsuccessfulbuild".
  Touching "directory_iterator.dir\Debug\director.739D7BBE.tlog\directory_iterator.lastbuildstate".
Done Building Project "C:\Users\hacker\source\repos\buildx64\dynamorio\clients\drcachesim\directory_iterator.vcxproj" (
default targets).

Project "C:\Users\hacker\source\repos\buildx64\ALL_BUILD.vcxproj" (1) is building "C:\Users\hacker\source\repos\buildx6
4\dynamorio\api\samples\div.vcxproj" (38) on node 1 (default targets).
PrepareForBuild:
  Creating directory "div.dir\Debug\".
  Structured output is enabled. The formatting of compiler diagnostics will reflect the error hierarchy. See https://ak
  a.ms/cpp/structured-output for more details.
  Creating directory "div.dir\Debug\div.tlog\".
InitializeBuildStatus:
  Creating "div.dir\Debug\div.tlog\unsuccessfulbuild" because "AlwaysCreate" was specified.
  Touching "div.dir\Debug\div.tlog\unsuccessfulbuild".
CustomBuild:
  Building Custom Rule C:/Users/hacker/source/repos/drltrace/drltrace_src/dynamorio/api/samples/CMakeLists.txt
ClCompile:
  C:\Program Files\Microsoft Visual Studio\2022\Community\VC\Tools\MSVC\14.39.33519\bin\HostX64\x64\CL.exe /c /IC:\User
  s\hacker\source\repos\buildx64\dynamorio /IC:\Users\hacker\source\repos\buildx64\dynamorio\cmake\..\include /IC:\User
  s\hacker\source\repos\buildx64\dynamorio\api\samples\..\..\ext\include /Zi /nologo /W4 /WX /diagnostics:column /MP /O
  2 /D _WINDLL /D _MBCS /D DEBUG /D X86_64 /D WINDOWS /D SHOW_SYMBOLS /D _CRT_SECURE_NO_WARNINGS /D "CMAKE_INTDIR=\"Deb
  ug\"" /D div_EXPORTS /GF /MTd /GS- /fp:precise /Zc:wchar_t /Zc:forScope /Zc:inline /Fo"div.dir\Debug\\" /Fd"div.dir\D
  ebug\vc143.pdb" /external:W4 /Gd /TC /wd4100 /wd4127 /wd4054 /errorReport:queue  /FS C:\Users\hacker\source\repos\drl
  trace\drltrace_src\dynamorio\api\samples\div.c
  div.c
Link:
  C:\Program Files\Microsoft Visual Studio\2022\Community\VC\Tools\MSVC\14.39.33519\bin\HostX64\x64\link.exe /ERRORREPO
  RT:QUEUE /OUT:"C:\Users\hacker\source\repos\buildx64\dynamorio\api\bin\div.dll" /INCREMENTAL /ILK:"div.dir\Debug\div.
  ilk" /NOLOGO libcmtd.lib libvcruntimed.lib libucrtd.lib ..\..\ext\lib64\debug\drmgr.lib ..\..\lib64\debug\dynamorio.l
  ib kernel32.lib user32.lib gdi32.lib winspool.lib shell32.lib ole32.lib oleaut32.lib uuid.lib comdlg32.lib advapi32.l
  ib /MANIFEST /MANIFESTUAC:"level='asInvoker' uiAccess='false'" /manifest:embed /DEBUG /PDB:"C:/Users/hacker/source/re
  pos/buildx64/dynamorio/api/bin/div.pdb" /SUBSYSTEM:CONSOLE /TLBID:1 /DYNAMICBASE /NXCOMPAT /IMPLIB:"C:/Users/hacker/s
  ource/repos/buildx64/dynamorio/api/bin/div.lib" /MACHINE:X64  /machine:x64 /subsystem:console,5.02 /opt:ref /opt:icf
  /pdbcompress /opt:ref /opt:icf /pdbcompress /nodefaultlib /base:0x72000000 /dynamicbase:no /DLL div.dir\Debug\div.obj
LINK : warning LNK4075: ignoring '/INCREMENTAL' due to '/OPT:ICF' specification [C:\Users\hacker\source\repos\buildx64\
dynamorio\api\samples\div.vcxproj]
     Creating library C:/Users/hacker/source/repos/buildx64/dynamorio/api/bin/div.lib and object C:/Users/hacker/source
  /repos/buildx64/dynamorio/api/bin/div.exp
LINK : warning LNK4281: undesirable base address 0x72000000 for x64 image; set base address above 4GB for best ASLR opt
imization [C:\Users\hacker\source\repos\buildx64\dynamorio\api\samples\div.vcxproj]
  div.vcxproj -> C:\Users\hacker\source\repos\buildx64\dynamorio\api\bin\div.dll
PostBuildEvent:
  setlocal
  "C:\Program Files\CMake\bin\cmake.exe" -E echo "Usage: pass to drconfig or drrun: -c C:/Users/hacker/source/repos/bui
  ldx64/dynamorio/api/samples/../bin/div.dll"
  if %errorlevel% neq 0 goto :cmEnd
  :cmEnd
  endlocal & call :cmErrorLevel %errorlevel% & goto :cmDone
  :cmErrorLevel
  exit /b %1
  :cmDone
  if %errorlevel% neq 0 goto :VCEnd
  :VCEnd
  Usage: pass to drconfig or drrun: -c C:/Users/hacker/source/repos/buildx64/dynamorio/api/samples/../bin/div.dll
FinalizeBuildStatus:
  Deleting file "div.dir\Debug\div.tlog\unsuccessfulbuild".
  Touching "div.dir\Debug\div.tlog\div.lastbuildstate".
Done Building Project "C:\Users\hacker\source\repos\buildx64\dynamorio\api\samples\div.vcxproj" (default targets).

Project "C:\Users\hacker\source\repos\buildx64\ALL_BUILD.vcxproj" (1) is building "C:\Users\hacker\source\repos\buildx6
4\dynamorio\ext\drbbdup\drbbdup.vcxproj" (39) on node 1 (default targets).
PrepareForBuild:
  Creating directory "drbbdup.dir\Debug\".
  Structured output is enabled. The formatting of compiler diagnostics will reflect the error hierarchy. See https://ak
  a.ms/cpp/structured-output for more details.
  Creating directory "drbbdup.dir\Debug\drbbdup.tlog\".
InitializeBuildStatus:
  Creating "drbbdup.dir\Debug\drbbdup.tlog\unsuccessfulbuild" because "AlwaysCreate" was specified.
  Touching "drbbdup.dir\Debug\drbbdup.tlog\unsuccessfulbuild".
CustomBuild:
  Building Custom Rule C:/Users/hacker/source/repos/drltrace/drltrace_src/dynamorio/ext/drbbdup/CMakeLists.txt
ClCompile:
  C:\Program Files\Microsoft Visual Studio\2022\Community\VC\Tools\MSVC\14.39.33519\bin\HostX64\x64\CL.exe /c /IC:\User
  s\hacker\source\repos\buildx64\dynamorio /IC:\Users\hacker\source\repos\buildx64\dynamorio\cmake\..\include /IC:\User
  s\hacker\source\repos\drltrace\drltrace_src\dynamorio\ext\drbbdup\ext\lib64\debug /IC:\Users\hacker\source\repos\drlt
  race\drltrace_src\dynamorio\core\lib /IC:\Users\hacker\source\repos\buildx64\dynamorio\ext\include /Zi /nologo /W4 /W
  X /diagnostics:column /MP /Od /D _WINDLL /D _MBCS /D DEBUG /D X64 /D X86_64 /D WINDOWS /D RC_IS_drbbdup /D SHOW_SYMBO
  LS /D _CRT_SECURE_NO_WARNINGS /D "CMAKE_INTDIR=\"Debug\"" /D drbbdup_EXPORTS /GF /MTd /GS- /fp:precise /Zc:wchar_t /Z
  c:forScope /Zc:inline /Fo"drbbdup.dir\Debug\\" /Fd"drbbdup.dir\Debug\vc143.pdb" /external:W4 /Gd /TC /wd4100 /wd4127
  /wd4054 /errorReport:queue  /FS C:\Users\hacker\source\repos\drltrace\drltrace_src\dynamorio\ext\drbbdup\drbbdup.c
  drbbdup.c
Link:
  C:\Program Files\Microsoft Visual Studio\2022\Community\VC\Tools\MSVC\14.39.33519\bin\HostX64\x64\link.exe /ERRORREPO
  RT:QUEUE /OUT:"C:\Users\hacker\source\repos\buildx64\dynamorio\ext\lib64\debug\drbbdup.dll" /INCREMENTAL /ILK:"drbbdu
  p.dir\Debug\drbbdup.ilk" /NOLOGO ..\lib64\debug\drcontainers.lib ..\lib64\debug\drreg.lib ..\lib64\debug\drcontainers
  .lib ..\lib64\debug\drmgr.lib ..\..\lib64\debug\dynamorio.lib kernel32.lib user32.lib gdi32.lib winspool.lib shell32.
  lib ole32.lib oleaut32.lib uuid.lib comdlg32.lib advapi32.lib /MANIFEST /MANIFESTUAC:"level='asInvoker' uiAccess='fal
  se'" /manifest:embed /DEBUG /PDB:"C:/Users/hacker/source/repos/buildx64/dynamorio/ext/lib64/debug/drbbdup.pdb" /SUBSY
  STEM:CONSOLE /TLBID:1 /DYNAMICBASE /NXCOMPAT /IMPLIB:"C:/Users/hacker/source/repos/buildx64/dynamorio/ext/lib64/debug
  /drbbdup.lib" /MACHINE:X64  /machine:x64 /subsystem:console,5.02 /opt:ref /opt:icf /pdbcompress /opt:ref /opt:icf /pd
  bcompress /nodefaultlib /noentry /base:0x72000000 /dynamicbase:no /DLL drbbdup.dir\Debug\drbbdup.obj
LINK : warning LNK4075: ignoring '/INCREMENTAL' due to '/OPT:ICF' specification [C:\Users\hacker\source\repos\buildx64\
dynamorio\ext\drbbdup\drbbdup.vcxproj]
     Creating library C:/Users/hacker/source/repos/buildx64/dynamorio/ext/lib64/debug/drbbdup.lib and object C:/Users/h
  acker/source/repos/buildx64/dynamorio/ext/lib64/debug/drbbdup.exp
LINK : warning LNK4281: undesirable base address 0x72000000 for x64 image; set base address above 4GB for best ASLR opt
imization [C:\Users\hacker\source\repos\buildx64\dynamorio\ext\drbbdup\drbbdup.vcxproj]
  drbbdup.vcxproj -> C:\Users\hacker\source\repos\buildx64\dynamorio\ext\lib64\debug\drbbdup.dll
FinalizeBuildStatus:
  Deleting file "drbbdup.dir\Debug\drbbdup.tlog\unsuccessfulbuild".
  Touching "drbbdup.dir\Debug\drbbdup.tlog\drbbdup.lastbuildstate".
Done Building Project "C:\Users\hacker\source\repos\buildx64\dynamorio\ext\drbbdup\drbbdup.vcxproj" (default targets).

Project "C:\Users\hacker\source\repos\buildx64\ALL_BUILD.vcxproj" (1) is building "C:\Users\hacker\source\repos\buildx6
4\dynamorio\ext\drbbdup\drbbdup_static.vcxproj" (40) on node 1 (default targets).
Project "C:\Users\hacker\source\repos\buildx64\dynamorio\ext\drbbdup\drbbdup_static.vcxproj" (40) is building "C:\Users
\hacker\source\repos\buildx64\dynamorio\ext\drmgr\drmgr_static.vcxproj" (41) on node 1 (default targets).
PrepareForBuild:
  Creating directory "drmgr_static.dir\Debug\".
  Structured output is enabled. The formatting of compiler diagnostics will reflect the error hierarchy. See https://ak
  a.ms/cpp/structured-output for more details.
  Creating directory "drmgr_static.dir\Debug\drmgr_static.tlog\".
InitializeBuildStatus:
  Creating "drmgr_static.dir\Debug\drmgr_static.tlog\unsuccessfulbuild" because "AlwaysCreate" was specified.
  Touching "drmgr_static.dir\Debug\drmgr_static.tlog\unsuccessfulbuild".
CustomBuild:
  Building Custom Rule C:/Users/hacker/source/repos/drltrace/drltrace_src/dynamorio/ext/drmgr/CMakeLists.txt
ClCompile:
  C:\Program Files\Microsoft Visual Studio\2022\Community\VC\Tools\MSVC\14.39.33519\bin\HostX64\x64\CL.exe /c /IC:\User
  s\hacker\source\repos\buildx64\dynamorio /IC:\Users\hacker\source\repos\buildx64\dynamorio\cmake\..\include /IC:\User
  s\hacker\source\repos\drltrace\drltrace_src\dynamorio\ext\drmgr\ext\lib64\debug /IC:\Users\hacker\source\repos\drltra
  ce\drltrace_src\dynamorio\core\lib /Zi /nologo /W4 /WX /diagnostics:column /MP /Od /D _MBCS /D DEBUG /D X64 /D X86_64
   /D WINDOWS /D RC_IS_drmgr_static /D SHOW_SYMBOLS /D _CRT_SECURE_NO_WARNINGS /D "CMAKE_INTDIR=\"Debug\"" /GF /MTd /GS
  - /fp:precise /Zc:wchar_t /Zc:forScope /Zc:inline /Fo"drmgr_static.dir\Debug\\" /Fd"C:\Users\hacker\source\repos\buil
  dx64\dynamorio\ext\lib64\debug\drmgr_static.pdb" /external:W4 /Gd /TC /wd4100 /wd4127 /wd4054 /errorReport:queue  /FS
   C:\Users\hacker\source\repos\drltrace\drltrace_src\dynamorio\ext\drmgr\drmgr.c
  drmgr.c
Lib:
  C:\Program Files\Microsoft Visual Studio\2022\Community\VC\Tools\MSVC\14.39.33519\bin\HostX64\x64\Lib.exe /OUT:"C:\Us
  ers\hacker\source\repos\buildx64\dynamorio\ext\lib64\debug\drmgr_static.lib" /NOLOGO /MACHINE:X64  /machine:x64 drmgr
  _static.dir\Debug\drmgr.obj
  drmgr_static.vcxproj -> C:\Users\hacker\source\repos\buildx64\dynamorio\ext\lib64\debug\drmgr_static.lib
FinalizeBuildStatus:
  Deleting file "drmgr_static.dir\Debug\drmgr_static.tlog\unsuccessfulbuild".
  Touching "drmgr_static.dir\Debug\drmgr_static.tlog\drmgr_static.lastbuildstate".
Done Building Project "C:\Users\hacker\source\repos\buildx64\dynamorio\ext\drmgr\drmgr_static.vcxproj" (default targets
).

Project "C:\Users\hacker\source\repos\buildx64\dynamorio\ext\drbbdup\drbbdup_static.vcxproj" (40) is building "C:\Users
\hacker\source\repos\buildx64\dynamorio\ext\drreg\drreg_static.vcxproj" (42) on node 1 (default targets).
PrepareForBuild:
  Creating directory "drreg_static.dir\Debug\".
  Structured output is enabled. The formatting of compiler diagnostics will reflect the error hierarchy. See https://ak
  a.ms/cpp/structured-output for more details.
  Creating directory "drreg_static.dir\Debug\drreg_static.tlog\".
InitializeBuildStatus:
  Creating "drreg_static.dir\Debug\drreg_static.tlog\unsuccessfulbuild" because "AlwaysCreate" was specified.
  Touching "drreg_static.dir\Debug\drreg_static.tlog\unsuccessfulbuild".
CustomBuild:
  Building Custom Rule C:/Users/hacker/source/repos/drltrace/drltrace_src/dynamorio/ext/drreg/CMakeLists.txt
ClCompile:
  C:\Program Files\Microsoft Visual Studio\2022\Community\VC\Tools\MSVC\14.39.33519\bin\HostX64\x64\CL.exe /c /IC:\User
  s\hacker\source\repos\buildx64\dynamorio /IC:\Users\hacker\source\repos\buildx64\dynamorio\cmake\..\include /IC:\User
  s\hacker\source\repos\drltrace\drltrace_src\dynamorio\ext\drreg\ext\lib64\debug /IC:\Users\hacker\source\repos\drltra
  ce\drltrace_src\dynamorio\core\lib /IC:\Users\hacker\source\repos\buildx64\dynamorio\ext\include /Zi /nologo /W4 /WX
  /diagnostics:column /MP /Od /D _MBCS /D DEBUG /D X64 /D X86_64 /D WINDOWS /D RC_IS_drreg_static /D SHOW_SYMBOLS /D _C
  RT_SECURE_NO_WARNINGS /D "CMAKE_INTDIR=\"Debug\"" /GF /MTd /GS- /fp:precise /Zc:wchar_t /Zc:forScope /Zc:inline /Fo"d
  rreg_static.dir\Debug\\" /Fd"C:\Users\hacker\source\repos\buildx64\dynamorio\ext\lib64\debug\drreg_static.pdb" /exter
  nal:W4 /Gd /TC /wd4100 /wd4127 /wd4054 /errorReport:queue  /FS C:\Users\hacker\source\repos\drltrace\drltrace_src\dyn
  amorio\ext\drreg\drreg.c
  drreg.c
Lib:
  C:\Program Files\Microsoft Visual Studio\2022\Community\VC\Tools\MSVC\14.39.33519\bin\HostX64\x64\Lib.exe /OUT:"C:\Us
  ers\hacker\source\repos\buildx64\dynamorio\ext\lib64\debug\drreg_static.lib" /NOLOGO /MACHINE:X64  /machine:x64 drreg
  _static.dir\Debug\drreg.obj
  drreg_static.vcxproj -> C:\Users\hacker\source\repos\buildx64\dynamorio\ext\lib64\debug\drreg_static.lib
FinalizeBuildStatus:
  Deleting file "drreg_static.dir\Debug\drreg_static.tlog\unsuccessfulbuild".
  Touching "drreg_static.dir\Debug\drreg_static.tlog\drreg_static.lastbuildstate".
Done Building Project "C:\Users\hacker\source\repos\buildx64\dynamorio\ext\drreg\drreg_static.vcxproj" (default targets
).

PrepareForBuild:
  Creating directory "drbbdup_static.dir\Debug\".
  Structured output is enabled. The formatting of compiler diagnostics will reflect the error hierarchy. See https://ak
  a.ms/cpp/structured-output for more details.
  Creating directory "drbbdup_static.dir\Debug\drbbdup_static.tlog\".
InitializeBuildStatus:
  Creating "drbbdup_static.dir\Debug\drbbdup_static.tlog\unsuccessfulbuild" because "AlwaysCreate" was specified.
  Touching "drbbdup_static.dir\Debug\drbbdup_static.tlog\unsuccessfulbuild".
CustomBuild:
  Building Custom Rule C:/Users/hacker/source/repos/drltrace/drltrace_src/dynamorio/ext/drbbdup/CMakeLists.txt
ClCompile:
  C:\Program Files\Microsoft Visual Studio\2022\Community\VC\Tools\MSVC\14.39.33519\bin\HostX64\x64\CL.exe /c /IC:\User
  s\hacker\source\repos\buildx64\dynamorio /IC:\Users\hacker\source\repos\buildx64\dynamorio\cmake\..\include /IC:\User
  s\hacker\source\repos\drltrace\drltrace_src\dynamorio\ext\drbbdup\ext\lib64\debug /IC:\Users\hacker\source\repos\drlt
  race\drltrace_src\dynamorio\core\lib /IC:\Users\hacker\source\repos\buildx64\dynamorio\ext\include /Zi /nologo /W4 /W
  X /diagnostics:column /MP /Od /D _MBCS /D DEBUG /D X64 /D X86_64 /D WINDOWS /D RC_IS_drbbdup_static /D SHOW_SYMBOLS /
  D _CRT_SECURE_NO_WARNINGS /D "CMAKE_INTDIR=\"Debug\"" /GF /MTd /GS- /fp:precise /Zc:wchar_t /Zc:forScope /Zc:inline /
  Fo"drbbdup_static.dir\Debug\\" /Fd"C:\Users\hacker\source\repos\buildx64\dynamorio\ext\lib64\debug\drbbdup_static.pdb
  " /external:W4 /Gd /TC /wd4100 /wd4127 /wd4054 /errorReport:queue  /FS C:\Users\hacker\source\repos\drltrace\drltrace
  _src\dynamorio\ext\drbbdup\drbbdup.c
  drbbdup.c
Lib:
  C:\Program Files\Microsoft Visual Studio\2022\Community\VC\Tools\MSVC\14.39.33519\bin\HostX64\x64\Lib.exe /OUT:"C:\Us
  ers\hacker\source\repos\buildx64\dynamorio\ext\lib64\debug\drbbdup_static.lib" /NOLOGO /MACHINE:X64  /machine:x64 drb
  bdup_static.dir\Debug\drbbdup.obj
  drbbdup_static.vcxproj -> C:\Users\hacker\source\repos\buildx64\dynamorio\ext\lib64\debug\drbbdup_static.lib
FinalizeBuildStatus:
  Deleting file "drbbdup_static.dir\Debug\drbbdup_static.tlog\unsuccessfulbuild".
  Touching "drbbdup_static.dir\Debug\drbbdup_static.tlog\drbbdup_static.lastbuildstate".
Done Building Project "C:\Users\hacker\source\repos\buildx64\dynamorio\ext\drbbdup\drbbdup_static.vcxproj" (default tar
gets).

Project "C:\Users\hacker\source\repos\buildx64\ALL_BUILD.vcxproj" (1) is building "C:\Users\hacker\source\repos\buildx6
4\dynamorio\clients\drcachesim\drcachesim.vcxproj" (43) on node 1 (default targets).
Project "C:\Users\hacker\source\repos\buildx64\dynamorio\clients\drcachesim\drcachesim.vcxproj" (43) is building "C:\Us
ers\hacker\source\repos\buildx64\dynamorio\ext\drcovlib\drcovlib_static.vcxproj" (44) on node 1 (default targets).
Project "C:\Users\hacker\source\repos\buildx64\dynamorio\ext\drcovlib\drcovlib_static.vcxproj" (44) is building "C:\Use
rs\hacker\source\repos\buildx64\dynamorio\ext\drx\drx_static.vcxproj" (45) on node 1 (default targets).
PrepareForBuild:
  Creating directory "drx_static.dir\Debug\".
  Structured output is enabled. The formatting of compiler diagnostics will reflect the error hierarchy. See https://ak
  a.ms/cpp/structured-output for more details.
  Creating directory "drx_static.dir\Debug\drx_static.tlog\".
InitializeBuildStatus:
  Creating "drx_static.dir\Debug\drx_static.tlog\unsuccessfulbuild" because "AlwaysCreate" was specified.
  Touching "drx_static.dir\Debug\drx_static.tlog\unsuccessfulbuild".
CustomBuild:
  Building Custom Rule C:/Users/hacker/source/repos/drltrace/drltrace_src/dynamorio/ext/drx/CMakeLists.txt
ClCompile:
  C:\Program Files\Microsoft Visual Studio\2022\Community\VC\Tools\MSVC\14.39.33519\bin\HostX64\x64\CL.exe /c /IC:\User
  s\hacker\source\repos\buildx64\dynamorio /IC:\Users\hacker\source\repos\buildx64\dynamorio\cmake\..\include /IC:\User
  s\hacker\source\repos\drltrace\drltrace_src\dynamorio\ext\drx\ext\lib64\debug /IC:\Users\hacker\source\repos\drltrace
  \drltrace_src\dynamorio\core\lib /IC:\Users\hacker\source\repos\buildx64\dynamorio\ext\include /Zi /nologo /W4 /WX /d
  iagnostics:column /MP /Od /D _MBCS /D DEBUG /D X64 /D X86_64 /D WINDOWS /D RC_IS_drx_static /D SHOW_SYMBOLS /D _CRT_S
  ECURE_NO_WARNINGS /D "CMAKE_INTDIR=\"Debug\"" /GF /MTd /GS- /fp:precise /Zc:wchar_t /Zc:forScope /Zc:inline /Fo"drx_s
  tatic.dir\Debug\\" /Fd"C:\Users\hacker\source\repos\buildx64\dynamorio\ext\lib64\debug\drx_static.pdb" /external:W4 /
  Gd /TC /wd4100 /wd4127 /wd4054 /errorReport:queue  /FS C:\Users\hacker\source\repos\drltrace\drltrace_src\dynamorio\e
  xt\drx\drx.c C:\Users\hacker\source\repos\drltrace\drltrace_src\dynamorio\ext\drx\drx_buf.c
  drx.c
  drx_buf.c
Lib:
  C:\Program Files\Microsoft Visual Studio\2022\Community\VC\Tools\MSVC\14.39.33519\bin\HostX64\x64\Lib.exe /OUT:"C:\Us
  ers\hacker\source\repos\buildx64\dynamorio\ext\lib64\debug\drx_static.lib" /NOLOGO /MACHINE:X64  /machine:x64 drx_sta
  tic.dir\Debug\drx.obj
  drx_static.dir\Debug\drx_buf.obj
  drx_static.vcxproj -> C:\Users\hacker\source\repos\buildx64\dynamorio\ext\lib64\debug\drx_static.lib
FinalizeBuildStatus:
  Deleting file "drx_static.dir\Debug\drx_static.tlog\unsuccessfulbuild".
  Touching "drx_static.dir\Debug\drx_static.tlog\drx_static.lastbuildstate".
Done Building Project "C:\Users\hacker\source\repos\buildx64\dynamorio\ext\drx\drx_static.vcxproj" (default targets).

PrepareForBuild:
  Creating directory "drcovlib_static.dir\Debug\".
  Structured output is enabled. The formatting of compiler diagnostics will reflect the error hierarchy. See https://ak
  a.ms/cpp/structured-output for more details.
  Creating directory "drcovlib_static.dir\Debug\drcovlib_static.tlog\".
InitializeBuildStatus:
  Creating "drcovlib_static.dir\Debug\drcovlib_static.tlog\unsuccessfulbuild" because "AlwaysCreate" was specified.
  Touching "drcovlib_static.dir\Debug\drcovlib_static.tlog\unsuccessfulbuild".
CustomBuild:
  Building Custom Rule C:/Users/hacker/source/repos/drltrace/drltrace_src/dynamorio/ext/drcovlib/CMakeLists.txt
ClCompile:
  C:\Program Files\Microsoft Visual Studio\2022\Community\VC\Tools\MSVC\14.39.33519\bin\HostX64\x64\CL.exe /c /IC:\User
  s\hacker\source\repos\buildx64\dynamorio /IC:\Users\hacker\source\repos\buildx64\dynamorio\cmake\..\include /IC:\User
  s\hacker\source\repos\drltrace\drltrace_src\dynamorio\ext\drcovlib\ext\lib64\debug /IC:\Users\hacker\source\repos\drl
  trace\drltrace_src\dynamorio\core\lib /IC:\Users\hacker\source\repos\buildx64\dynamorio\ext\include /Zi /nologo /W4 /
  WX /diagnostics:column /MP /Od /D _MBCS /D DEBUG /D X64 /D X86_64 /D WINDOWS /D RC_IS_drcovlib_static /D SHOW_SYMBOLS
   /D _CRT_SECURE_NO_WARNINGS /D "CMAKE_INTDIR=\"Debug\"" /GF /MTd /GS- /fp:precise /Zc:wchar_t /Zc:forScope /Zc:inline
   /Fo"drcovlib_static.dir\Debug\\" /Fd"C:\Users\hacker\source\repos\buildx64\dynamorio\ext\lib64\debug\drcovlib_static
  .pdb" /external:W4 /Gd /TC /wd4100 /wd4127 /wd4054 /errorReport:queue  /FS C:\Users\hacker\source\repos\drltrace\drlt
  race_src\dynamorio\ext\drcovlib\drcovlib.c C:\Users\hacker\source\repos\drltrace\drltrace_src\dynamorio\ext\drcovlib\
  modules.c
  drcovlib.c
  modules.c
Lib:
  C:\Program Files\Microsoft Visual Studio\2022\Community\VC\Tools\MSVC\14.39.33519\bin\HostX64\x64\Lib.exe /OUT:"C:\Us
  ers\hacker\source\repos\buildx64\dynamorio\ext\lib64\debug\drcovlib_static.lib" /NOLOGO /MACHINE:X64  /machine:x64 dr
  covlib_static.dir\Debug\drcovlib.obj
  drcovlib_static.dir\Debug\modules.obj
  drcovlib_static.vcxproj -> C:\Users\hacker\source\repos\buildx64\dynamorio\ext\lib64\debug\drcovlib_static.lib
FinalizeBuildStatus:
  Deleting file "drcovlib_static.dir\Debug\drcovlib_static.tlog\unsuccessfulbuild".
  Touching "drcovlib_static.dir\Debug\drcovlib_static.tlog\drcovlib_static.lastbuildstate".
Done Building Project "C:\Users\hacker\source\repos\buildx64\dynamorio\ext\drcovlib\drcovlib_static.vcxproj" (default t
argets).

Project "C:\Users\hacker\source\repos\buildx64\dynamorio\clients\drcachesim\drcachesim.vcxproj" (43) is building "C:\Us
ers\hacker\source\repos\buildx64\dynamorio\clients\drcachesim\drmemtrace_basic_counts.vcxproj" (46) on node 1 (default
targets).
PrepareForBuild:
  Creating directory "drmemtrace_basic_counts.dir\Debug\".
  Structured output is enabled. The formatting of compiler diagnostics will reflect the error hierarchy. See https://ak
  a.ms/cpp/structured-output for more details.
  Creating directory "drmemtrace_basic_counts.dir\Debug\drmemtra.AAFA4ED7.tlog\".
InitializeBuildStatus:
  Creating "drmemtrace_basic_counts.dir\Debug\drmemtra.AAFA4ED7.tlog\unsuccessfulbuild" because "AlwaysCreate" was spec
  ified.
  Touching "drmemtrace_basic_counts.dir\Debug\drmemtra.AAFA4ED7.tlog\unsuccessfulbuild".
CustomBuild:
  Building Custom Rule C:/Users/hacker/source/repos/drltrace/drltrace_src/dynamorio/clients/drcachesim/CMakeLists.txt
ClCompile:
  C:\Program Files\Microsoft Visual Studio\2022\Community\VC\Tools\MSVC\14.39.33519\bin\HostX64\x64\CL.exe /c /IC:\User
  s\hacker\source\repos\buildx64\dynamorio /IC:\Users\hacker\source\repos\buildx64\dynamorio\cmake\..\include /IC:\User
  s\hacker\source\repos\buildx64\dynamorio\ext\include /IC:\Users\hacker\source\repos\drltrace\drltrace_src\dynamorio\c
  lients\drcachesim\common /IC:\Users\hacker\source\repos\drltrace\drltrace_src\dynamorio\clients\drcachesim\reader /IC
  :\Users\hacker\source\repos\drltrace\drltrace_src\dynamorio\clients\drcachesim\tracer /IC:\Users\hacker\source\repos\
  drltrace\drltrace_src\dynamorio\clients\drcachesim /Zi /nologo /W4 /WX /diagnostics:column /MP /Od /D _MBCS /D DEBUG
  /D X64 /D X86_64 /D WINDOWS /D SHOW_SYMBOLS /D _CRT_SECURE_NO_WARNINGS /D "CMAKE_INTDIR=\"Debug\"" /GF /EHsc /MTd /GS
  - /fp:precise /Zc:wchar_t /Zc:forScope /Zc:inline /Fo"drmemtrace_basic_counts.dir\Debug\\" /Fd"C:\Users\hacker\source
  \repos\buildx64\dynamorio\clients\lib64\debug\drmemtrace_basic_counts.pdb" /external:W4 /Gd /TP /wd4100 /wd4127 /wd40
  54 /errorReport:queue  /FS C:\Users\hacker\source\repos\drltrace\drltrace_src\dynamorio\clients\drcachesim\tools\basi
  c_counts.cpp
  basic_counts.cpp
Lib:
  C:\Program Files\Microsoft Visual Studio\2022\Community\VC\Tools\MSVC\14.39.33519\bin\HostX64\x64\Lib.exe /OUT:"C:\Us
  ers\hacker\source\repos\buildx64\dynamorio\clients\lib64\debug\drmemtrace_basic_counts.lib" /NOLOGO /MACHINE:X64  /ma
  chine:x64 drmemtrace_basic_counts.dir\Debug\basic_counts.obj
  drmemtrace_basic_counts.vcxproj -> C:\Users\hacker\source\repos\buildx64\dynamorio\clients\lib64\debug\drmemtrace_bas
  ic_counts.lib
FinalizeBuildStatus:
  Deleting file "drmemtrace_basic_counts.dir\Debug\drmemtra.AAFA4ED7.tlog\unsuccessfulbuild".
  Touching "drmemtrace_basic_counts.dir\Debug\drmemtra.AAFA4ED7.tlog\drmemtrace_basic_counts.lastbuildstate".
Done Building Project "C:\Users\hacker\source\repos\buildx64\dynamorio\clients\drcachesim\drmemtrace_basic_counts.vcxpr
oj" (default targets).

Project "C:\Users\hacker\source\repos\buildx64\dynamorio\clients\drcachesim\drcachesim.vcxproj" (43) is building "C:\Us
ers\hacker\source\repos\buildx64\dynamorio\clients\drcachesim\drmemtrace_func_view.vcxproj" (47) on node 1 (default tar
gets).
PrepareForBuild:
  Creating directory "drmemtrace_func_view.dir\Debug\".
  Structured output is enabled. The formatting of compiler diagnostics will reflect the error hierarchy. See https://ak
  a.ms/cpp/structured-output for more details.
  Creating directory "drmemtrace_func_view.dir\Debug\drmemtra.10EE1CEB.tlog\".
InitializeBuildStatus:
  Creating "drmemtrace_func_view.dir\Debug\drmemtra.10EE1CEB.tlog\unsuccessfulbuild" because "AlwaysCreate" was specifi
  ed.
  Touching "drmemtrace_func_view.dir\Debug\drmemtra.10EE1CEB.tlog\unsuccessfulbuild".
CustomBuild:
  Building Custom Rule C:/Users/hacker/source/repos/drltrace/drltrace_src/dynamorio/clients/drcachesim/CMakeLists.txt
ClCompile:
  C:\Program Files\Microsoft Visual Studio\2022\Community\VC\Tools\MSVC\14.39.33519\bin\HostX64\x64\CL.exe /c /IC:\User
  s\hacker\source\repos\buildx64\dynamorio /IC:\Users\hacker\source\repos\buildx64\dynamorio\cmake\..\include /IC:\User
  s\hacker\source\repos\buildx64\dynamorio\ext\include /IC:\Users\hacker\source\repos\drltrace\drltrace_src\dynamorio\c
  lients\drcachesim\common /IC:\Users\hacker\source\repos\drltrace\drltrace_src\dynamorio\clients\drcachesim\reader /IC
  :\Users\hacker\source\repos\drltrace\drltrace_src\dynamorio\clients\drcachesim\tracer /IC:\Users\hacker\source\repos\
  drltrace\drltrace_src\dynamorio\clients\drcachesim /Zi /nologo /W4 /WX /diagnostics:column /MP /Od /D _MBCS /D DEBUG
  /D X64 /D X86_64 /D WINDOWS /D SHOW_SYMBOLS /D _CRT_SECURE_NO_WARNINGS /D "CMAKE_INTDIR=\"Debug\"" /GF /EHsc /MTd /GS
  - /fp:precise /Zc:wchar_t /Zc:forScope /Zc:inline /Fo"drmemtrace_func_view.dir\Debug\\" /Fd"C:\Users\hacker\source\re
  pos\buildx64\dynamorio\clients\lib64\debug\drmemtrace_func_view.pdb" /external:W4 /Gd /TP /wd4100 /wd4127 /wd4054 /er
  rorReport:queue  /FS C:\Users\hacker\source\repos\drltrace\drltrace_src\dynamorio\clients\drcachesim\tools\func_view.
  cpp
  func_view.cpp
Lib:
  C:\Program Files\Microsoft Visual Studio\2022\Community\VC\Tools\MSVC\14.39.33519\bin\HostX64\x64\Lib.exe /OUT:"C:\Us
  ers\hacker\source\repos\buildx64\dynamorio\clients\lib64\debug\drmemtrace_func_view.lib" /NOLOGO /MACHINE:X64  /machi
  ne:x64 drmemtrace_func_view.dir\Debug\func_view.obj
  drmemtrace_func_view.vcxproj -> C:\Users\hacker\source\repos\buildx64\dynamorio\clients\lib64\debug\drmemtrace_func_v
  iew.lib
FinalizeBuildStatus:
  Deleting file "drmemtrace_func_view.dir\Debug\drmemtra.10EE1CEB.tlog\unsuccessfulbuild".
  Touching "drmemtrace_func_view.dir\Debug\drmemtra.10EE1CEB.tlog\drmemtrace_func_view.lastbuildstate".
Done Building Project "C:\Users\hacker\source\repos\buildx64\dynamorio\clients\drcachesim\drmemtrace_func_view.vcxproj"
 (default targets).

Project "C:\Users\hacker\source\repos\buildx64\dynamorio\clients\drcachesim\drcachesim.vcxproj" (43) is building "C:\Us
ers\hacker\source\repos\buildx64\dynamorio\clients\drcachesim\drmemtrace_histogram.vcxproj" (48) on node 1 (default tar
gets).
PrepareForBuild:
  Creating directory "drmemtrace_histogram.dir\Debug\".
  Structured output is enabled. The formatting of compiler diagnostics will reflect the error hierarchy. See https://ak
  a.ms/cpp/structured-output for more details.
  Creating directory "drmemtrace_histogram.dir\Debug\drmemtra.E395321C.tlog\".
InitializeBuildStatus:
  Creating "drmemtrace_histogram.dir\Debug\drmemtra.E395321C.tlog\unsuccessfulbuild" because "AlwaysCreate" was specifi
  ed.
  Touching "drmemtrace_histogram.dir\Debug\drmemtra.E395321C.tlog\unsuccessfulbuild".
CustomBuild:
  Building Custom Rule C:/Users/hacker/source/repos/drltrace/drltrace_src/dynamorio/clients/drcachesim/CMakeLists.txt
ClCompile:
  C:\Program Files\Microsoft Visual Studio\2022\Community\VC\Tools\MSVC\14.39.33519\bin\HostX64\x64\CL.exe /c /IC:\User
  s\hacker\source\repos\buildx64\dynamorio /IC:\Users\hacker\source\repos\buildx64\dynamorio\cmake\..\include /IC:\User
  s\hacker\source\repos\buildx64\dynamorio\ext\include /IC:\Users\hacker\source\repos\drltrace\drltrace_src\dynamorio\c
  lients\drcachesim\common /IC:\Users\hacker\source\repos\drltrace\drltrace_src\dynamorio\clients\drcachesim\reader /IC
  :\Users\hacker\source\repos\drltrace\drltrace_src\dynamorio\clients\drcachesim\tracer /IC:\Users\hacker\source\repos\
  drltrace\drltrace_src\dynamorio\clients\drcachesim /Zi /nologo /W4 /WX /diagnostics:column /MP /Od /D _MBCS /D DEBUG
  /D X64 /D X86_64 /D WINDOWS /D SHOW_SYMBOLS /D _CRT_SECURE_NO_WARNINGS /D "CMAKE_INTDIR=\"Debug\"" /GF /EHsc /MTd /GS
  - /fp:precise /Zc:wchar_t /Zc:forScope /Zc:inline /Fo"drmemtrace_histogram.dir\Debug\\" /Fd"C:\Users\hacker\source\re
  pos\buildx64\dynamorio\clients\lib64\debug\drmemtrace_histogram.pdb" /external:W4 /Gd /TP /wd4100 /wd4127 /wd4054 /er
  rorReport:queue  /FS C:\Users\hacker\source\repos\drltrace\drltrace_src\dynamorio\clients\drcachesim\tools\histogram.
  cpp
  histogram.cpp
Lib:
  C:\Program Files\Microsoft Visual Studio\2022\Community\VC\Tools\MSVC\14.39.33519\bin\HostX64\x64\Lib.exe /OUT:"C:\Us
  ers\hacker\source\repos\buildx64\dynamorio\clients\lib64\debug\drmemtrace_histogram.lib" /NOLOGO /MACHINE:X64  /machi
  ne:x64 drmemtrace_histogram.dir\Debug\histogram.obj
  drmemtrace_histogram.vcxproj -> C:\Users\hacker\source\repos\buildx64\dynamorio\clients\lib64\debug\drmemtrace_histog
  ram.lib
FinalizeBuildStatus:
  Deleting file "drmemtrace_histogram.dir\Debug\drmemtra.E395321C.tlog\unsuccessfulbuild".
  Touching "drmemtrace_histogram.dir\Debug\drmemtra.E395321C.tlog\drmemtrace_histogram.lastbuildstate".
Done Building Project "C:\Users\hacker\source\repos\buildx64\dynamorio\clients\drcachesim\drmemtrace_histogram.vcxproj"
 (default targets).

Project "C:\Users\hacker\source\repos\buildx64\dynamorio\clients\drcachesim\drcachesim.vcxproj" (43) is building "C:\Us
ers\hacker\source\repos\buildx64\dynamorio\clients\drcachesim\drmemtrace_opcode_mix.vcxproj" (49) on node 1 (default ta
rgets).
PrepareForBuild:
  Creating directory "drmemtrace_opcode_mix.dir\Debug\".
  Structured output is enabled. The formatting of compiler diagnostics will reflect the error hierarchy. See https://ak
  a.ms/cpp/structured-output for more details.
  Creating directory "drmemtrace_opcode_mix.dir\Debug\drmemtra.F5BA3D13.tlog\".
InitializeBuildStatus:
  Creating "drmemtrace_opcode_mix.dir\Debug\drmemtra.F5BA3D13.tlog\unsuccessfulbuild" because "AlwaysCreate" was specif
  ied.
  Touching "drmemtrace_opcode_mix.dir\Debug\drmemtra.F5BA3D13.tlog\unsuccessfulbuild".
CustomBuild:
  Building Custom Rule C:/Users/hacker/source/repos/drltrace/drltrace_src/dynamorio/clients/drcachesim/CMakeLists.txt
ClCompile:
  C:\Program Files\Microsoft Visual Studio\2022\Community\VC\Tools\MSVC\14.39.33519\bin\HostX64\x64\CL.exe /c /IC:\User
  s\hacker\source\repos\buildx64\dynamorio /IC:\Users\hacker\source\repos\buildx64\dynamorio\cmake\..\include /IC:\User
  s\hacker\source\repos\buildx64\dynamorio\ext\include /IC:\Users\hacker\source\repos\drltrace\drltrace_src\dynamorio\c
  lients\drcachesim\common /IC:\Users\hacker\source\repos\drltrace\drltrace_src\dynamorio\clients\drcachesim\reader /IC
  :\Users\hacker\source\repos\drltrace\drltrace_src\dynamorio\clients\drcachesim\tracer /IC:\Users\hacker\source\repos\
  drltrace\drltrace_src\dynamorio\clients\drcachesim /Zi /nologo /W4 /WX /diagnostics:column /MP /Od /D _MBCS /D DEBUG
  /D X64 /D X86_64 /D WINDOWS /D SHOW_SYMBOLS /D _CRT_SECURE_NO_WARNINGS /D "CMAKE_INTDIR=\"Debug\"" /GF /EHsc /MTd /GS
  - /fp:precise /Zc:wchar_t /Zc:forScope /Zc:inline /Fo"drmemtrace_opcode_mix.dir\Debug\\" /Fd"C:\Users\hacker\source\r
  epos\buildx64\dynamorio\clients\lib64\debug\drmemtrace_opcode_mix.pdb" /external:W4 /Gd /TP /wd4100 /wd4127 /wd4054 /
  wd4100 /wd4127 /wd4054 /errorReport:queue  /FS /FS C:\Users\hacker\source\repos\drltrace\drltrace_src\dynamorio\clien
  ts\drcachesim\tools\opcode_mix.cpp
  opcode_mix.cpp
Lib:
  C:\Program Files\Microsoft Visual Studio\2022\Community\VC\Tools\MSVC\14.39.33519\bin\HostX64\x64\Lib.exe /OUT:"C:\Us
  ers\hacker\source\repos\buildx64\dynamorio\clients\lib64\debug\drmemtrace_opcode_mix.lib" /NOLOGO /MACHINE:X64  /mach
  ine:x64 drmemtrace_opcode_mix.dir\Debug\opcode_mix.obj
  drmemtrace_opcode_mix.vcxproj -> C:\Users\hacker\source\repos\buildx64\dynamorio\clients\lib64\debug\drmemtrace_opcod
  e_mix.lib
FinalizeBuildStatus:
  Deleting file "drmemtrace_opcode_mix.dir\Debug\drmemtra.F5BA3D13.tlog\unsuccessfulbuild".
  Touching "drmemtrace_opcode_mix.dir\Debug\drmemtra.F5BA3D13.tlog\drmemtrace_opcode_mix.lastbuildstate".
Done Building Project "C:\Users\hacker\source\repos\buildx64\dynamorio\clients\drcachesim\drmemtrace_opcode_mix.vcxproj
" (default targets).

Project "C:\Users\hacker\source\repos\buildx64\dynamorio\clients\drcachesim\drcachesim.vcxproj" (43) is building "C:\Us
ers\hacker\source\repos\buildx64\dynamorio\clients\drcachesim\drmemtrace_raw2trace.vcxproj" (50) on node 1 (default tar
gets).
Project "C:\Users\hacker\source\repos\buildx64\dynamorio\clients\drcachesim\drmemtrace_raw2trace.vcxproj" (50) is build
ing "C:\Users\hacker\source\repos\buildx64\dynamorio\ext\drutil\drutil_static.vcxproj" (51) on node 1 (default targets)
.
PrepareForBuild:
  Creating directory "drutil_static.dir\Debug\".
  Structured output is enabled. The formatting of compiler diagnostics will reflect the error hierarchy. See https://ak
  a.ms/cpp/structured-output for more details.
  Creating directory "drutil_static.dir\Debug\drutil_static.tlog\".
InitializeBuildStatus:
  Creating "drutil_static.dir\Debug\drutil_static.tlog\unsuccessfulbuild" because "AlwaysCreate" was specified.
  Touching "drutil_static.dir\Debug\drutil_static.tlog\unsuccessfulbuild".
CustomBuild:
  Building Custom Rule C:/Users/hacker/source/repos/drltrace/drltrace_src/dynamorio/ext/drutil/CMakeLists.txt
ClCompile:
  C:\Program Files\Microsoft Visual Studio\2022\Community\VC\Tools\MSVC\14.39.33519\bin\HostX64\x64\CL.exe /c /IC:\User
  s\hacker\source\repos\buildx64\dynamorio /IC:\Users\hacker\source\repos\buildx64\dynamorio\cmake\..\include /IC:\User
  s\hacker\source\repos\drltrace\drltrace_src\dynamorio\ext\drutil\ext\lib64\debug /IC:\Users\hacker\source\repos\drltr
  ace\drltrace_src\dynamorio\core\lib /IC:\Users\hacker\source\repos\buildx64\dynamorio\ext\include /Zi /nologo /W4 /WX
   /diagnostics:column /MP /Od /D _MBCS /D DEBUG /D X64 /D X86_64 /D WINDOWS /D RC_IS_drutil_static /D SHOW_SYMBOLS /D
  _CRT_SECURE_NO_WARNINGS /D "CMAKE_INTDIR=\"Debug\"" /GF /MTd /GS- /fp:precise /Zc:wchar_t /Zc:forScope /Zc:inline /Fo
  "drutil_static.dir\Debug\\" /Fd"C:\Users\hacker\source\repos\buildx64\dynamorio\ext\lib64\debug\drutil_static.pdb" /e
  xternal:W4 /Gd /TC /wd4100 /wd4127 /wd4054 /errorReport:queue  /FS C:\Users\hacker\source\repos\drltrace\drltrace_src
  \dynamorio\ext\drutil\drutil.c
  drutil.c
Lib:
  C:\Program Files\Microsoft Visual Studio\2022\Community\VC\Tools\MSVC\14.39.33519\bin\HostX64\x64\Lib.exe /OUT:"C:\Us
  ers\hacker\source\repos\buildx64\dynamorio\ext\lib64\debug\drutil_static.lib" /NOLOGO /MACHINE:X64  /machine:x64 drut
  il_static.dir\Debug\drutil.obj
  drutil_static.vcxproj -> C:\Users\hacker\source\repos\buildx64\dynamorio\ext\lib64\debug\drutil_static.lib
FinalizeBuildStatus:
  Deleting file "drutil_static.dir\Debug\drutil_static.tlog\unsuccessfulbuild".
  Touching "drutil_static.dir\Debug\drutil_static.tlog\drutil_static.lastbuildstate".
Done Building Project "C:\Users\hacker\source\repos\buildx64\dynamorio\ext\drutil\drutil_static.vcxproj" (default targe
ts).

PrepareForBuild:
  Creating directory "drmemtrace_raw2trace.dir\Debug\".
  Structured output is enabled. The formatting of compiler diagnostics will reflect the error hierarchy. See https://ak
  a.ms/cpp/structured-output for more details.
  Creating directory "drmemtrace_raw2trace.dir\Debug\drmemtra.4A098B2D.tlog\".
InitializeBuildStatus:
  Creating "drmemtrace_raw2trace.dir\Debug\drmemtra.4A098B2D.tlog\unsuccessfulbuild" because "AlwaysCreate" was specifi
  ed.
  Touching "drmemtrace_raw2trace.dir\Debug\drmemtra.4A098B2D.tlog\unsuccessfulbuild".
CustomBuild:
  Building Custom Rule C:/Users/hacker/source/repos/drltrace/drltrace_src/dynamorio/clients/drcachesim/CMakeLists.txt
ClCompile:
  C:\Program Files\Microsoft Visual Studio\2022\Community\VC\Tools\MSVC\14.39.33519\bin\HostX64\x64\CL.exe /c /IC:\User
  s\hacker\source\repos\buildx64\dynamorio /IC:\Users\hacker\source\repos\buildx64\dynamorio\cmake\..\include /IC:\User
  s\hacker\source\repos\buildx64\dynamorio\ext\include /IC:\Users\hacker\source\repos\drltrace\drltrace_src\dynamorio\c
  lients\drcachesim\common /IC:\Users\hacker\source\repos\drltrace\drltrace_src\dynamorio\clients\drcachesim\reader /IC
  :\Users\hacker\source\repos\drltrace\drltrace_src\dynamorio\clients\drcachesim\tracer /IC:\Users\hacker\source\repos\
  drltrace\drltrace_src\dynamorio\clients\drcachesim /Zi /nologo /W4 /WX /diagnostics:column /MP /Od /D _MBCS /D DEBUG
  /D X64 /D DYNAMORIO_STANDALONE /D X86_64 /D WINDOWS /D SHOW_SYMBOLS /D _CRT_SECURE_NO_WARNINGS /D "CMAKE_INTDIR=\"Deb
  ug\"" /GF /EHsc /MTd /GS- /fp:precise /Zc:wchar_t /Zc:forScope /Zc:inline /Fo"drmemtrace_raw2trace.dir\Debug\\" /Fd"C
  :\Users\hacker\source\repos\buildx64\dynamorio\clients\lib64\debug\drmemtrace_raw2trace.pdb" /external:W4 /Gd /TP /wd
  4100 /wd4127 /wd4054 /errorReport:queue  /FS C:\Users\hacker\source\repos\drltrace\drltrace_src\dynamorio\clients\drc
  achesim\tracer\raw2trace.cpp C:\Users\hacker\source\repos\drltrace\drltrace_src\dynamorio\clients\drcachesim\tracer\r
  aw2trace_directory.cpp C:\Users\hacker\source\repos\drltrace\drltrace_src\dynamorio\clients\drcachesim\tracer\instru.
  cpp C:\Users\hacker\source\repos\drltrace\drltrace_src\dynamorio\clients\drcachesim\tracer\instru_online.cpp C:\Users
  \hacker\source\repos\drltrace\drltrace_src\dynamorio\clients\drcachesim\tracer\instru_offline.cpp
  raw2trace.cpp
  raw2trace_directory.cpp
  instru.cpp
  instru_online.cpp
  instru_offline.cpp
Lib:
  C:\Program Files\Microsoft Visual Studio\2022\Community\VC\Tools\MSVC\14.39.33519\bin\HostX64\x64\Lib.exe /OUT:"C:\Us
  ers\hacker\source\repos\buildx64\dynamorio\clients\lib64\debug\drmemtrace_raw2trace.lib" /NOLOGO /MACHINE:X64  /machi
  ne:x64 drmemtrace_raw2trace.dir\Debug\raw2trace.obj
  drmemtrace_raw2trace.dir\Debug\raw2trace_directory.obj
  drmemtrace_raw2trace.dir\Debug\instru.obj
  drmemtrace_raw2trace.dir\Debug\instru_online.obj
  drmemtrace_raw2trace.dir\Debug\instru_offline.obj
  drmemtrace_raw2trace.vcxproj -> C:\Users\hacker\source\repos\buildx64\dynamorio\clients\lib64\debug\drmemtrace_raw2tr
  ace.lib
FinalizeBuildStatus:
  Deleting file "drmemtrace_raw2trace.dir\Debug\drmemtra.4A098B2D.tlog\unsuccessfulbuild".
  Touching "drmemtrace_raw2trace.dir\Debug\drmemtra.4A098B2D.tlog\drmemtrace_raw2trace.lastbuildstate".
Done Building Project "C:\Users\hacker\source\repos\buildx64\dynamorio\clients\drcachesim\drmemtrace_raw2trace.vcxproj"
 (default targets).

Project "C:\Users\hacker\source\repos\buildx64\dynamorio\clients\drcachesim\drcachesim.vcxproj" (43) is building "C:\Us
ers\hacker\source\repos\buildx64\dynamorio\clients\drcachesim\drmemtrace_reuse_distance.vcxproj" (52) on node 1 (defaul
t targets).
PrepareForBuild:
  Creating directory "drmemtrace_reuse_distance.dir\Debug\".
  Structured output is enabled. The formatting of compiler diagnostics will reflect the error hierarchy. See https://ak
  a.ms/cpp/structured-output for more details.
  Creating directory "drmemtrace_reuse_distance.dir\Debug\drmemtra.6D12A739.tlog\".
InitializeBuildStatus:
  Creating "drmemtrace_reuse_distance.dir\Debug\drmemtra.6D12A739.tlog\unsuccessfulbuild" because "AlwaysCreate" was sp
  ecified.
  Touching "drmemtrace_reuse_distance.dir\Debug\drmemtra.6D12A739.tlog\unsuccessfulbuild".
CustomBuild:
  Building Custom Rule C:/Users/hacker/source/repos/drltrace/drltrace_src/dynamorio/clients/drcachesim/CMakeLists.txt
ClCompile:
  C:\Program Files\Microsoft Visual Studio\2022\Community\VC\Tools\MSVC\14.39.33519\bin\HostX64\x64\CL.exe /c /IC:\User
  s\hacker\source\repos\buildx64\dynamorio /IC:\Users\hacker\source\repos\buildx64\dynamorio\cmake\..\include /IC:\User
  s\hacker\source\repos\buildx64\dynamorio\ext\include /IC:\Users\hacker\source\repos\drltrace\drltrace_src\dynamorio\c
  lients\drcachesim\common /IC:\Users\hacker\source\repos\drltrace\drltrace_src\dynamorio\clients\drcachesim\reader /IC
  :\Users\hacker\source\repos\drltrace\drltrace_src\dynamorio\clients\drcachesim\tracer /IC:\Users\hacker\source\repos\
  drltrace\drltrace_src\dynamorio\clients\drcachesim /Zi /nologo /W4 /WX /diagnostics:column /MP /Od /D _MBCS /D DEBUG
  /D X64 /D X86_64 /D WINDOWS /D SHOW_SYMBOLS /D _CRT_SECURE_NO_WARNINGS /D "CMAKE_INTDIR=\"Debug\"" /GF /EHsc /MTd /GS
  - /fp:precise /Zc:wchar_t /Zc:forScope /Zc:inline /Fo"drmemtrace_reuse_distance.dir\Debug\\" /Fd"C:\Users\hacker\sour
  ce\repos\buildx64\dynamorio\clients\lib64\debug\drmemtrace_reuse_distance.pdb" /external:W4 /Gd /TP /wd4100 /wd4127 /
  wd4054 /errorReport:queue  /FS C:\Users\hacker\source\repos\drltrace\drltrace_src\dynamorio\clients\drcachesim\tools\
  reuse_distance.cpp
  reuse_distance.cpp
Lib:
  C:\Program Files\Microsoft Visual Studio\2022\Community\VC\Tools\MSVC\14.39.33519\bin\HostX64\x64\Lib.exe /OUT:"C:\Us
  ers\hacker\source\repos\buildx64\dynamorio\clients\lib64\debug\drmemtrace_reuse_distance.lib" /NOLOGO /MACHINE:X64  /
  machine:x64 drmemtrace_reuse_distance.dir\Debug\reuse_distance.obj
  drmemtrace_reuse_distance.vcxproj -> C:\Users\hacker\source\repos\buildx64\dynamorio\clients\lib64\debug\drmemtrace_r
  euse_distance.lib
FinalizeBuildStatus:
  Deleting file "drmemtrace_reuse_distance.dir\Debug\drmemtra.6D12A739.tlog\unsuccessfulbuild".
  Touching "drmemtrace_reuse_distance.dir\Debug\drmemtra.6D12A739.tlog\drmemtrace_reuse_distance.lastbuildstate".
Done Building Project "C:\Users\hacker\source\repos\buildx64\dynamorio\clients\drcachesim\drmemtrace_reuse_distance.vcx
proj" (default targets).

Project "C:\Users\hacker\source\repos\buildx64\dynamorio\clients\drcachesim\drcachesim.vcxproj" (43) is building "C:\Us
ers\hacker\source\repos\buildx64\dynamorio\clients\drcachesim\drmemtrace_reuse_time.vcxproj" (53) on node 1 (default ta
rgets).
PrepareForBuild:
  Creating directory "drmemtrace_reuse_time.dir\Debug\".
  Structured output is enabled. The formatting of compiler diagnostics will reflect the error hierarchy. See https://ak
  a.ms/cpp/structured-output for more details.
  Creating directory "drmemtrace_reuse_time.dir\Debug\drmemtra.B76554AB.tlog\".
InitializeBuildStatus:
  Creating "drmemtrace_reuse_time.dir\Debug\drmemtra.B76554AB.tlog\unsuccessfulbuild" because "AlwaysCreate" was specif
  ied.
  Touching "drmemtrace_reuse_time.dir\Debug\drmemtra.B76554AB.tlog\unsuccessfulbuild".
CustomBuild:
  Building Custom Rule C:/Users/hacker/source/repos/drltrace/drltrace_src/dynamorio/clients/drcachesim/CMakeLists.txt
ClCompile:
  C:\Program Files\Microsoft Visual Studio\2022\Community\VC\Tools\MSVC\14.39.33519\bin\HostX64\x64\CL.exe /c /IC:\User
  s\hacker\source\repos\buildx64\dynamorio /IC:\Users\hacker\source\repos\buildx64\dynamorio\cmake\..\include /IC:\User
  s\hacker\source\repos\buildx64\dynamorio\ext\include /IC:\Users\hacker\source\repos\drltrace\drltrace_src\dynamorio\c
  lients\drcachesim\common /IC:\Users\hacker\source\repos\drltrace\drltrace_src\dynamorio\clients\drcachesim\reader /IC
  :\Users\hacker\source\repos\drltrace\drltrace_src\dynamorio\clients\drcachesim\tracer /IC:\Users\hacker\source\repos\
  drltrace\drltrace_src\dynamorio\clients\drcachesim /Zi /nologo /W4 /WX /diagnostics:column /MP /Od /D _MBCS /D DEBUG
  /D X64 /D X86_64 /D WINDOWS /D SHOW_SYMBOLS /D _CRT_SECURE_NO_WARNINGS /D "CMAKE_INTDIR=\"Debug\"" /GF /EHsc /MTd /GS
  - /fp:precise /Zc:wchar_t /Zc:forScope /Zc:inline /Fo"drmemtrace_reuse_time.dir\Debug\\" /Fd"C:\Users\hacker\source\r
  epos\buildx64\dynamorio\clients\lib64\debug\drmemtrace_reuse_time.pdb" /external:W4 /Gd /TP /wd4100 /wd4127 /wd4054 /
  errorReport:queue  /FS C:\Users\hacker\source\repos\drltrace\drltrace_src\dynamorio\clients\drcachesim\tools\reuse_ti
  me.cpp
  reuse_time.cpp
Lib:
  C:\Program Files\Microsoft Visual Studio\2022\Community\VC\Tools\MSVC\14.39.33519\bin\HostX64\x64\Lib.exe /OUT:"C:\Us
  ers\hacker\source\repos\buildx64\dynamorio\clients\lib64\debug\drmemtrace_reuse_time.lib" /NOLOGO /MACHINE:X64  /mach
  ine:x64 drmemtrace_reuse_time.dir\Debug\reuse_time.obj
  drmemtrace_reuse_time.vcxproj -> C:\Users\hacker\source\repos\buildx64\dynamorio\clients\lib64\debug\drmemtrace_reuse
  _time.lib
FinalizeBuildStatus:
  Deleting file "drmemtrace_reuse_time.dir\Debug\drmemtra.B76554AB.tlog\unsuccessfulbuild".
  Touching "drmemtrace_reuse_time.dir\Debug\drmemtra.B76554AB.tlog\drmemtrace_reuse_time.lastbuildstate".
Done Building Project "C:\Users\hacker\source\repos\buildx64\dynamorio\clients\drcachesim\drmemtrace_reuse_time.vcxproj
" (default targets).

Project "C:\Users\hacker\source\repos\buildx64\dynamorio\clients\drcachesim\drcachesim.vcxproj" (43) is building "C:\Us
ers\hacker\source\repos\buildx64\dynamorio\clients\drcachesim\drmemtrace_simulator.vcxproj" (54) on node 1 (default tar
gets).
PrepareForBuild:
  Creating directory "drmemtrace_simulator.dir\Debug\".
  Structured output is enabled. The formatting of compiler diagnostics will reflect the error hierarchy. See https://ak
  a.ms/cpp/structured-output for more details.
  Creating directory "drmemtrace_simulator.dir\Debug\drmemtra.A86970D8.tlog\".
InitializeBuildStatus:
  Creating "drmemtrace_simulator.dir\Debug\drmemtra.A86970D8.tlog\unsuccessfulbuild" because "AlwaysCreate" was specifi
  ed.
  Touching "drmemtrace_simulator.dir\Debug\drmemtra.A86970D8.tlog\unsuccessfulbuild".
CustomBuild:
  Building Custom Rule C:/Users/hacker/source/repos/drltrace/drltrace_src/dynamorio/clients/drcachesim/CMakeLists.txt
ClCompile:
  C:\Program Files\Microsoft Visual Studio\2022\Community\VC\Tools\MSVC\14.39.33519\bin\HostX64\x64\CL.exe /c /IC:\User
  s\hacker\source\repos\buildx64\dynamorio /IC:\Users\hacker\source\repos\buildx64\dynamorio\cmake\..\include /IC:\User
  s\hacker\source\repos\buildx64\dynamorio\ext\include /IC:\Users\hacker\source\repos\drltrace\drltrace_src\dynamorio\c
  lients\drcachesim\common /IC:\Users\hacker\source\repos\drltrace\drltrace_src\dynamorio\clients\drcachesim\reader /IC
  :\Users\hacker\source\repos\drltrace\drltrace_src\dynamorio\clients\drcachesim\tracer /IC:\Users\hacker\source\repos\
  drltrace\drltrace_src\dynamorio\clients\drcachesim /Zi /nologo /W4 /WX /diagnostics:column /MP /Od /D _MBCS /D DEBUG
  /D X64 /D X86_64 /D WINDOWS /D SHOW_SYMBOLS /D _CRT_SECURE_NO_WARNINGS /D "CMAKE_INTDIR=\"Debug\"" /GF /EHsc /MTd /GS
  - /fp:precise /Zc:wchar_t /Zc:forScope /Zc:inline /Fo"drmemtrace_simulator.dir\Debug\\" /Fd"C:\Users\hacker\source\re
  pos\buildx64\dynamorio\clients\lib64\debug\drmemtrace_simulator.pdb" /external:W4 /Gd /TP /wd4100 /wd4127 /wd4054 /er
  rorReport:queue  /FS C:\Users\hacker\source\repos\drltrace\drltrace_src\dynamorio\clients\drcachesim\simulator\simula
  tor.cpp C:\Users\hacker\source\repos\drltrace\drltrace_src\dynamorio\clients\drcachesim\simulator\cache.cpp C:\Users\
  hacker\source\repos\drltrace\drltrace_src\dynamorio\clients\drcachesim\simulator\cache_lru.cpp C:\Users\hacker\source
  \repos\drltrace\drltrace_src\dynamorio\clients\drcachesim\simulator\cache_fifo.cpp C:\Users\hacker\source\repos\drltr
  ace\drltrace_src\dynamorio\clients\drcachesim\simulator\cache_miss_analyzer.cpp C:\Users\hacker\source\repos\drltrace
  \drltrace_src\dynamorio\clients\drcachesim\simulator\caching_device.cpp C:\Users\hacker\source\repos\drltrace\drltrac
  e_src\dynamorio\clients\drcachesim\simulator\caching_device_stats.cpp C:\Users\hacker\source\repos\drltrace\drltrace_
  src\dynamorio\clients\drcachesim\simulator\cache_stats.cpp C:\Users\hacker\source\repos\drltrace\drltrace_src\dynamor
  io\clients\drcachesim\simulator\prefetcher.cpp C:\Users\hacker\source\repos\drltrace\drltrace_src\dynamorio\clients\d
  rcachesim\simulator\cache_simulator.cpp C:\Users\hacker\source\repos\drltrace\drltrace_src\dynamorio\clients\drcaches
  im\simulator\snoop_filter.cpp C:\Users\hacker\source\repos\drltrace\drltrace_src\dynamorio\clients\drcachesim\simulat
  or\tlb.cpp C:\Users\hacker\source\repos\drltrace\drltrace_src\dynamorio\clients\drcachesim\simulator\tlb_simulator.cp
  p
  simulator.cpp
  cache.cpp
  cache_lru.cpp
  cache_fifo.cpp
  cache_miss_analyzer.cpp
  caching_device.cpp
  caching_device_stats.cpp
  cache_stats.cpp
  prefetcher.cpp
  cache_simulator.cpp
  snoop_filter.cpp
  tlb.cpp
  tlb_simulator.cpp
Lib:
  C:\Program Files\Microsoft Visual Studio\2022\Community\VC\Tools\MSVC\14.39.33519\bin\HostX64\x64\Lib.exe /OUT:"C:\Us
  ers\hacker\source\repos\buildx64\dynamorio\clients\lib64\debug\drmemtrace_simulator.lib" /NOLOGO /MACHINE:X64  /machi
  ne:x64 drmemtrace_simulator.dir\Debug\simulator.obj
  drmemtrace_simulator.dir\Debug\cache.obj
  drmemtrace_simulator.dir\Debug\cache_lru.obj
  drmemtrace_simulator.dir\Debug\cache_fifo.obj
  drmemtrace_simulator.dir\Debug\cache_miss_analyzer.obj
  drmemtrace_simulator.dir\Debug\caching_device.obj
  drmemtrace_simulator.dir\Debug\caching_device_stats.obj
  drmemtrace_simulator.dir\Debug\cache_stats.obj
  drmemtrace_simulator.dir\Debug\prefetcher.obj
  drmemtrace_simulator.dir\Debug\cache_simulator.obj
  drmemtrace_simulator.dir\Debug\snoop_filter.obj
  drmemtrace_simulator.dir\Debug\tlb.obj
  drmemtrace_simulator.dir\Debug\tlb_simulator.obj
  drmemtrace_simulator.vcxproj -> C:\Users\hacker\source\repos\buildx64\dynamorio\clients\lib64\debug\drmemtrace_simula
  tor.lib
FinalizeBuildStatus:
  Deleting file "drmemtrace_simulator.dir\Debug\drmemtra.A86970D8.tlog\unsuccessfulbuild".
  Touching "drmemtrace_simulator.dir\Debug\drmemtra.A86970D8.tlog\drmemtrace_simulator.lastbuildstate".
Done Building Project "C:\Users\hacker\source\repos\buildx64\dynamorio\clients\drcachesim\drmemtrace_simulator.vcxproj"
 (default targets).

Project "C:\Users\hacker\source\repos\buildx64\dynamorio\clients\drcachesim\drcachesim.vcxproj" (43) is building "C:\Us
ers\hacker\source\repos\buildx64\dynamorio\clients\drcachesim\drmemtrace_view.vcxproj" (55) on node 1 (default targets)
.
PrepareForBuild:
  Creating directory "drmemtrace_view.dir\Debug\".
  Structured output is enabled. The formatting of compiler diagnostics will reflect the error hierarchy. See https://ak
  a.ms/cpp/structured-output for more details.
  Creating directory "drmemtrace_view.dir\Debug\drmemtrace_view.tlog\".
InitializeBuildStatus:
  Creating "drmemtrace_view.dir\Debug\drmemtrace_view.tlog\unsuccessfulbuild" because "AlwaysCreate" was specified.
  Touching "drmemtrace_view.dir\Debug\drmemtrace_view.tlog\unsuccessfulbuild".
CustomBuild:
  Building Custom Rule C:/Users/hacker/source/repos/drltrace/drltrace_src/dynamorio/clients/drcachesim/CMakeLists.txt
ClCompile:
  C:\Program Files\Microsoft Visual Studio\2022\Community\VC\Tools\MSVC\14.39.33519\bin\HostX64\x64\CL.exe /c /IC:\User
  s\hacker\source\repos\buildx64\dynamorio /IC:\Users\hacker\source\repos\buildx64\dynamorio\cmake\..\include /IC:\User
  s\hacker\source\repos\buildx64\dynamorio\ext\include /IC:\Users\hacker\source\repos\drltrace\drltrace_src\dynamorio\c
  lients\drcachesim\common /IC:\Users\hacker\source\repos\drltrace\drltrace_src\dynamorio\clients\drcachesim\reader /IC
  :\Users\hacker\source\repos\drltrace\drltrace_src\dynamorio\clients\drcachesim\tracer /IC:\Users\hacker\source\repos\
  drltrace\drltrace_src\dynamorio\clients\drcachesim /Zi /nologo /W4 /WX /diagnostics:column /MP /Od /D _MBCS /D DEBUG
  /D X64 /D X86_64 /D WINDOWS /D SHOW_SYMBOLS /D _CRT_SECURE_NO_WARNINGS /D "CMAKE_INTDIR=\"Debug\"" /GF /EHsc /MTd /GS
  - /fp:precise /Zc:wchar_t /Zc:forScope /Zc:inline /Fo"drmemtrace_view.dir\Debug\\" /Fd"C:\Users\hacker\source\repos\b
  uildx64\dynamorio\clients\lib64\debug\drmemtrace_view.pdb" /external:W4 /Gd /TP /wd4100 /wd4127 /wd4054 /wd4100 /wd41
  27 /wd4054 /errorReport:queue  /FS /FS C:\Users\hacker\source\repos\drltrace\drltrace_src\dynamorio\clients\drcachesi
  m\tools\view.cpp
  view.cpp
Lib:
  C:\Program Files\Microsoft Visual Studio\2022\Community\VC\Tools\MSVC\14.39.33519\bin\HostX64\x64\Lib.exe /OUT:"C:\Us
  ers\hacker\source\repos\buildx64\dynamorio\clients\lib64\debug\drmemtrace_view.lib" /NOLOGO /MACHINE:X64  /machine:x6
  4 drmemtrace_view.dir\Debug\view.obj
  drmemtrace_view.vcxproj -> C:\Users\hacker\source\repos\buildx64\dynamorio\clients\lib64\debug\drmemtrace_view.lib
FinalizeBuildStatus:
  Deleting file "drmemtrace_view.dir\Debug\drmemtrace_view.tlog\unsuccessfulbuild".
  Touching "drmemtrace_view.dir\Debug\drmemtrace_view.tlog\drmemtrace_view.lastbuildstate".
Done Building Project "C:\Users\hacker\source\repos\buildx64\dynamorio\clients\drcachesim\drmemtrace_view.vcxproj" (def
ault targets).

PrepareForBuild:
  Creating directory "drcachesim.dir\Debug\".
  Structured output is enabled. The formatting of compiler diagnostics will reflect the error hierarchy. See https://ak
  a.ms/cpp/structured-output for more details.
  Creating directory "C:\Users\hacker\source\repos\buildx64\dynamorio\clients\bin64\".
  Creating directory "drcachesim.dir\Debug\drcachesim.tlog\".
InitializeBuildStatus:
  Creating "drcachesim.dir\Debug\drcachesim.tlog\unsuccessfulbuild" because "AlwaysCreate" was specified.
  Touching "drcachesim.dir\Debug\drcachesim.tlog\unsuccessfulbuild".
CustomBuild:
  Building Custom Rule C:/Users/hacker/source/repos/drltrace/drltrace_src/dynamorio/clients/drcachesim/CMakeLists.txt
ClCompile:
  C:\Program Files\Microsoft Visual Studio\2022\Community\VC\Tools\MSVC\14.39.33519\bin\HostX64\x64\CL.exe /c /IC:\User
  s\hacker\source\repos\buildx64\dynamorio /IC:\Users\hacker\source\repos\buildx64\dynamorio\cmake\..\include /IC:\User
  s\hacker\source\repos\buildx64\dynamorio\ext\include /IC:\Users\hacker\source\repos\drltrace\drltrace_src\dynamorio\c
  lients\drcachesim\common /IC:\Users\hacker\source\repos\drltrace\drltrace_src\dynamorio\clients\drcachesim\reader /IC
  :\Users\hacker\source\repos\drltrace\drltrace_src\dynamorio\clients\drcachesim\tracer /IC:\Users\hacker\source\repos\
  drltrace\drltrace_src\dynamorio\clients\drcachesim /Zi /nologo /W4 /WX /diagnostics:column /MP /Od /D _MBCS /D DEBUG
  /D X64 /D X86_64 /D WINDOWS /D SHOW_SYMBOLS /D _CRT_SECURE_NO_WARNINGS /D "CMAKE_INTDIR=\"Debug\"" /GF /EHsc /MTd /GS
  - /fp:precise /Zc:wchar_t /Zc:forScope /Zc:inline /Fo"drcachesim.dir\Debug\\" /Fd"drcachesim.dir\Debug\vc143.pdb" /ex
  ternal:W4 /Gd /TP /wd4100 /wd4127 /wd4054 /wd4100 /wd4127 /wd4054 /errorReport:queue  /FS /FS C:\Users\hacker\source\
  repos\drltrace\drltrace_src\dynamorio\clients\drcachesim\launcher.cpp C:\Users\hacker\source\repos\drltrace\drltrace_
  src\dynamorio\clients\drcachesim\analyzer.cpp C:\Users\hacker\source\repos\drltrace\drltrace_src\dynamorio\clients\dr
  cachesim\analyzer_multi.cpp C:\Users\hacker\source\repos\drltrace\drltrace_src\dynamorio\clients\drcachesim\common\na
  med_pipe_win.cpp C:\Users\hacker\source\repos\drltrace\drltrace_src\dynamorio\clients\drcachesim\common\options.cpp C
  :\Users\hacker\source\repos\drltrace\drltrace_src\dynamorio\clients\drcachesim\common\trace_entry.cpp C:\Users\hacker
  \source\repos\drltrace\drltrace_src\dynamorio\clients\drcachesim\reader\reader.cpp C:\Users\hacker\source\repos\drltr
  ace\drltrace_src\dynamorio\clients\drcachesim\reader\config_reader.cpp C:\Users\hacker\source\repos\drltrace\drltrace
  _src\dynamorio\clients\drcachesim\reader\file_reader.cpp C:\Users\hacker\source\repos\drltrace\drltrace_src\dynamorio
  \clients\drcachesim\reader\ipc_reader.cpp C:\Users\hacker\source\repos\drltrace\drltrace_src\dynamorio\clients\drcach
  esim\simulator\analyzer_interface.cpp C:\Users\hacker\source\repos\drltrace\drltrace_src\dynamorio\clients\drcachesim
  \tracer\instru.cpp C:\Users\hacker\source\repos\drltrace\drltrace_src\dynamorio\clients\drcachesim\tracer\instru_onli
  ne.cpp C:\Users\hacker\source\repos\drltrace\drltrace_src\dynamorio\clients\drcachesim\tests\trace_invariants.cpp
  launcher.cpp
  analyzer.cpp
  analyzer_multi.cpp
  named_pipe_win.cpp
  options.cpp
  trace_entry.cpp
  reader.cpp
  config_reader.cpp
  file_reader.cpp
  ipc_reader.cpp
  analyzer_interface.cpp
  instru.cpp
  instru_online.cpp
  trace_invariants.cpp
Link:
  C:\Program Files\Microsoft Visual Studio\2022\Community\VC\Tools\MSVC\14.39.33519\bin\HostX64\x64\link.exe /ERRORREPO
  RT:QUEUE /OUT:"C:\Users\hacker\source\repos\buildx64\dynamorio\clients\bin64\drcachesim.exe" /INCREMENTAL /ILK:"drcac
  hesim.dir\Debug\drcachesim.ilk" /NOLOGO libcpmtd.lib libcmtd.lib libvcruntimed.lib libucrtd.lib ..\lib64\debug\drmemt
  race_simulator.lib ..\lib64\debug\drmemtrace_reuse_distance.lib ..\lib64\debug\drmemtrace_histogram.lib ..\lib64\debu
  g\drmemtrace_reuse_time.lib ..\lib64\debug\drmemtrace_basic_counts.lib ..\lib64\debug\drmemtrace_opcode_mix.lib ..\li
  b64\debug\drmemtrace_view.lib ..\lib64\debug\drmemtrace_func_view.lib ..\lib64\debug\drmemtrace_raw2trace.lib ..\lib6
  4\debug\directory_iterator.lib ..\..\lib64\drdecode.lib ..\..\lib64\drinjectlib.lib ..\..\lib64\drconfiglib.lib ..\..
  \lib64\drfrontendlib.lib ..\..\ext\lib64\debug\drcovlib_static.lib ..\..\ext\lib64\debug\drutil_static.lib libcpmtd.l
  ib libcmtd.lib libvcruntimed.lib libucrtd.lib ..\..\lib64\drdecode.lib kernel32.lib advapi32.lib imagehlp.lib ..\..\l
  ib64\drlibc.lib ..\..\ext\lib64\debug\drx_static.lib ..\..\lib64\ntdll_imports.lib ..\..\ext\lib64\debug\drreg_static
  .lib ..\..\ext\lib64\debug\drcontainers.lib ..\..\ext\lib64\debug\drmgr_static.lib ..\..\lib64\debug\dynamorio.lib ke
  rnel32.lib user32.lib gdi32.lib winspool.lib shell32.lib ole32.lib oleaut32.lib uuid.lib comdlg32.lib advapi32.lib /M
  ANIFEST /MANIFESTUAC:"level='asInvoker' uiAccess='false'" /manifest:embed /DEBUG /PDB:"C:/Users/hacker/source/repos/b
  uildx64/dynamorio/clients/bin64/drcachesim.pdb" /SUBSYSTEM:CONSOLE /TLBID:1 /DYNAMICBASE /NXCOMPAT /IMPLIB:"C:/Users/
  hacker/source/repos/buildx64/dynamorio/clients/lib64/debug/drcachesim.lib" /MACHINE:X64  /machine:x64 /subsystem:cons
  ole,5.02 /opt:ref /opt:icf /pdbcompress /opt:ref /opt:icf /pdbcompress /nodefaultlib:libcmt /nodefaultlib:libcmt drca
  chesim.dir\Debug\launcher.obj
  drcachesim.dir\Debug\analyzer.obj
  drcachesim.dir\Debug\analyzer_multi.obj
  drcachesim.dir\Debug\named_pipe_win.obj
  drcachesim.dir\Debug\options.obj
  drcachesim.dir\Debug\trace_entry.obj
  drcachesim.dir\Debug\reader.obj
  drcachesim.dir\Debug\config_reader.obj
  drcachesim.dir\Debug\file_reader.obj
  drcachesim.dir\Debug\ipc_reader.obj
  drcachesim.dir\Debug\analyzer_interface.obj
  drcachesim.dir\Debug\instru.obj
  drcachesim.dir\Debug\instru_online.obj
  drcachesim.dir\Debug\trace_invariants.obj
LINK : warning LNK4075: ignoring '/INCREMENTAL' due to '/OPT:ICF' specification [C:\Users\hacker\source\repos\buildx64\
dynamorio\clients\drcachesim\drcachesim.vcxproj]
     Creating library C:/Users/hacker/source/repos/buildx64/dynamorio/clients/lib64/debug/drcachesim.lib and object C:/
  Users/hacker/source/repos/buildx64/dynamorio/clients/lib64/debug/drcachesim.exp
  drcachesim.vcxproj -> C:\Users\hacker\source\repos\buildx64\dynamorio\clients\bin64\drcachesim.exe
PostBuildEvent:
  setlocal
  "C:\Program Files\CMake\bin\cmake.exe" -E copy C:/Users/hacker/source/repos/buildx64/dynamorio/lib64/drinjectlib.dll
  C:/Users/hacker/source/repos/buildx64/dynamorio/clients/bin64/drinjectlib.dll
  if %errorlevel% neq 0 goto :cmEnd
  :cmEnd
  endlocal & call :cmErrorLevel %errorlevel% & goto :cmDone
  :cmErrorLevel
  exit /b %1
  :cmDone
  if %errorlevel% neq 0 goto :VCEnd
  setlocal
  "C:\Program Files\CMake\bin\cmake.exe" -E copy C:/Users/hacker/source/repos/buildx64/dynamorio/lib64/drconfiglib.dll
  C:/Users/hacker/source/repos/buildx64/dynamorio/clients/bin64/drconfiglib.dll
  if %errorlevel% neq 0 goto :cmEnd
  :cmEnd
  endlocal & call :cmErrorLevel %errorlevel% & goto :cmDone
  :cmErrorLevel
  exit /b %1
  :cmDone
  if %errorlevel% neq 0 goto :VCEnd
  setlocal
  "C:\Program Files\CMake\bin\cmake.exe" -E copy C:/Users/hacker/source/repos/buildx64/dynamorio/lib64/debug/dynamorio.
  dll C:/Users/hacker/source/repos/buildx64/dynamorio/clients/bin64/dynamorio.dll
  if %errorlevel% neq 0 goto :cmEnd
  :cmEnd
  endlocal & call :cmErrorLevel %errorlevel% & goto :cmDone
  :cmErrorLevel
  exit /b %1
  :cmDone
  if %errorlevel% neq 0 goto :VCEnd
  :VCEnd
FinalizeBuildStatus:
  Deleting file "drcachesim.dir\Debug\drcachesim.tlog\unsuccessfulbuild".
  Touching "drcachesim.dir\Debug\drcachesim.tlog\drcachesim.lastbuildstate".
Done Building Project "C:\Users\hacker\source\repos\buildx64\dynamorio\clients\drcachesim\drcachesim.vcxproj" (default
targets).

Project "C:\Users\hacker\source\repos\buildx64\ALL_BUILD.vcxproj" (1) is building "C:\Users\hacker\source\repos\buildx6
4\dynamorio\clients\drcachesim\drcachesim_ops.vcxproj" (56) on node 1 (default targets).
PrepareForBuild:
  Creating directory "drcachesim_ops.dir\Debug\".
  Structured output is enabled. The formatting of compiler diagnostics will reflect the error hierarchy. See https://ak
  a.ms/cpp/structured-output for more details.
  Creating directory "drcachesim_ops.dir\Debug\drcachesim_ops.tlog\".
InitializeBuildStatus:
  Creating "drcachesim_ops.dir\Debug\drcachesim_ops.tlog\unsuccessfulbuild" because "AlwaysCreate" was specified.
  Touching "drcachesim_ops.dir\Debug\drcachesim_ops.tlog\unsuccessfulbuild".
CustomBuild:
  Building Custom Rule C:/Users/hacker/source/repos/drltrace/drltrace_src/dynamorio/clients/drcachesim/CMakeLists.txt
ClCompile:
  C:\Program Files\Microsoft Visual Studio\2022\Community\VC\Tools\MSVC\14.39.33519\bin\HostX64\x64\CL.exe /c /IC:\User
  s\hacker\source\repos\buildx64\dynamorio /IC:\Users\hacker\source\repos\buildx64\dynamorio\cmake\..\include /IC:\User
  s\hacker\source\repos\buildx64\dynamorio\ext\include /IC:\Users\hacker\source\repos\drltrace\drltrace_src\dynamorio\c
  lients\drcachesim\common /IC:\Users\hacker\source\repos\drltrace\drltrace_src\dynamorio\clients\drcachesim\reader /IC
  :\Users\hacker\source\repos\drltrace\drltrace_src\dynamorio\clients\drcachesim\tracer /IC:\Users\hacker\source\repos\
  drltrace\drltrace_src\dynamorio\clients\drcachesim /Zi /nologo /W4 /WX /diagnostics:column /MP /Od /D _MBCS /D DEBUG
  /D X64 /D SHOW_SYMBOLS /D _CRT_SECURE_NO_WARNINGS /D WINDOWS /D "CMAKE_INTDIR=\"Debug\"" /GF /EHsc /MTd /GS- /fp:prec
  ise /Zc:wchar_t /Zc:forScope /Zc:inline /Fo"drcachesim_ops.dir\Debug\\" /Fd"drcachesim_ops.dir\Debug\vc143.pdb" /exte
  rnal:W4 /Gd /TP /wd4100 /wd4127 /wd4054 /errorReport:queue  /FS C:\Users\hacker\source\repos\drltrace\drltrace_src\dy
  namorio\clients\drcachesim\optionlist.cpp
  optionlist.cpp
  C:\Program Files\Microsoft Visual Studio\2022\Community\VC\Tools\MSVC\14.39.33519\bin\HostX64\x64\CL.exe /c /IC:\User
  s\hacker\source\repos\buildx64\dynamorio /IC:\Users\hacker\source\repos\buildx64\dynamorio\cmake\..\include /IC:\User
  s\hacker\source\repos\buildx64\dynamorio\ext\include /IC:\Users\hacker\source\repos\drltrace\drltrace_src\dynamorio\c
  lients\drcachesim\common /IC:\Users\hacker\source\repos\drltrace\drltrace_src\dynamorio\clients\drcachesim\reader /IC
  :\Users\hacker\source\repos\drltrace\drltrace_src\dynamorio\clients\drcachesim\tracer /IC:\Users\hacker\source\repos\
  drltrace\drltrace_src\dynamorio\clients\drcachesim /Zi /nologo /W4 /WX /diagnostics:column /MP /Od /D _MBCS /D DEBUG
  /D X64 /D SHOW_SYMBOLS /D _CRT_SECURE_NO_WARNINGS /D WINDOWS /D "CMAKE_INTDIR=\"Debug\"" /GF /EHsc /MTd /GS- /fp:prec
  ise /Zc:wchar_t /Zc:forScope /Zc:inline /Fo"drcachesim_ops.dir\Debug\\" /Fd"drcachesim_ops.dir\Debug\vc143.pdb" /exte
  rnal:W4 /Gd /TP /wd4100 /wd4127 /wd4054 /wd4100 /wd4127 /wd4054 /errorReport:queue  /FS /FS C:\Users\hacker\source\re
  pos\drltrace\drltrace_src\dynamorio\clients\drcachesim\common\options.cpp
  options.cpp
Link:
  C:\Program Files\Microsoft Visual Studio\2022\Community\VC\Tools\MSVC\14.39.33519\bin\HostX64\x64\link.exe /ERRORREPO
  RT:QUEUE /OUT:"C:\Users\hacker\source\repos\buildx64\dynamorio\clients\bin64\drcachesim_ops.exe" /INCREMENTAL /ILK:"d
  rcachesim_ops.dir\Debug\drcachesim_ops.ilk" /NOLOGO kernel32.lib user32.lib gdi32.lib winspool.lib shell32.lib ole32.
  lib oleaut32.lib uuid.lib comdlg32.lib advapi32.lib /MANIFEST /MANIFESTUAC:"level='asInvoker' uiAccess='false'" /mani
  fest:embed /DEBUG /PDB:"C:/Users/hacker/source/repos/buildx64/dynamorio/clients/bin64/drcachesim_ops.pdb" /SUBSYSTEM:
  CONSOLE /TLBID:1 /DYNAMICBASE /NXCOMPAT /IMPLIB:"C:/Users/hacker/source/repos/buildx64/dynamorio/clients/lib64/debug/
  drcachesim_ops.lib" /MACHINE:X64  /machine:x64 /subsystem:console,5.02 /opt:ref /opt:icf /pdbcompress /nodefaultlib:l
  ibcmt drcachesim_ops.dir\Debug\optionlist.obj
  drcachesim_ops.dir\Debug\options.obj
LINK : warning LNK4075: ignoring '/INCREMENTAL' due to '/OPT:ICF' specification [C:\Users\hacker\source\repos\buildx64\
dynamorio\clients\drcachesim\drcachesim_ops.vcxproj]
  drcachesim_ops.vcxproj -> C:\Users\hacker\source\repos\buildx64\dynamorio\clients\bin64\drcachesim_ops.exe
FinalizeBuildStatus:
  Deleting file "drcachesim_ops.dir\Debug\drcachesim_ops.tlog\unsuccessfulbuild".
  Touching "drcachesim_ops.dir\Debug\drcachesim_ops.tlog\drcachesim_ops.lastbuildstate".
Done Building Project "C:\Users\hacker\source\repos\buildx64\dynamorio\clients\drcachesim\drcachesim_ops.vcxproj" (defa
ult targets).

Project "C:\Users\hacker\source\repos\buildx64\ALL_BUILD.vcxproj" (1) is building "C:\Users\hacker\source\repos\buildx6
4\dynamorio\tools\drconfig.vcxproj" (57) on node 1 (default targets).
PrepareForBuild:
  Creating directory "drconfig.dir\Debug\".
  Structured output is enabled. The formatting of compiler diagnostics will reflect the error hierarchy. See https://ak
  a.ms/cpp/structured-output for more details.
  Creating directory "drconfig.dir\Debug\drconfig.tlog\".
InitializeBuildStatus:
  Creating "drconfig.dir\Debug\drconfig.tlog\unsuccessfulbuild" because "AlwaysCreate" was specified.
  Touching "drconfig.dir\Debug\drconfig.tlog\unsuccessfulbuild".
CustomBuild:
  Building Custom Rule C:/Users/hacker/source/repos/drltrace/drltrace_src/dynamorio/tools/CMakeLists.txt
ClCompile:
  C:\Program Files\Microsoft Visual Studio\2022\Community\VC\Tools\MSVC\14.39.33519\bin\HostX64\x64\CL.exe /c /IC:\User
  s\hacker\source\repos\buildx64\dynamorio /IC:\Users\hacker\source\repos\drltrace\drltrace_src\dynamorio\libutil /IC:\
  Users\hacker\source\repos\drltrace\drltrace_src\dynamorio\core /IC:\Users\hacker\source\repos\drltrace\drltrace_src\d
  ynamorio\core\lib /Zi /nologo /W3 /WX /diagnostics:column /MP /Od /D _MBCS /D RC_IS_drconfig /D DRCONFIG /D SHOW_SYMB
  OLS /D NOT_DYNAMORIO_CORE /D WIN32 /D "CMAKE_INTDIR=\"Debug\"" /GF /MTd /GS- /fp:precise /Zc:wchar_t /Zc:forScope /Zc
  :inline /Fo"drconfig.dir\Debug\\" /Fd"drconfig.dir\Debug\vc143.pdb" /external:W3 /Gd /TC /wd4996 /errorReport:queue
  /FS C:\Users\hacker\source\repos\drltrace\drltrace_src\dynamorio\tools\drdeploy.c
  drdeploy.c
ResourceCompile:
  C:\Program Files (x86)\Windows Kits\10\bin\10.0.22621.0\x64\rc.exe /D WIN32 /D _DEBUG /D RC_IS_drconfig /D DRCONFIG /
  D SHOW_SYMBOLS /D NOT_DYNAMORIO_CORE /D "CMAKE_INTDIR=\\\"Debug\\\"" /l"0x0409" /IC:\Users\hacker\source\repos\buildx
  64\dynamorio /IC:\Users\hacker\source\repos\drltrace\drltrace_src\dynamorio\libutil /IC:\Users\hacker\source\repos\dr
  ltrace\drltrace_src\dynamorio\core /IC:\Users\hacker\source\repos\drltrace\drltrace_src\dynamorio\core\lib /nologo /f
  o"drconfig.dir\Debug\resources.res" C:\Users\hacker\source\repos\drltrace\drltrace_src\dynamorio\core\win32\resources
  .rc
Link:
  C:\Program Files\Microsoft Visual Studio\2022\Community\VC\Tools\MSVC\14.39.33519\bin\HostX64\x64\link.exe /ERRORREPO
  RT:QUEUE /OUT:"C:\Users\hacker\source\repos\buildx64\dynamorio\bin64\drconfig.exe" /INCREMENTAL /ILK:"drconfig.dir\De
  bug\drconfig.ilk" /NOLOGO ..\lib64\policy_static.lib user32.lib advapi32.lib pdh.lib imagehlp.lib shell32.lib ..\lib6
  4\drconfiglib.lib ..\lib64\drfrontendlib.lib ..\lib64\drlibc.lib kernel32.lib user32.lib gdi32.lib winspool.lib shell
  32.lib ole32.lib oleaut32.lib uuid.lib comdlg32.lib advapi32.lib /MANIFEST /MANIFESTUAC:"level='asInvoker' uiAccess='
  false'" /manifest:embed /DEBUG /PDB:"C:/Users/hacker/source/repos/buildx64/dynamorio/bin64/drconfig.pdb" /SUBSYSTEM:C
  ONSOLE /TLBID:1 /DYNAMICBASE /NXCOMPAT /IMPLIB:"C:/Users/hacker/source/repos/buildx64/dynamorio/lib64/drconfig.lib" /
  MACHINE:X64  /machine:x64 /subsystem:console,5.02 /opt:ref /opt:icf /pdbcompress drconfig.dir\Debug\resources.res
  drconfig.dir\Debug\drdeploy.obj
LINK : warning LNK4075: ignoring '/INCREMENTAL' due to '/OPT:ICF' specification [C:\Users\hacker\source\repos\buildx64\
dynamorio\tools\drconfig.vcxproj]
  drconfig.vcxproj -> C:\Users\hacker\source\repos\buildx64\dynamorio\bin64\drconfig.exe
FinalizeBuildStatus:
  Deleting file "drconfig.dir\Debug\drconfig.tlog\unsuccessfulbuild".
  Touching "drconfig.dir\Debug\drconfig.tlog\drconfig.lastbuildstate".
Done Building Project "C:\Users\hacker\source\repos\buildx64\dynamorio\tools\drconfig.vcxproj" (default targets).

Project "C:\Users\hacker\source\repos\buildx64\ALL_BUILD.vcxproj" (1) is building "C:\Users\hacker\source\repos\buildx6
4\dynamorio\clients\drcov\drcov.vcxproj" (58) on node 1 (default targets).
Project "C:\Users\hacker\source\repos\buildx64\dynamorio\clients\drcov\drcov.vcxproj" (58) is building "C:\Users\hacker
\source\repos\buildx64\dynamorio\ext\drcovlib\drcovlib.vcxproj" (59) on node 1 (default targets).
PrepareForBuild:
  Creating directory "drcovlib.dir\Debug\".
  Structured output is enabled. The formatting of compiler diagnostics will reflect the error hierarchy. See https://ak
  a.ms/cpp/structured-output for more details.
  Creating directory "drcovlib.dir\Debug\drcovlib.tlog\".
InitializeBuildStatus:
  Creating "drcovlib.dir\Debug\drcovlib.tlog\unsuccessfulbuild" because "AlwaysCreate" was specified.
  Touching "drcovlib.dir\Debug\drcovlib.tlog\unsuccessfulbuild".
CustomBuild:
  Building Custom Rule C:/Users/hacker/source/repos/drltrace/drltrace_src/dynamorio/ext/drcovlib/CMakeLists.txt
ClCompile:
  C:\Program Files\Microsoft Visual Studio\2022\Community\VC\Tools\MSVC\14.39.33519\bin\HostX64\x64\CL.exe /c /IC:\User
  s\hacker\source\repos\buildx64\dynamorio /IC:\Users\hacker\source\repos\buildx64\dynamorio\cmake\..\include /IC:\User
  s\hacker\source\repos\drltrace\drltrace_src\dynamorio\ext\drcovlib\ext\lib64\debug /IC:\Users\hacker\source\repos\drl
  trace\drltrace_src\dynamorio\core\lib /IC:\Users\hacker\source\repos\buildx64\dynamorio\ext\include /Zi /nologo /W4 /
  WX /diagnostics:column /MP /Od /D _WINDLL /D _MBCS /D DEBUG /D X64 /D X86_64 /D WINDOWS /D RC_IS_drcovlib /D SHOW_SYM
  BOLS /D _CRT_SECURE_NO_WARNINGS /D "CMAKE_INTDIR=\"Debug\"" /D drcovlib_EXPORTS /GF /MTd /GS- /fp:precise /Zc:wchar_t
   /Zc:forScope /Zc:inline /Fo"drcovlib.dir\Debug\\" /Fd"drcovlib.dir\Debug\vc143.pdb" /external:W4 /Gd /TC /wd4100 /wd
  4127 /wd4054 /errorReport:queue  /FS C:\Users\hacker\source\repos\drltrace\drltrace_src\dynamorio\ext\drcovlib\drcovl
  ib.c C:\Users\hacker\source\repos\drltrace\drltrace_src\dynamorio\ext\drcovlib\modules.c
  drcovlib.c
  modules.c
ResourceCompile:
  C:\Program Files (x86)\Windows Kits\10\bin\10.0.22621.0\x64\rc.exe /D WIN32 /D _DEBUG /D DEBUG /D X64 /D X86_64 /D WI
  NDOWS /D RC_IS_drcovlib /D SHOW_SYMBOLS /D _CRT_SECURE_NO_WARNINGS /D "CMAKE_INTDIR=\\\"Debug\\\"" /D drcovlib_EXPORT
  S /l"0x0409" /IC:\Users\hacker\source\repos\buildx64\dynamorio /IC:\Users\hacker\source\repos\buildx64\dynamorio\cmak
  e\..\include /IC:\Users\hacker\source\repos\drltrace\drltrace_src\dynamorio\ext\drcovlib\ext\lib64\debug /IC:\Users\h
  acker\source\repos\drltrace\drltrace_src\dynamorio\core\lib /IC:\Users\hacker\source\repos\buildx64\dynamorio\ext\inc
  lude /nologo /fo"drcovlib.dir\Debug\resources.res" C:\Users\hacker\source\repos\drltrace\drltrace_src\dynamorio\core\
  win32\resources.rc
C:\Users\hacker\source\repos\buildx64\dynamorio\configure.h(52): warning RC4005: 'X64' : redefinition [C:\Users\hacker\
source\repos\buildx64\dynamorio\ext\drcovlib\drcovlib.vcxproj]

Link:
  C:\Program Files\Microsoft Visual Studio\2022\Community\VC\Tools\MSVC\14.39.33519\bin\HostX64\x64\link.exe /ERRORREPO
  RT:QUEUE /OUT:"C:\Users\hacker\source\repos\buildx64\dynamorio\ext\lib64\debug\drcovlib.dll" /INCREMENTAL /ILK:"drcov
  lib.dir\Debug\drcovlib.ilk" /NOLOGO ..\lib64\debug\drcontainers.lib ..\lib64\debug\drx.lib ..\lib64\debug\drreg.lib .
  .\lib64\debug\drcontainers.lib ..\lib64\debug\drmgr.lib ..\..\lib64\debug\dynamorio.lib ..\..\lib64\ntdll_imports.lib
   kernel32.lib user32.lib gdi32.lib winspool.lib shell32.lib ole32.lib oleaut32.lib uuid.lib comdlg32.lib advapi32.lib
   /MANIFEST /MANIFESTUAC:"level='asInvoker' uiAccess='false'" /manifest:embed /DEBUG /PDB:"C:/Users/hacker/source/repo
  s/buildx64/dynamorio/ext/lib64/debug/drcovlib.pdb" /SUBSYSTEM:CONSOLE /TLBID:1 /DYNAMICBASE /NXCOMPAT /IMPLIB:"C:/Use
  rs/hacker/source/repos/buildx64/dynamorio/ext/lib64/debug/drcovlib.lib" /MACHINE:X64  /machine:x64 /subsystem:console
  ,5.02 /opt:ref /opt:icf /pdbcompress /opt:ref /opt:icf /pdbcompress /nodefaultlib /noentry /base:0x73800000 /dynamicb
  ase:no /DLL drcovlib.dir\Debug\resources.res
  drcovlib.dir\Debug\drcovlib.obj
  drcovlib.dir\Debug\modules.obj
LINK : warning LNK4075: ignoring '/INCREMENTAL' due to '/OPT:ICF' specification [C:\Users\hacker\source\repos\buildx64\
dynamorio\ext\drcovlib\drcovlib.vcxproj]
     Creating library C:/Users/hacker/source/repos/buildx64/dynamorio/ext/lib64/debug/drcovlib.lib and object C:/Users/
  hacker/source/repos/buildx64/dynamorio/ext/lib64/debug/drcovlib.exp
LINK : warning LNK4281: undesirable base address 0x73800000 for x64 image; set base address above 4GB for best ASLR opt
imization [C:\Users\hacker\source\repos\buildx64\dynamorio\ext\drcovlib\drcovlib.vcxproj]
  drcovlib.vcxproj -> C:\Users\hacker\source\repos\buildx64\dynamorio\ext\lib64\debug\drcovlib.dll
FinalizeBuildStatus:
  Deleting file "drcovlib.dir\Debug\drcovlib.tlog\unsuccessfulbuild".
  Touching "drcovlib.dir\Debug\drcovlib.tlog\drcovlib.lastbuildstate".
Done Building Project "C:\Users\hacker\source\repos\buildx64\dynamorio\ext\drcovlib\drcovlib.vcxproj" (default targets)
.

PrepareForBuild:
  Creating directory "drcov.dir\Debug\".
  Structured output is enabled. The formatting of compiler diagnostics will reflect the error hierarchy. See https://ak
  a.ms/cpp/structured-output for more details.
  Creating directory "drcov.dir\Debug\drcov.tlog\".
InitializeBuildStatus:
  Creating "drcov.dir\Debug\drcov.tlog\unsuccessfulbuild" because "AlwaysCreate" was specified.
  Touching "drcov.dir\Debug\drcov.tlog\unsuccessfulbuild".
CustomBuild:
  Building Custom Rule C:/Users/hacker/source/repos/drltrace/drltrace_src/dynamorio/clients/drcov/CMakeLists.txt
ClCompile:
  C:\Program Files\Microsoft Visual Studio\2022\Community\VC\Tools\MSVC\14.39.33519\bin\HostX64\x64\CL.exe /c /IC:\User
  s\hacker\source\repos\buildx64\dynamorio /IC:\Users\hacker\source\repos\buildx64\dynamorio\cmake\..\include /IC:\User
  s\hacker\source\repos\buildx64\dynamorio\ext\include /Zi /nologo /W4 /WX /diagnostics:column /MP /Od /D _WINDLL /D _M
  BCS /D DEBUG /D X64 /D X86_64 /D WINDOWS /D SHOW_SYMBOLS /D _CRT_SECURE_NO_WARNINGS /D "CMAKE_INTDIR=\"Debug\"" /D dr
  cov_EXPORTS /GF /MTd /GS- /fp:precise /Zc:wchar_t /Zc:forScope /Zc:inline /Fo"drcov.dir\Debug\\" /Fd"drcov.dir\Debug\
  vc143.pdb" /external:W4 /Gd /TC /wd4100 /wd4127 /wd4054 /errorReport:queue  /FS C:\Users\hacker\source\repos\drltrace
  \drltrace_src\dynamorio\clients\drcov\drcov.c
  drcov.c
Link:
  C:\Program Files\Microsoft Visual Studio\2022\Community\VC\Tools\MSVC\14.39.33519\bin\HostX64\x64\link.exe /ERRORREPO
  RT:QUEUE /OUT:"C:\Users\hacker\source\repos\buildx64\dynamorio\clients\lib64\debug\drcov.dll" /INCREMENTAL /ILK:"drco
  v.dir\Debug\drcov.ilk" /NOLOGO ..\..\ext\lib64\debug\drcovlib.lib ..\..\ext\lib64\debug\drx.lib ..\..\ext\lib64\debug
  \drreg.lib ..\..\lib64\ntdll_imports.lib ..\..\ext\lib64\debug\drcontainers.lib ..\..\ext\lib64\debug\drmgr.lib ..\..
  \lib64\debug\dynamorio.lib kernel32.lib user32.lib gdi32.lib winspool.lib shell32.lib ole32.lib oleaut32.lib uuid.lib
   comdlg32.lib advapi32.lib /MANIFEST /MANIFESTUAC:"level='asInvoker' uiAccess='false'" /manifest:embed /DEBUG /PDB:"C
  :/Users/hacker/source/repos/buildx64/dynamorio/clients/lib64/debug/drcov.pdb" /SUBSYSTEM:CONSOLE /TLBID:1 /DYNAMICBAS
  E /NXCOMPAT /IMPLIB:"C:/Users/hacker/source/repos/buildx64/dynamorio/clients/lib64/debug/drcov.lib" /MACHINE:X64  /ma
  chine:x64 /subsystem:console,5.02 /opt:ref /opt:icf /pdbcompress /opt:ref /opt:icf /pdbcompress /nodefaultlib /noentr
  y /base:0x72000000 /dynamicbase:no /DLL drcov.dir\Debug\drcov.obj
LINK : warning LNK4075: ignoring '/INCREMENTAL' due to '/OPT:ICF' specification [C:\Users\hacker\source\repos\buildx64\
dynamorio\clients\drcov\drcov.vcxproj]
     Creating library C:/Users/hacker/source/repos/buildx64/dynamorio/clients/lib64/debug/drcov.lib and object C:/Users
  /hacker/source/repos/buildx64/dynamorio/clients/lib64/debug/drcov.exp
LINK : warning LNK4281: undesirable base address 0x72000000 for x64 image; set base address above 4GB for best ASLR opt
imization [C:\Users\hacker\source\repos\buildx64\dynamorio\clients\drcov\drcov.vcxproj]
  drcov.vcxproj -> C:\Users\hacker\source\repos\buildx64\dynamorio\clients\lib64\debug\drcov.dll
PostBuildEvent:
  setlocal
  "C:\Program Files\CMake\bin\cmake.exe" -E echo "Usage: pass to drconfig or drrun: -t drcov"
  if %errorlevel% neq 0 goto :cmEnd
  :cmEnd
  endlocal & call :cmErrorLevel %errorlevel% & goto :cmDone
  :cmErrorLevel
  exit /b %1
  :cmDone
  if %errorlevel% neq 0 goto :VCEnd
  :VCEnd
  Usage: pass to drconfig or drrun: -t drcov
FinalizeBuildStatus:
  Deleting file "drcov.dir\Debug\drcov.tlog\unsuccessfulbuild".
  Touching "drcov.dir\Debug\drcov.tlog\drcov.lastbuildstate".
Done Building Project "C:\Users\hacker\source\repos\buildx64\dynamorio\clients\drcov\drcov.vcxproj" (default targets).

Project "C:\Users\hacker\source\repos\buildx64\ALL_BUILD.vcxproj" (1) is building "C:\Users\hacker\source\repos\buildx6
4\dynamorio\clients\drcov\drcov2lcov.vcxproj" (60) on node 1 (default targets).
Project "C:\Users\hacker\source\repos\buildx64\dynamorio\clients\drcov\drcov2lcov.vcxproj" (60) is building "C:\Users\h
acker\source\repos\buildx64\dynamorio\ext\drsyms\drsyms_static.vcxproj" (61) on node 1 (default targets).
Project "C:\Users\hacker\source\repos\buildx64\dynamorio\ext\drsyms\drsyms_static.vcxproj" (61) is building "C:\Users\h
acker\source\repos\buildx64\dynamorio\ext\drsyms\dbghelp_tgt.vcxproj" (62) on node 1 (default targets).
PrepareForBuild:
  Creating directory "X64\Debug\dbghelp_tgt\".
  Structured output is enabled. The formatting of compiler diagnostics will reflect the error hierarchy. See https://ak
  a.ms/cpp/structured-output for more details.
  Creating directory "X64\Debug\dbghelp_tgt\dbghelp_tgt.tlog\".
InitializeBuildStatus:
  Creating "X64\Debug\dbghelp_tgt\dbghelp_tgt.tlog\unsuccessfulbuild" because "AlwaysCreate" was specified.
  Touching "X64\Debug\dbghelp_tgt\dbghelp_tgt.tlog\unsuccessfulbuild".
CustomBuild:
  "The build of 'C:\Users\hacker\source\repos\buildx64\CMakeFiles\f986dcc28e669d795cdcf7459e3ca9be\dbghelp_tgt.rule' de
  pends on 'C:\USERS\HACKER\SOURCE\REPOS\BUILDX64\DYNAMORIO\EXT\DRSYMS\DBGHELP_IMPORTS.LIB' which is produced by the bu
  ild of 'C:\Users\hacker\source\repos\buildx64\CMakeFiles\5c6b7f7e6811a009aa21d414f9da899a\dbghelp_imports.lib.rule'.
  The items cannot be built in parallel."
  Generating dbghelp_imports.lib
  dbghelp_imports.c
     Creating library dbghelp_imports.lib and object dbghelp_imports.exp
  Building Custom Rule C:/Users/hacker/source/repos/drltrace/drltrace_src/dynamorio/ext/drsyms/CMakeLists.txt
FinalizeBuildStatus:
  Deleting file "X64\Debug\dbghelp_tgt\dbghelp_tgt.tlog\unsuccessfulbuild".
  Touching "X64\Debug\dbghelp_tgt\dbghelp_tgt.tlog\dbghelp_tgt.lastbuildstate".
Done Building Project "C:\Users\hacker\source\repos\buildx64\dynamorio\ext\drsyms\dbghelp_tgt.vcxproj" (default targets
).

PrepareForBuild:
  Creating directory "drsyms_static.dir\Debug\".
  Structured output is enabled. The formatting of compiler diagnostics will reflect the error hierarchy. See https://ak
  a.ms/cpp/structured-output for more details.
  Creating directory "drsyms_static.dir\Debug\drsyms_static.tlog\".
InitializeBuildStatus:
  Creating "drsyms_static.dir\Debug\drsyms_static.tlog\unsuccessfulbuild" because "AlwaysCreate" was specified.
  Touching "drsyms_static.dir\Debug\drsyms_static.tlog\unsuccessfulbuild".
CustomBuild:
  Building Custom Rule C:/Users/hacker/source/repos/drltrace/drltrace_src/dynamorio/ext/drsyms/CMakeLists.txt
ClCompile:
  C:\Program Files\Microsoft Visual Studio\2022\Community\VC\Tools\MSVC\14.39.33519\bin\HostX64\x64\CL.exe /c /IC:\User
  s\hacker\source\repos\buildx64\dynamorio /IC:\Users\hacker\source\repos\buildx64\dynamorio\cmake\..\include /IC:\User
  s\hacker\source\repos\drltrace\drltrace_src\dynamorio\ext\drsyms\ext\lib64\debug /IC:\Users\hacker\source\repos\drltr
  ace\drltrace_src\dynamorio\core\lib /IC:\Users\hacker\source\repos\buildx64\dynamorio\ext\include /IC:\Users\hacker\s
  ource\repos\drltrace\drltrace_src\dynamorio\ext\drsyms\libelftc\include /Zi /nologo /W4 /WX /diagnostics:column /MP /
  Od /D _MBCS /D DEBUG /D X64 /D X86_64 /D WINDOWS /D DRSYM_HAVE_LIBELFTC /D STATIC_LIB /D RC_IS_drsyms_static /D SHOW_
  SYMBOLS /D _CRT_SECURE_NO_WARNINGS /D "CMAKE_INTDIR=\"Debug\"" /GF /MTd /GS- /fp:precise /Zc:wchar_t /Zc:forScope /Zc
  :inline /Fo"drsyms_static.dir\Debug\\" /Fd"C:\Users\hacker\source\repos\buildx64\dynamorio\ext\lib64\debug\drsyms_sta
  tic.pdb" /external:W4 /Gd /TC /wd4100 /wd4127 /wd4054 /errorReport:queue  /FS C:\Users\hacker\source\repos\drltrace\d
  rltrace_src\dynamorio\ext\drsyms\drsyms_windows.c C:\Users\hacker\source\repos\drltrace\drltrace_src\dynamorio\ext\dr
  syms\drsyms_unix_common.c C:\Users\hacker\source\repos\drltrace\drltrace_src\dynamorio\ext\drsyms\drsyms_pecoff.c C:\
  Users\hacker\source\repos\drltrace\drltrace_src\dynamorio\ext\drsyms\drsyms_dwarf.c C:\Users\hacker\source\repos\drlt
  race\drltrace_src\dynamorio\ext\drsyms\drsyms_common.c
  drsyms_windows.c
  drsyms_unix_common.c
  drsyms_pecoff.c
  drsyms_dwarf.c
  drsyms_common.c
  C:\Program Files\Microsoft Visual Studio\2022\Community\VC\Tools\MSVC\14.39.33519\bin\HostX64\x64\CL.exe /c /IC:\User
  s\hacker\source\repos\buildx64\dynamorio /IC:\Users\hacker\source\repos\buildx64\dynamorio\cmake\..\include /IC:\User
  s\hacker\source\repos\drltrace\drltrace_src\dynamorio\ext\drsyms\ext\lib64\debug /IC:\Users\hacker\source\repos\drltr
  ace\drltrace_src\dynamorio\core\lib /IC:\Users\hacker\source\repos\buildx64\dynamorio\ext\include /IC:\Users\hacker\s
  ource\repos\drltrace\drltrace_src\dynamorio\ext\drsyms\libelftc\include /Zi /nologo /W4 /WX /diagnostics:column /MP /
  Od /D _MBCS /D DEBUG /D X64 /D X86_64 /D WINDOWS /D DRSYM_HAVE_LIBELFTC /D STATIC_LIB /D RC_IS_drsyms_static /D SHOW_
  SYMBOLS /D _CRT_SECURE_NO_WARNINGS /D "CMAKE_INTDIR=\"Debug\"" /GF /EHsc /MTd /GS- /fp:precise /Zc:wchar_t /Zc:forSco
  pe /Zc:inline /Fo"drsyms_static.dir\Debug\\" /Fd"C:\Users\hacker\source\repos\buildx64\dynamorio\ext\lib64\debug\drsy
  ms_static.pdb" /external:W4 /Gd /TP /wd4100 /wd4127 /wd4054 /errorReport:queue  /FS C:\Users\hacker\source\repos\drlt
  race\drltrace_src\dynamorio\ext\drsyms\demangle.cc
  demangle.cc
Lib:
  C:\Program Files\Microsoft Visual Studio\2022\Community\VC\Tools\MSVC\14.39.33519\bin\HostX64\x64\Lib.exe /OUT:"C:\Us
  ers\hacker\source\repos\buildx64\dynamorio\ext\lib64\debug\drsyms_static.lib" /NOLOGO /MACHINE:X64  /machine:x64 drsy
  ms_static.dir\Debug\drsyms_windows.obj
  drsyms_static.dir\Debug\drsyms_unix_common.obj
  drsyms_static.dir\Debug\drsyms_pecoff.obj
  drsyms_static.dir\Debug\drsyms_dwarf.obj
  drsyms_static.dir\Debug\demangle.obj
  drsyms_static.dir\Debug\drsyms_common.obj
  drsyms_static.vcxproj -> C:\Users\hacker\source\repos\buildx64\dynamorio\ext\lib64\debug\drsyms_static.lib
FinalizeBuildStatus:
  Deleting file "drsyms_static.dir\Debug\drsyms_static.tlog\unsuccessfulbuild".
  Touching "drsyms_static.dir\Debug\drsyms_static.tlog\drsyms_static.lastbuildstate".
Done Building Project "C:\Users\hacker\source\repos\buildx64\dynamorio\ext\drsyms\drsyms_static.vcxproj" (default targe
ts).

PrepareForBuild:
  Creating directory "drcov2lcov.dir\Debug\".
  Structured output is enabled. The formatting of compiler diagnostics will reflect the error hierarchy. See https://ak
  a.ms/cpp/structured-output for more details.
  Creating directory "drcov2lcov.dir\Debug\drcov2lcov.tlog\".
InitializeBuildStatus:
  Creating "drcov2lcov.dir\Debug\drcov2lcov.tlog\unsuccessfulbuild" because "AlwaysCreate" was specified.
  Touching "drcov2lcov.dir\Debug\drcov2lcov.tlog\unsuccessfulbuild".
CustomBuild:
  Building Custom Rule C:/Users/hacker/source/repos/drltrace/drltrace_src/dynamorio/clients/drcov/CMakeLists.txt
ClCompile:
  C:\Program Files\Microsoft Visual Studio\2022\Community\VC\Tools\MSVC\14.39.33519\bin\HostX64\x64\CL.exe /c /IC:\User
  s\hacker\source\repos\buildx64\dynamorio /IC:\Users\hacker\source\repos\buildx64\dynamorio\cmake\..\include /IC:\User
  s\hacker\source\repos\buildx64\dynamorio\ext\include /Zi /nologo /W4 /WX /diagnostics:column /MP /Od /D _MBCS /D DEBU
  G /D X64 /D DYNAMORIO_STANDALONE /D X86_64 /D WINDOWS /D SHOW_SYMBOLS /D _CRT_SECURE_NO_WARNINGS /D "CMAKE_INTDIR=\"D
  ebug\"" /GF /EHsc /MTd /GS- /fp:precise /Zc:wchar_t /Zc:forScope /Zc:inline /Fo"drcov2lcov.dir\Debug\\" /Fd"drcov2lco
  v.dir\Debug\vc143.pdb" /external:W4 /Gd /TP /wd4100 /wd4127 /wd4054 /errorReport:queue  /FS C:\Users\hacker\source\re
  pos\drltrace\drltrace_src\dynamorio\clients\drcov\postprocess\drcov2lcov.cpp
  drcov2lcov.cpp
Link:
  C:\Program Files\Microsoft Visual Studio\2022\Community\VC\Tools\MSVC\14.39.33519\bin\HostX64\x64\link.exe /ERRORREPO
  RT:QUEUE /OUT:"C:\Users\hacker\source\repos\buildx64\dynamorio\clients\bin64\drcov2lcov.exe" /INCREMENTAL /ILK:"drcov
  2lcov.dir\Debug\drcov2lcov.ilk" /NOLOGO libcpmtd.lib libcmtd.lib libvcruntimed.lib libucrtd.lib ..\..\ext\lib64\debug
  \drsyms_static.lib ..\..\ext\lib64\debug\drcontainers.lib ..\..\ext\lib64\debug\drcovlib_static.lib ..\..\lib64\drfro
  ntendlib.lib libcpmtd.lib libcmtd.lib libvcruntimed.lib libucrtd.lib dbghelp.lib ..\..\ext\drsyms\dbghelp_imports.lib
   "C:\Users\hacker\source\repos\drltrace\drltrace_src\dynamorio\ext\drsyms\libelftc-pecoff\lib64\dwarf.lib" "C:\Users\
  hacker\source\repos\drltrace\drltrace_src\dynamorio\ext\drsyms\libelftc-pecoff\lib64\elftc.lib" ..\..\ext\lib64\debug
  \drx_static.lib ..\..\ext\lib64\debug\drreg_static.lib ..\..\ext\lib64\debug\drcontainers.lib ..\..\ext\lib64\debug\d
  rmgr_static.lib ..\..\lib64\debug\dynamorio.lib ..\..\lib64\ntdll_imports.lib kernel32.lib user32.lib gdi32.lib winsp
  ool.lib shell32.lib ole32.lib oleaut32.lib uuid.lib comdlg32.lib advapi32.lib /MANIFEST /MANIFESTUAC:"level='asInvoke
  r' uiAccess='false'" /manifest:embed /DEBUG /PDB:"C:/Users/hacker/source/repos/buildx64/dynamorio/clients/bin64/drcov
  2lcov.pdb" /SUBSYSTEM:CONSOLE /TLBID:1 /DYNAMICBASE /NXCOMPAT /IMPLIB:"C:/Users/hacker/source/repos/buildx64/dynamori
  o/clients/lib64/debug/drcov2lcov.lib" /MACHINE:X64  /machine:x64 /subsystem:console,5.02 /opt:ref /opt:icf /pdbcompre
  ss /opt:ref /opt:icf /pdbcompress /nodefaultlib:libcmt drcov2lcov.dir\Debug\drcov2lcov.obj
LINK : warning LNK4075: ignoring '/INCREMENTAL' due to '/OPT:ICF' specification [C:\Users\hacker\source\repos\buildx64\
dynamorio\clients\drcov\drcov2lcov.vcxproj]
     Creating library C:/Users/hacker/source/repos/buildx64/dynamorio/clients/lib64/debug/drcov2lcov.lib and object C:/
  Users/hacker/source/repos/buildx64/dynamorio/clients/lib64/debug/drcov2lcov.exp
  drcov2lcov.vcxproj -> C:\Users\hacker\source\repos\buildx64\dynamorio\clients\bin64\drcov2lcov.exe
PostBuildEvent:
  setlocal
  "C:\Program Files\CMake\bin\cmake.exe" -E echo "Make sure the loader finds the dynamorio library (set PATH or copy to
   same directory)"
  if %errorlevel% neq 0 goto :cmEnd
  :cmEnd
  endlocal & call :cmErrorLevel %errorlevel% & goto :cmDone
  :cmErrorLevel
  exit /b %1
  :cmDone
  if %errorlevel% neq 0 goto :VCEnd
  setlocal
  "C:\Program Files\CMake\bin\cmake.exe" -E copy C:/Users/hacker/source/repos/buildx64/dynamorio/lib64/debug/dynamorio.
  dll C:/Users/hacker/source/repos/buildx64/dynamorio/clients/bin64/dynamorio.dll
  if %errorlevel% neq 0 goto :cmEnd
  :cmEnd
  endlocal & call :cmErrorLevel %errorlevel% & goto :cmDone
  :cmErrorLevel
  exit /b %1
  :cmDone
  if %errorlevel% neq 0 goto :VCEnd
  :VCEnd
  Make sure the loader finds the dynamorio library (set PATH or copy to same directory)
FinalizeBuildStatus:
  Deleting file "drcov2lcov.dir\Debug\drcov2lcov.tlog\unsuccessfulbuild".
  Touching "drcov2lcov.dir\Debug\drcov2lcov.tlog\drcov2lcov.lastbuildstate".
Done Building Project "C:\Users\hacker\source\repos\buildx64\dynamorio\clients\drcov\drcov2lcov.vcxproj" (default targe
ts).

Project "C:\Users\hacker\source\repos\buildx64\ALL_BUILD.vcxproj" (1) is building "C:\Users\hacker\source\repos\buildx6
4\dynamorio\clients\drcpusim\drcpusim.vcxproj" (63) on node 1 (default targets).
Project "C:\Users\hacker\source\repos\buildx64\dynamorio\clients\drcpusim\drcpusim.vcxproj" (63) is building "C:\Users\
hacker\source\repos\buildx64\dynamorio\ext\drutil\drutil.vcxproj" (64) on node 1 (default targets).
PrepareForBuild:
  Creating directory "drutil.dir\Debug\".
  Structured output is enabled. The formatting of compiler diagnostics will reflect the error hierarchy. See https://ak
  a.ms/cpp/structured-output for more details.
  Creating directory "drutil.dir\Debug\drutil.tlog\".
InitializeBuildStatus:
  Creating "drutil.dir\Debug\drutil.tlog\unsuccessfulbuild" because "AlwaysCreate" was specified.
  Touching "drutil.dir\Debug\drutil.tlog\unsuccessfulbuild".
CustomBuild:
  Building Custom Rule C:/Users/hacker/source/repos/drltrace/drltrace_src/dynamorio/ext/drutil/CMakeLists.txt
ClCompile:
  C:\Program Files\Microsoft Visual Studio\2022\Community\VC\Tools\MSVC\14.39.33519\bin\HostX64\x64\CL.exe /c /IC:\User
  s\hacker\source\repos\buildx64\dynamorio /IC:\Users\hacker\source\repos\buildx64\dynamorio\cmake\..\include /IC:\User
  s\hacker\source\repos\drltrace\drltrace_src\dynamorio\ext\drutil\ext\lib64\debug /IC:\Users\hacker\source\repos\drltr
  ace\drltrace_src\dynamorio\core\lib /IC:\Users\hacker\source\repos\buildx64\dynamorio\ext\include /Zi /nologo /W4 /WX
   /diagnostics:column /MP /Od /D _WINDLL /D _MBCS /D DEBUG /D X64 /D X86_64 /D WINDOWS /D RC_IS_drutil /D SHOW_SYMBOLS
   /D _CRT_SECURE_NO_WARNINGS /D "CMAKE_INTDIR=\"Debug\"" /D drutil_EXPORTS /GF /MTd /GS- /fp:precise /Zc:wchar_t /Zc:f
  orScope /Zc:inline /Fo"drutil.dir\Debug\\" /Fd"drutil.dir\Debug\vc143.pdb" /external:W4 /Gd /TC /wd4100 /wd4127 /wd40
  54 /errorReport:queue  /FS C:\Users\hacker\source\repos\drltrace\drltrace_src\dynamorio\ext\drutil\drutil.c
  drutil.c
ResourceCompile:
  C:\Program Files (x86)\Windows Kits\10\bin\10.0.22621.0\x64\rc.exe /D WIN32 /D _DEBUG /D DEBUG /D X64 /D X86_64 /D WI
  NDOWS /D RC_IS_drutil /D SHOW_SYMBOLS /D _CRT_SECURE_NO_WARNINGS /D "CMAKE_INTDIR=\\\"Debug\\\"" /D drutil_EXPORTS /l
  "0x0409" /IC:\Users\hacker\source\repos\buildx64\dynamorio /IC:\Users\hacker\source\repos\buildx64\dynamorio\cmake\..
  \include /IC:\Users\hacker\source\repos\drltrace\drltrace_src\dynamorio\ext\drutil\ext\lib64\debug /IC:\Users\hacker\
  source\repos\drltrace\drltrace_src\dynamorio\core\lib /IC:\Users\hacker\source\repos\buildx64\dynamorio\ext\include /
  nologo /fo"drutil.dir\Debug\resources.res" C:\Users\hacker\source\repos\drltrace\drltrace_src\dynamorio\core\win32\re
  sources.rc
C:\Users\hacker\source\repos\buildx64\dynamorio\configure.h(52): warning RC4005: 'X64' : redefinition [C:\Users\hacker\
source\repos\buildx64\dynamorio\ext\drutil\drutil.vcxproj]

Link:
  C:\Program Files\Microsoft Visual Studio\2022\Community\VC\Tools\MSVC\14.39.33519\bin\HostX64\x64\link.exe /ERRORREPO
  RT:QUEUE /OUT:"C:\Users\hacker\source\repos\buildx64\dynamorio\ext\lib64\debug\drutil.dll" /INCREMENTAL /ILK:"drutil.
  dir\Debug\drutil.ilk" /NOLOGO ..\lib64\debug\drmgr.lib ..\..\lib64\debug\dynamorio.lib kernel32.lib user32.lib gdi32.
  lib winspool.lib shell32.lib ole32.lib oleaut32.lib uuid.lib comdlg32.lib advapi32.lib /MANIFEST /MANIFESTUAC:"level=
  'asInvoker' uiAccess='false'" /manifest:embed /DEBUG /PDB:"C:/Users/hacker/source/repos/buildx64/dynamorio/ext/lib64/
  debug/drutil.pdb" /SUBSYSTEM:CONSOLE /TLBID:1 /DYNAMICBASE /NXCOMPAT /IMPLIB:"C:/Users/hacker/source/repos/buildx64/d
  ynamorio/ext/lib64/debug/drutil.lib" /MACHINE:X64  /machine:x64 /subsystem:console,5.02 /opt:ref /opt:icf /pdbcompres
  s /opt:ref /opt:icf /pdbcompress /nodefaultlib /noentry /base:0x75000000 /dynamicbase:no /DLL drutil.dir\Debug\resour
  ces.res
  drutil.dir\Debug\drutil.obj
LINK : warning LNK4075: ignoring '/INCREMENTAL' due to '/OPT:ICF' specification [C:\Users\hacker\source\repos\buildx64\
dynamorio\ext\drutil\drutil.vcxproj]
     Creating library C:/Users/hacker/source/repos/buildx64/dynamorio/ext/lib64/debug/drutil.lib and object C:/Users/ha
  cker/source/repos/buildx64/dynamorio/ext/lib64/debug/drutil.exp
LINK : warning LNK4281: undesirable base address 0x75000000 for x64 image; set base address above 4GB for best ASLR opt
imization [C:\Users\hacker\source\repos\buildx64\dynamorio\ext\drutil\drutil.vcxproj]
  drutil.vcxproj -> C:\Users\hacker\source\repos\buildx64\dynamorio\ext\lib64\debug\drutil.dll
FinalizeBuildStatus:
  Deleting file "drutil.dir\Debug\drutil.tlog\unsuccessfulbuild".
  Touching "drutil.dir\Debug\drutil.tlog\drutil.lastbuildstate".
Done Building Project "C:\Users\hacker\source\repos\buildx64\dynamorio\ext\drutil\drutil.vcxproj" (default targets).

PrepareForBuild:
  Creating directory "drcpusim.dir\Debug\".
  Structured output is enabled. The formatting of compiler diagnostics will reflect the error hierarchy. See https://ak
  a.ms/cpp/structured-output for more details.
  Creating directory "drcpusim.dir\Debug\drcpusim.tlog\".
InitializeBuildStatus:
  Creating "drcpusim.dir\Debug\drcpusim.tlog\unsuccessfulbuild" because "AlwaysCreate" was specified.
  Touching "drcpusim.dir\Debug\drcpusim.tlog\unsuccessfulbuild".
CustomBuild:
  Building Custom Rule C:/Users/hacker/source/repos/drltrace/drltrace_src/dynamorio/clients/drcpusim/CMakeLists.txt
ClCompile:
  C:\Program Files\Microsoft Visual Studio\2022\Community\VC\Tools\MSVC\14.39.33519\bin\HostX64\x64\CL.exe /c /IC:\User
  s\hacker\source\repos\buildx64\dynamorio /IC:\Users\hacker\source\repos\buildx64\dynamorio\cmake\..\include /IC:\User
  s\hacker\source\repos\buildx64\dynamorio\ext\include /Zi /nologo /W4 /WX /diagnostics:column /MP /Od /D _WINDLL /D _M
  BCS /D DEBUG /D X64 /D X86_64 /D WINDOWS /D SHOW_SYMBOLS /D _CRT_SECURE_NO_WARNINGS /D "CMAKE_INTDIR=\"Debug\"" /D dr
  cpusim_EXPORTS /GF /EHsc /MTd /GS- /fp:precise /Zc:wchar_t /Zc:forScope /Zc:inline /Fo"drcpusim.dir\Debug\\" /Fd"drcp
  usim.dir\Debug\vc143.pdb" /external:W4 /Gd /TP /wd4100 /wd4127 /wd4054 /errorReport:queue  /FS C:\Users\hacker\source
  \repos\drltrace\drltrace_src\dynamorio\clients\drcpusim\drcpusim.cpp C:\Users\hacker\source\repos\drltrace\drltrace_s
  rc\dynamorio\clients\drcpusim\options.cpp
  drcpusim.cpp
  options.cpp
Link:
  C:\Program Files\Microsoft Visual Studio\2022\Community\VC\Tools\MSVC\14.39.33519\bin\HostX64\x64\link.exe /ERRORREPO
  RT:QUEUE /OUT:"C:\Users\hacker\source\repos\buildx64\dynamorio\clients\lib64\debug\drcpusim.dll" /INCREMENTAL /ILK:"d
  rcpusim.dir\Debug\drcpusim.ilk" /NOLOGO libcpmtd.lib libcmtd.lib libvcruntimed.lib libucrtd.lib ..\..\ext\lib64\debug
  \drutil.lib ..\..\ext\lib64\debug\drx.lib ..\..\ext\lib64\debug\drreg.lib ..\..\ext\lib64\debug\drmgr.lib ..\..\ext\l
  ib64\debug\drcontainers.lib ..\..\lib64\debug\dynamorio.lib ..\..\lib64\ntdll_imports.lib kernel32.lib user32.lib gdi
  32.lib winspool.lib shell32.lib ole32.lib oleaut32.lib uuid.lib comdlg32.lib advapi32.lib /MANIFEST /MANIFESTUAC:"lev
  el='asInvoker' uiAccess='false'" /manifest:embed /DEBUG /PDB:"C:/Users/hacker/source/repos/buildx64/dynamorio/clients
  /lib64/debug/drcpusim.pdb" /SUBSYSTEM:CONSOLE /TLBID:1 /DYNAMICBASE /NXCOMPAT /IMPLIB:"C:/Users/hacker/source/repos/b
  uildx64/dynamorio/clients/lib64/debug/drcpusim.lib" /MACHINE:X64  /machine:x64 /subsystem:console,5.02 /opt:ref /opt:
  icf /pdbcompress /opt:ref /opt:icf /pdbcompress /nodefaultlib:libcmt /base:0x72000000 /dynamicbase:no /DLL drcpusim.d
  ir\Debug\drcpusim.obj
  drcpusim.dir\Debug\options.obj
LINK : warning LNK4075: ignoring '/INCREMENTAL' due to '/OPT:ICF' specification [C:\Users\hacker\source\repos\buildx64\
dynamorio\clients\drcpusim\drcpusim.vcxproj]
     Creating library C:/Users/hacker/source/repos/buildx64/dynamorio/clients/lib64/debug/drcpusim.lib and object C:/Us
  ers/hacker/source/repos/buildx64/dynamorio/clients/lib64/debug/drcpusim.exp
LINK : warning LNK4281: undesirable base address 0x72000000 for x64 image; set base address above 4GB for best ASLR opt
imization [C:\Users\hacker\source\repos\buildx64\dynamorio\clients\drcpusim\drcpusim.vcxproj]
  drcpusim.vcxproj -> C:\Users\hacker\source\repos\buildx64\dynamorio\clients\lib64\debug\drcpusim.dll
PostBuildEvent:
  setlocal
  "C:\Program Files\CMake\bin\cmake.exe" -E echo "Usage: pass to drconfig or drrun: -t drcpusim"
  if %errorlevel% neq 0 goto :cmEnd
  :cmEnd
  endlocal & call :cmErrorLevel %errorlevel% & goto :cmDone
  :cmErrorLevel
  exit /b %1
  :cmDone
  if %errorlevel% neq 0 goto :VCEnd
  :VCEnd
  Usage: pass to drconfig or drrun: -t drcpusim
FinalizeBuildStatus:
  Deleting file "drcpusim.dir\Debug\drcpusim.tlog\unsuccessfulbuild".
  Touching "drcpusim.dir\Debug\drcpusim.tlog\drcpusim.lastbuildstate".
Done Building Project "C:\Users\hacker\source\repos\buildx64\dynamorio\clients\drcpusim\drcpusim.vcxproj" (default targ
ets).

Project "C:\Users\hacker\source\repos\buildx64\ALL_BUILD.vcxproj" (1) is building "C:\Users\hacker\source\repos\buildx6
4\dynamorio\clients\drcpusim\drcpusim_ops.vcxproj" (65) on node 1 (default targets).
PrepareForBuild:
  Creating directory "drcpusim_ops.dir\Debug\".
  Structured output is enabled. The formatting of compiler diagnostics will reflect the error hierarchy. See https://ak
  a.ms/cpp/structured-output for more details.
  Creating directory "drcpusim_ops.dir\Debug\drcpusim_ops.tlog\".
InitializeBuildStatus:
  Creating "drcpusim_ops.dir\Debug\drcpusim_ops.tlog\unsuccessfulbuild" because "AlwaysCreate" was specified.
  Touching "drcpusim_ops.dir\Debug\drcpusim_ops.tlog\unsuccessfulbuild".
CustomBuild:
  Building Custom Rule C:/Users/hacker/source/repos/drltrace/drltrace_src/dynamorio/clients/drcpusim/CMakeLists.txt
ClCompile:
  C:\Program Files\Microsoft Visual Studio\2022\Community\VC\Tools\MSVC\14.39.33519\bin\HostX64\x64\CL.exe /c /IC:\User
  s\hacker\source\repos\buildx64\dynamorio /IC:\Users\hacker\source\repos\buildx64\dynamorio\cmake\..\include /IC:\User
  s\hacker\source\repos\buildx64\dynamorio\ext\include /Zi /nologo /W4 /WX /diagnostics:column /MP /Od /D _MBCS /D DEBU
  G /D X64 /D SHOW_SYMBOLS /D _CRT_SECURE_NO_WARNINGS /D "CMAKE_INTDIR=\"Debug\"" /GF /EHsc /MTd /GS- /fp:precise /Zc:w
  char_t /Zc:forScope /Zc:inline /Fo"drcpusim_ops.dir\Debug\\" /Fd"drcpusim_ops.dir\Debug\vc143.pdb" /external:W4 /Gd /
  TP /wd4100 /wd4127 /wd4054 /errorReport:queue  /FS C:\Users\hacker\source\repos\drltrace\drltrace_src\dynamorio\clien
  ts\drcpusim\optionlist.cpp
  optionlist.cpp
  C:\Program Files\Microsoft Visual Studio\2022\Community\VC\Tools\MSVC\14.39.33519\bin\HostX64\x64\CL.exe /c /IC:\User
  s\hacker\source\repos\buildx64\dynamorio /IC:\Users\hacker\source\repos\buildx64\dynamorio\cmake\..\include /IC:\User
  s\hacker\source\repos\buildx64\dynamorio\ext\include /Zi /nologo /W4 /WX /diagnostics:column /MP /Od /D _MBCS /D DEBU
  G /D X64 /D SHOW_SYMBOLS /D _CRT_SECURE_NO_WARNINGS /D "CMAKE_INTDIR=\"Debug\"" /GF /EHsc /MTd /GS- /fp:precise /Zc:w
  char_t /Zc:forScope /Zc:inline /Fo"drcpusim_ops.dir\Debug\\" /Fd"drcpusim_ops.dir\Debug\vc143.pdb" /external:W4 /Gd /
  TP /wd4100 /wd4127 /wd4054 /wd4100 /wd4127 /wd4054 /errorReport:queue  /FS /FS C:\Users\hacker\source\repos\drltrace\
  drltrace_src\dynamorio\clients\drcpusim\options.cpp
  options.cpp
Link:
  C:\Program Files\Microsoft Visual Studio\2022\Community\VC\Tools\MSVC\14.39.33519\bin\HostX64\x64\link.exe /ERRORREPO
  RT:QUEUE /OUT:"C:\Users\hacker\source\repos\buildx64\dynamorio\clients\bin64\drcpusim_ops.exe" /INCREMENTAL /ILK:"drc
  pusim_ops.dir\Debug\drcpusim_ops.ilk" /NOLOGO kernel32.lib user32.lib gdi32.lib winspool.lib shell32.lib ole32.lib ol
  eaut32.lib uuid.lib comdlg32.lib advapi32.lib /MANIFEST /MANIFESTUAC:"level='asInvoker' uiAccess='false'" /manifest:e
  mbed /DEBUG /PDB:"C:/Users/hacker/source/repos/buildx64/dynamorio/clients/bin64/drcpusim_ops.pdb" /SUBSYSTEM:CONSOLE
  /TLBID:1 /DYNAMICBASE /NXCOMPAT /IMPLIB:"C:/Users/hacker/source/repos/buildx64/dynamorio/clients/lib64/debug/drcpusim
  _ops.lib" /MACHINE:X64  /machine:x64 /subsystem:console,5.02 /opt:ref /opt:icf /pdbcompress drcpusim_ops.dir\Debug\op
  tionlist.obj
  drcpusim_ops.dir\Debug\options.obj
LINK : warning LNK4075: ignoring '/INCREMENTAL' due to '/OPT:ICF' specification [C:\Users\hacker\source\repos\buildx64\
dynamorio\clients\drcpusim\drcpusim_ops.vcxproj]
  drcpusim_ops.vcxproj -> C:\Users\hacker\source\repos\buildx64\dynamorio\clients\bin64\drcpusim_ops.exe
FinalizeBuildStatus:
  Deleting file "drcpusim_ops.dir\Debug\drcpusim_ops.tlog\unsuccessfulbuild".
  Touching "drcpusim_ops.dir\Debug\drcpusim_ops.tlog\drcpusim_ops.lastbuildstate".
Done Building Project "C:\Users\hacker\source\repos\buildx64\dynamorio\clients\drcpusim\drcpusim_ops.vcxproj" (default
targets).

Project "C:\Users\hacker\source\repos\buildx64\ALL_BUILD.vcxproj" (1) is building "C:\Users\hacker\source\repos\buildx6
4\dynamorio\clients\drdisas\drdisas.vcxproj" (66) on node 1 (default targets).
PrepareForBuild:
  Creating directory "drdisas.dir\Debug\".
  Structured output is enabled. The formatting of compiler diagnostics will reflect the error hierarchy. See https://ak
  a.ms/cpp/structured-output for more details.
  Creating directory "drdisas.dir\Debug\drdisas.tlog\".
InitializeBuildStatus:
  Creating "drdisas.dir\Debug\drdisas.tlog\unsuccessfulbuild" because "AlwaysCreate" was specified.
  Touching "drdisas.dir\Debug\drdisas.tlog\unsuccessfulbuild".
CustomBuild:
  Building Custom Rule C:/Users/hacker/source/repos/drltrace/drltrace_src/dynamorio/clients/drdisas/CMakeLists.txt
ClCompile:
  C:\Program Files\Microsoft Visual Studio\2022\Community\VC\Tools\MSVC\14.39.33519\bin\HostX64\x64\CL.exe /c /IC:\User
  s\hacker\source\repos\buildx64\dynamorio /IC:\Users\hacker\source\repos\buildx64\dynamorio\cmake\..\include /IC:\User
  s\hacker\source\repos\buildx64\dynamorio\ext\include /Zi /nologo /W4 /WX /diagnostics:column /MP /Od /D _MBCS /D DEBU
  G /D X64 /D X86_64 /D WINDOWS /D SHOW_SYMBOLS /D _CRT_SECURE_NO_WARNINGS /D "CMAKE_INTDIR=\"Debug\"" /GF /EHsc /MTd /
  GS- /fp:precise /Zc:wchar_t /Zc:forScope /Zc:inline /Fo"drdisas.dir\Debug\\" /Fd"drdisas.dir\Debug\vc143.pdb" /extern
  al:W4 /Gd /TP /wd4100 /wd4127 /wd4054 /errorReport:queue  /FS C:\Users\hacker\source\repos\drltrace\drltrace_src\dyna
  morio\clients\drdisas\drdisas.cpp
  drdisas.cpp
Link:
  C:\Program Files\Microsoft Visual Studio\2022\Community\VC\Tools\MSVC\14.39.33519\bin\HostX64\x64\link.exe /ERRORREPO
  RT:QUEUE /OUT:"C:\Users\hacker\source\repos\buildx64\dynamorio\clients\bin64\drdisas.exe" /INCREMENTAL /ILK:"drdisas.
  dir\Debug\drdisas.ilk" /NOLOGO ..\..\lib64\drdecode.lib ..\..\lib64\drlibc.lib kernel32.lib user32.lib gdi32.lib wins
  pool.lib shell32.lib ole32.lib oleaut32.lib uuid.lib comdlg32.lib advapi32.lib /MANIFEST /MANIFESTUAC:"level='asInvok
  er' uiAccess='false'" /manifest:embed /DEBUG /PDB:"C:/Users/hacker/source/repos/buildx64/dynamorio/clients/bin64/drdi
  sas.pdb" /SUBSYSTEM:CONSOLE /TLBID:1 /DYNAMICBASE /NXCOMPAT /IMPLIB:"C:/Users/hacker/source/repos/buildx64/dynamorio/
  clients/lib64/debug/drdisas.lib" /MACHINE:X64  /machine:x64 /subsystem:console,5.02 /opt:ref /opt:icf /pdbcompress dr
  disas.dir\Debug\drdisas.obj
LINK : warning LNK4075: ignoring '/INCREMENTAL' due to '/OPT:ICF' specification [C:\Users\hacker\source\repos\buildx64\
dynamorio\clients\drdisas\drdisas.vcxproj]
     Creating library C:/Users/hacker/source/repos/buildx64/dynamorio/clients/lib64/debug/drdisas.lib and object C:/Use
  rs/hacker/source/repos/buildx64/dynamorio/clients/lib64/debug/drdisas.exp
  drdisas.vcxproj -> C:\Users\hacker\source\repos\buildx64\dynamorio\clients\bin64\drdisas.exe
FinalizeBuildStatus:
  Deleting file "drdisas.dir\Debug\drdisas.tlog\unsuccessfulbuild".
  Touching "drdisas.dir\Debug\drdisas.tlog\drdisas.lastbuildstate".
Done Building Project "C:\Users\hacker\source\repos\buildx64\dynamorio\clients\drdisas\drdisas.vcxproj" (default target
s).

Project "C:\Users\hacker\source\repos\buildx64\ALL_BUILD.vcxproj" (1) is building "C:\Users\hacker\source\repos\buildx6
4\dynamorio\core\drearlyhelp1.vcxproj" (67) on node 1 (default targets).
Project "C:\Users\hacker\source\repos\buildx64\dynamorio\core\drearlyhelp1.vcxproj" (67) is building "C:\Users\hacker\s
ource\repos\buildx64\dynamorio\core\drearlyhelp2.vcxproj" (68) on node 1 (default targets).
PrepareForBuild:
  Creating directory "drearlyhelp2.dir\Debug\".
  Structured output is enabled. The formatting of compiler diagnostics will reflect the error hierarchy. See https://ak
  a.ms/cpp/structured-output for more details.
  Creating directory "drearlyhelp2.dir\Debug\drearlyhelp2.tlog\".
InitializeBuildStatus:
  Creating "drearlyhelp2.dir\Debug\drearlyhelp2.tlog\unsuccessfulbuild" because "AlwaysCreate" was specified.
  Touching "drearlyhelp2.dir\Debug\drearlyhelp2.tlog\unsuccessfulbuild".
CustomBuild:
  Building Custom Rule C:/Users/hacker/source/repos/drltrace/drltrace_src/dynamorio/core/CMakeLists.txt
ClCompile:
  C:\Program Files\Microsoft Visual Studio\2022\Community\VC\Tools\MSVC\14.39.33519\bin\HostX64\x64\CL.exe /c /IC:\User
  s\hacker\source\repos\drltrace\drltrace_src\dynamorio\core\drlibc /IC:\Users\hacker\source\repos\drltrace\drltrace_sr
  c\dynamorio\core\arch\x86 /IC:\Users\hacker\source\repos\drltrace\drltrace_src\dynamorio\core\win32 /IC:\Users\hacker
  \source\repos\drltrace\drltrace_src\dynamorio\core\arch /IC:\Users\hacker\source\repos\drltrace\drltrace_src\dynamori
  o\core\lib /IC:\Users\hacker\source\repos\buildx64\dynamorio /IC:\Users\hacker\source\repos\buildx64\dynamorio\includ
  e\annotations /Zi /nologo /W4 /WX /diagnostics:column /MP /Od /D _WINDLL /D _MBCS /D RC_IS_EARLY2 /D SHOW_SYMBOLS /D
  "CMAKE_INTDIR=\"Debug\"" /D drearlyhelp2_EXPORTS /GF /MTd /GS- /fp:precise /Zc:wchar_t /Zc:forScope /Zc:inline /Fo"dr
  earlyhelp2.dir\Debug\\" /Fd"drearlyhelp2.dir\Debug\vc143.pdb" /external:W4 /Gd /TC /errorReport:queue  /FS C:\Users\h
  acker\source\repos\drltrace\drltrace_src\dynamorio\core\win32\early_inject_helper2.c
  early_inject_helper2.c
ResourceCompile:
  C:\Program Files (x86)\Windows Kits\10\bin\10.0.22621.0\x64\rc.exe /D WIN32 /D _DEBUG /D RC_IS_EARLY2 /D SHOW_SYMBOLS
   /D "CMAKE_INTDIR=\\\"Debug\\\"" /D drearlyhelp2_EXPORTS /l"0x0409" /IC:\Users\hacker\source\repos\drltrace\drltrace_
  src\dynamorio\core\drlibc /IC:\Users\hacker\source\repos\drltrace\drltrace_src\dynamorio\core\arch\x86 /IC:\Users\hac
  ker\source\repos\drltrace\drltrace_src\dynamorio\core\win32 /IC:\Users\hacker\source\repos\drltrace\drltrace_src\dyna
  morio\core\arch /IC:\Users\hacker\source\repos\drltrace\drltrace_src\dynamorio\core\lib /IC:\Users\hacker\source\repo
  s\buildx64\dynamorio /IC:\Users\hacker\source\repos\buildx64\dynamorio\include\annotations /nologo /fo"drearlyhelp2.d
  ir\Debug\resources.res" C:\Users\hacker\source\repos\drltrace\drltrace_src\dynamorio\core\win32\resources.rc
Link:
  C:\Program Files\Microsoft Visual Studio\2022\Community\VC\Tools\MSVC\14.39.33519\bin\HostX64\x64\link.exe /ERRORREPO
  RT:QUEUE /OUT:"C:\Users\hacker\source\repos\buildx64\dynamorio\lib64\drearlyhelp2.dll" /INCREMENTAL /ILK:"drearlyhelp
  2.dir\Debug\drearlyhelp2.ilk" /NOLOGO kernel32.lib user32.lib gdi32.lib winspool.lib shell32.lib ole32.lib oleaut32.l
  ib uuid.lib comdlg32.lib advapi32.lib /NODEFAULTLIB /MANIFEST /MANIFESTUAC:"level='asInvoker' uiAccess='false'" /mani
  fest:embed /DEBUG /PDB:"C:/Users/hacker/source/repos/buildx64/dynamorio/lib64/drearlyhelp2.pdb" /SUBSYSTEM:CONSOLE /T
  LBID:1 /DYNAMICBASE /NXCOMPAT /IMPLIB:"C:/Users/hacker/source/repos/buildx64/dynamorio/lib64/drearlyhelp2.lib" /MACHI
  NE:X64  /machine:x64 /subsystem:console,5.02 /opt:ref /opt:icf /pdbcompress /dll /base:0x71110000 /entry:DllMain /DLL
   drearlyhelp2.dir\Debug\resources.res
  drearlyhelp2.dir\Debug\early_inject_helper2.obj
LINK : warning LNK4075: ignoring '/INCREMENTAL' due to '/OPT:ICF' specification [C:\Users\hacker\source\repos\buildx64\
dynamorio\core\drearlyhelp2.vcxproj]
     Creating library C:/Users/hacker/source/repos/buildx64/dynamorio/lib64/drearlyhelp2.lib and object C:/Users/hacker
  /source/repos/buildx64/dynamorio/lib64/drearlyhelp2.exp
LINK : warning LNK4281: undesirable base address 0x71110000 for x64 image; set base address above 4GB for best ASLR opt
imization [C:\Users\hacker\source\repos\buildx64\dynamorio\core\drearlyhelp2.vcxproj]
  drearlyhelp2.vcxproj -> C:\Users\hacker\source\repos\buildx64\dynamorio\lib64\drearlyhelp2.dll
FinalizeBuildStatus:
  Deleting file "drearlyhelp2.dir\Debug\drearlyhelp2.tlog\unsuccessfulbuild".
  Touching "drearlyhelp2.dir\Debug\drearlyhelp2.tlog\drearlyhelp2.lastbuildstate".
Done Building Project "C:\Users\hacker\source\repos\buildx64\dynamorio\core\drearlyhelp2.vcxproj" (default targets).

PrepareForBuild:
  Creating directory "drearlyhelp1.dir\Debug\".
  Structured output is enabled. The formatting of compiler diagnostics will reflect the error hierarchy. See https://ak
  a.ms/cpp/structured-output for more details.
  Creating directory "drearlyhelp1.dir\Debug\drearlyhelp1.tlog\".
InitializeBuildStatus:
  Creating "drearlyhelp1.dir\Debug\drearlyhelp1.tlog\unsuccessfulbuild" because "AlwaysCreate" was specified.
  Touching "drearlyhelp1.dir\Debug\drearlyhelp1.tlog\unsuccessfulbuild".
CustomBuild:
  Building Custom Rule C:/Users/hacker/source/repos/drltrace/drltrace_src/dynamorio/core/CMakeLists.txt
ClCompile:
  C:\Program Files\Microsoft Visual Studio\2022\Community\VC\Tools\MSVC\14.39.33519\bin\HostX64\x64\CL.exe /c /IC:\User
  s\hacker\source\repos\drltrace\drltrace_src\dynamorio\core\drlibc /IC:\Users\hacker\source\repos\drltrace\drltrace_sr
  c\dynamorio\core\arch\x86 /IC:\Users\hacker\source\repos\drltrace\drltrace_src\dynamorio\core\win32 /IC:\Users\hacker
  \source\repos\drltrace\drltrace_src\dynamorio\core\arch /IC:\Users\hacker\source\repos\drltrace\drltrace_src\dynamori
  o\core\lib /IC:\Users\hacker\source\repos\buildx64\dynamorio /IC:\Users\hacker\source\repos\buildx64\dynamorio\includ
  e\annotations /Zi /nologo /W4 /WX /diagnostics:column /MP /Od /D _WINDLL /D _MBCS /D RC_IS_EARLY1 /D SHOW_SYMBOLS /D
  "CMAKE_INTDIR=\"Debug\"" /D drearlyhelp1_EXPORTS /GF /MTd /GS- /fp:precise /Zc:wchar_t /Zc:forScope /Zc:inline /Fo"dr
  earlyhelp1.dir\Debug\\" /Fd"drearlyhelp1.dir\Debug\vc143.pdb" /external:W4 /Gd /TC /errorReport:queue  /FS C:\Users\h
  acker\source\repos\drltrace\drltrace_src\dynamorio\core\win32\early_inject_helper1.c
  early_inject_helper1.c
ResourceCompile:
  C:\Program Files (x86)\Windows Kits\10\bin\10.0.22621.0\x64\rc.exe /D WIN32 /D _DEBUG /D RC_IS_EARLY1 /D SHOW_SYMBOLS
   /D "CMAKE_INTDIR=\\\"Debug\\\"" /D drearlyhelp1_EXPORTS /l"0x0409" /IC:\Users\hacker\source\repos\drltrace\drltrace_
  src\dynamorio\core\drlibc /IC:\Users\hacker\source\repos\drltrace\drltrace_src\dynamorio\core\arch\x86 /IC:\Users\hac
  ker\source\repos\drltrace\drltrace_src\dynamorio\core\win32 /IC:\Users\hacker\source\repos\drltrace\drltrace_src\dyna
  morio\core\arch /IC:\Users\hacker\source\repos\drltrace\drltrace_src\dynamorio\core\lib /IC:\Users\hacker\source\repo
  s\buildx64\dynamorio /IC:\Users\hacker\source\repos\buildx64\dynamorio\include\annotations /nologo /fo"drearlyhelp1.d
  ir\Debug\resources.res" C:\Users\hacker\source\repos\drltrace\drltrace_src\dynamorio\core\win32\resources.rc
Link:
  C:\Program Files\Microsoft Visual Studio\2022\Community\VC\Tools\MSVC\14.39.33519\bin\HostX64\x64\link.exe /ERRORREPO
  RT:QUEUE /OUT:"C:\Users\hacker\source\repos\buildx64\dynamorio\lib64\drearlyhelp1.dll" /INCREMENTAL /ILK:"drearlyhelp
  1.dir\Debug\drearlyhelp1.ilk" /NOLOGO ..\lib64\drearlyhelp2.lib kernel32.lib user32.lib gdi32.lib winspool.lib shell3
  2.lib ole32.lib oleaut32.lib uuid.lib comdlg32.lib advapi32.lib /NODEFAULTLIB /MANIFEST /MANIFESTUAC:"level='asInvoke
  r' uiAccess='false'" /manifest:embed /DEBUG /PDB:"C:/Users/hacker/source/repos/buildx64/dynamorio/lib64/drearlyhelp1.
  pdb" /SUBSYSTEM:CONSOLE /TLBID:1 /DYNAMICBASE /NXCOMPAT /IMPLIB:"C:/Users/hacker/source/repos/buildx64/dynamorio/lib6
  4/drearlyhelp1.lib" /MACHINE:X64  /machine:x64 /subsystem:console,5.02 /opt:ref /opt:icf /pdbcompress /dll /base:0x70
  FF0000 /entry:DllMain /DLL drearlyhelp1.dir\Debug\resources.res
  drearlyhelp1.dir\Debug\early_inject_helper1.obj
LINK : warning LNK4075: ignoring '/INCREMENTAL' due to '/OPT:ICF' specification [C:\Users\hacker\source\repos\buildx64\
dynamorio\core\drearlyhelp1.vcxproj]
     Creating library C:/Users/hacker/source/repos/buildx64/dynamorio/lib64/drearlyhelp1.lib and object C:/Users/hacker
  /source/repos/buildx64/dynamorio/lib64/drearlyhelp1.exp
LINK : warning LNK4281: undesirable base address 0x70FF0000 for x64 image; set base address above 4GB for best ASLR opt
imization [C:\Users\hacker\source\repos\buildx64\dynamorio\core\drearlyhelp1.vcxproj]
  drearlyhelp1.vcxproj -> C:\Users\hacker\source\repos\buildx64\dynamorio\lib64\drearlyhelp1.dll
FinalizeBuildStatus:
  Deleting file "drearlyhelp1.dir\Debug\drearlyhelp1.tlog\unsuccessfulbuild".
  Touching "drearlyhelp1.dir\Debug\drearlyhelp1.tlog\drearlyhelp1.lastbuildstate".
Done Building Project "C:\Users\hacker\source\repos\buildx64\dynamorio\core\drearlyhelp1.vcxproj" (default targets).

Project "C:\Users\hacker\source\repos\buildx64\ALL_BUILD.vcxproj" (1) is building "C:\Users\hacker\source\repos\buildx6
4\dynamorio\tools\drinject.vcxproj" (69) on node 1 (default targets).
PrepareForBuild:
  Creating directory "drinject.dir\Debug\".
  Structured output is enabled. The formatting of compiler diagnostics will reflect the error hierarchy. See https://ak
  a.ms/cpp/structured-output for more details.
  Creating directory "drinject.dir\Debug\drinject.tlog\".
InitializeBuildStatus:
  Creating "drinject.dir\Debug\drinject.tlog\unsuccessfulbuild" because "AlwaysCreate" was specified.
  Touching "drinject.dir\Debug\drinject.tlog\unsuccessfulbuild".
CustomBuild:
  Building Custom Rule C:/Users/hacker/source/repos/drltrace/drltrace_src/dynamorio/tools/CMakeLists.txt
ClCompile:
  C:\Program Files\Microsoft Visual Studio\2022\Community\VC\Tools\MSVC\14.39.33519\bin\HostX64\x64\CL.exe /c /IC:\User
  s\hacker\source\repos\buildx64\dynamorio /IC:\Users\hacker\source\repos\drltrace\drltrace_src\dynamorio\libutil /IC:\
  Users\hacker\source\repos\drltrace\drltrace_src\dynamorio\core /IC:\Users\hacker\source\repos\drltrace\drltrace_src\d
  ynamorio\core\lib /Zi /nologo /W3 /WX /diagnostics:column /MP /Od /D _MBCS /D RC_IS_drinject /D DRINJECT /D SHOW_SYMB
  OLS /D NOT_DYNAMORIO_CORE /D WIN32 /D "CMAKE_INTDIR=\"Debug\"" /GF /MTd /GS- /fp:precise /Zc:wchar_t /Zc:forScope /Zc
  :inline /Fo"drinject.dir\Debug\\" /Fd"drinject.dir\Debug\vc143.pdb" /external:W3 /Gd /TC /wd4996 /errorReport:queue
  /FS C:\Users\hacker\source\repos\drltrace\drltrace_src\dynamorio\tools\drdeploy.c
  drdeploy.c
ResourceCompile:
  C:\Program Files (x86)\Windows Kits\10\bin\10.0.22621.0\x64\rc.exe /D WIN32 /D _DEBUG /D RC_IS_drinject /D DRINJECT /
  D SHOW_SYMBOLS /D NOT_DYNAMORIO_CORE /D "CMAKE_INTDIR=\\\"Debug\\\"" /l"0x0409" /IC:\Users\hacker\source\repos\buildx
  64\dynamorio /IC:\Users\hacker\source\repos\drltrace\drltrace_src\dynamorio\libutil /IC:\Users\hacker\source\repos\dr
  ltrace\drltrace_src\dynamorio\core /IC:\Users\hacker\source\repos\drltrace\drltrace_src\dynamorio\core\lib /nologo /f
  o"drinject.dir\Debug\resources.res" C:\Users\hacker\source\repos\drltrace\drltrace_src\dynamorio\core\win32\resources
  .rc
Link:
  C:\Program Files\Microsoft Visual Studio\2022\Community\VC\Tools\MSVC\14.39.33519\bin\HostX64\x64\link.exe /ERRORREPO
  RT:QUEUE /OUT:"C:\Users\hacker\source\repos\buildx64\dynamorio\bin64\drinject.exe" /INCREMENTAL /ILK:"drinject.dir\De
  bug\drinject.ilk" /NOLOGO ..\lib64\policy_static.lib user32.lib advapi32.lib pdh.lib imagehlp.lib shell32.lib ..\lib6
  4\drconfiglib.lib ..\lib64\drfrontendlib.lib ..\lib64\drinjectlib.lib ..\lib64\drdecode.lib ..\lib64\drlibc.lib libcm
  td.lib libvcruntimed.lib libucrtd.lib ..\lib64\ntdll_imports.lib kernel32.lib advapi32.lib imagehlp.lib kernel32.lib
  user32.lib gdi32.lib winspool.lib shell32.lib ole32.lib oleaut32.lib uuid.lib comdlg32.lib advapi32.lib /MANIFEST /MA
  NIFESTUAC:"level='asInvoker' uiAccess='false'" /manifest:embed /DEBUG /PDB:"C:/Users/hacker/source/repos/buildx64/dyn
  amorio/bin64/drinject.pdb" /SUBSYSTEM:CONSOLE /TLBID:1 /DYNAMICBASE /NXCOMPAT /IMPLIB:"C:/Users/hacker/source/repos/b
  uildx64/dynamorio/lib64/drinject.lib" /MACHINE:X64  /machine:x64 /subsystem:console,5.02 /opt:ref /opt:icf /pdbcompre
  ss drinject.dir\Debug\resources.res
  drinject.dir\Debug\drdeploy.obj
LINK : warning LNK4075: ignoring '/INCREMENTAL' due to '/OPT:ICF' specification [C:\Users\hacker\source\repos\buildx64\
dynamorio\tools\drinject.vcxproj]
  drinject.vcxproj -> C:\Users\hacker\source\repos\buildx64\dynamorio\bin64\drinject.exe
FinalizeBuildStatus:
  Deleting file "drinject.dir\Debug\drinject.tlog\unsuccessfulbuild".
  Touching "drinject.dir\Debug\drinject.tlog\drinject.lastbuildstate".
Done Building Project "C:\Users\hacker\source\repos\buildx64\dynamorio\tools\drinject.vcxproj" (default targets).

Project "C:\Users\hacker\source\repos\buildx64\ALL_BUILD.vcxproj" (1) is building "C:\Users\hacker\source\repos\buildx6
4\drltrace.vcxproj" (70) on node 1 (default targets).
PrepareForBuild:
  Creating directory "drltrace.dir\Debug\".
  Structured output is enabled. The formatting of compiler diagnostics will reflect the error hierarchy. See https://ak
  a.ms/cpp/structured-output for more details.
  Creating directory "drltrace.dir\Debug\drltrace.tlog\".
InitializeBuildStatus:
  Creating "drltrace.dir\Debug\drltrace.tlog\unsuccessfulbuild" because "AlwaysCreate" was specified.
  Touching "drltrace.dir\Debug\drltrace.tlog\unsuccessfulbuild".
CustomBuild:
  Building Custom Rule C:/Users/hacker/source/repos/drltrace/drltrace_src/CMakeLists.txt
ClCompile:
  C:\Program Files\Microsoft Visual Studio\2022\Community\VC\Tools\MSVC\14.39.33519\bin\HostX64\x64\CL.exe /c /IC:\User
  s\hacker\source\repos\buildx64\dynamorio\cmake\..\include /IC:\Users\hacker\source\repos\buildx64\dynamorio\ext\inclu
  de /nologo /W1 /WX- /diagnostics:column /O2 /D _MBCS /D DYNAMORIO_STANDALONE /D X86_64 /D WINDOWS /D RC_IS_DRLTRACE /
  D SHOW_SYMBOLS /D _CRT_SECURE_NO_WARNINGS /D DEBUG /D "CMAKE_INTDIR=\"Debug\"" /EHsc /MTd /GS- /fp:precise /Zc:wchar_
  t /Zc:forScope /Zc:inline /Fo"drltrace.dir\Debug\\" /Fd"drltrace.dir\Debug\vc143.pdb" /external:W1 /Gd /TP /wd4100 /w
  d4127 /wd4054 /errorReport:queue C:\Users\hacker\source\repos\drltrace\drltrace_src\drltrace_frontend.cpp C:\Users\ha
  cker\source\repos\drltrace\drltrace_src\drltrace_options.cpp
  drltrace_frontend.cpp
  drltrace_options.cpp
  Generating Code...
Link:
  C:\Program Files\Microsoft Visual Studio\2022\Community\VC\Tools\MSVC\14.39.33519\bin\HostX64\x64\link.exe /ERRORREPO
  RT:QUEUE /OUT:"C:\Users\hacker\source\repos\buildx64\bin64\drltrace.exe" /INCREMENTAL /ILK:"drltrace.dir\Debug\drltra
  ce.ilk" /NOLOGO libcpmtd.lib libcmtd.lib libvcruntimed.lib libucrtd.lib dynamorio\lib64\debug\dynamorio.lib dynamorio
  \lib64\drinjectlib.lib dynamorio\lib64\drconfiglib.lib dynamorio\lib64\drfrontendlib.lib libcmtd.lib libvcruntimed.li
  b libucrtd.lib dynamorio\lib64\drdecode.lib dynamorio\lib64\ntdll_imports.lib kernel32.lib advapi32.lib imagehlp.lib
  dynamorio\lib64\drlibc.lib kernel32.lib user32.lib gdi32.lib winspool.lib shell32.lib ole32.lib oleaut32.lib uuid.lib
   comdlg32.lib advapi32.lib /MANIFEST /MANIFESTUAC:"level='asInvoker' uiAccess='false'" /manifest:embed /DEBUG /PDB:"C
  :/Users/hacker/source/repos/buildx64/bin64/drltrace.pdb" /SUBSYSTEM:CONSOLE /TLBID:1 /DYNAMICBASE /NXCOMPAT /IMPLIB:"
  C:/Users/hacker/source/repos/buildx64/bin64/drltrace.lib" /MACHINE:X64  /machine:x64 /opt:ref /opt:icf /pdbcompress /
  nodefaultlib:libcmt drltrace.dir\Debug\drltrace_frontend.obj
  drltrace.dir\Debug\drltrace_options.obj
LINK : warning LNK4075: ignoring '/INCREMENTAL' due to '/OPT:ICF' specification [C:\Users\hacker\source\repos\buildx64\
drltrace.vcxproj]
  drltrace.vcxproj -> C:\Users\hacker\source\repos\buildx64\bin64\drltrace.exe
FinalizeBuildStatus:
  Deleting file "drltrace.dir\Debug\drltrace.tlog\unsuccessfulbuild".
  Touching "drltrace.dir\Debug\drltrace.tlog\drltrace.lastbuildstate".
Done Building Project "C:\Users\hacker\source\repos\buildx64\drltrace.vcxproj" (default targets).

Project "C:\Users\hacker\source\repos\buildx64\ALL_BUILD.vcxproj" (1) is building "C:\Users\hacker\source\repos\buildx6
4\drltracelib.vcxproj" (71) on node 1 (default targets).
Project "C:\Users\hacker\source\repos\buildx64\drltracelib.vcxproj" (71) is building "C:\Users\hacker\source\repos\buil
dx64\dynamorio\ext\drwrap\drwrap_static.vcxproj" (72) on node 1 (default targets).
Project "C:\Users\hacker\source\repos\buildx64\dynamorio\ext\drwrap\drwrap_static.vcxproj" (72) is building "C:\Users\h
acker\source\repos\buildx64\dynamorio\ext\drwrap\generate_drwrap_asm_x86.asm.vcxproj" (73) on node 1 (default targets).
PrepareForBuild:
  Creating directory "X64\Debug\generate_drwrap_asm_x86.asm\".
  Structured output is enabled. The formatting of compiler diagnostics will reflect the error hierarchy. See https://ak
  a.ms/cpp/structured-output for more details.
  Creating directory "X64\Debug\generate_drwrap_asm_x86.asm\generate.5BEBA45D.tlog\".
InitializeBuildStatus:
  Creating "X64\Debug\generate_drwrap_asm_x86.asm\generate.5BEBA45D.tlog\unsuccessfulbuild" because "AlwaysCreate" was
  specified.
  Touching "X64\Debug\generate_drwrap_asm_x86.asm\generate.5BEBA45D.tlog\unsuccessfulbuild".
CustomBuild:
  "The build of 'C:\Users\hacker\source\repos\buildx64\CMakeFiles\35367cb2ee4d8885c59b1b1a49205d7b\generate_drwrap_asm_
  x86.asm.rule' depends on 'C:\USERS\HACKER\SOURCE\REPOS\BUILDX64\DYNAMORIO\EXT\DRWRAP\DRWRAP_ASM_X86.ASM.OBJ.STAMP' wh
  ich is produced by the build of 'C:\Users\hacker\source\repos\buildx64\CMakeFiles\dbf57cf1d872bd677b9f6877184beaef\dr
  wrap_asm_x86.asm.obj.stamp.rule'. The items cannot be built in parallel."
  Generating drwrap_asm_x86.asm.obj.stamp
  drwrap_asm_x86.asm
   Assembling: C:/Users/hacker/source/repos/buildx64/dynamorio/ext/drwrap/drwrap_asm_x86.asm.s
  Building Custom Rule C:/Users/hacker/source/repos/drltrace/drltrace_src/dynamorio/ext/drwrap/CMakeLists.txt
FinalizeBuildStatus:
  Deleting file "X64\Debug\generate_drwrap_asm_x86.asm\generate.5BEBA45D.tlog\unsuccessfulbuild".
  Touching "X64\Debug\generate_drwrap_asm_x86.asm\generate.5BEBA45D.tlog\generate_drwrap_asm_x86.asm.lastbuildstate".
Done Building Project "C:\Users\hacker\source\repos\buildx64\dynamorio\ext\drwrap\generate_drwrap_asm_x86.asm.vcxproj"
(default targets).

PrepareForBuild:
  Creating directory "drwrap_static.dir\Debug\".
  Structured output is enabled. The formatting of compiler diagnostics will reflect the error hierarchy. See https://ak
  a.ms/cpp/structured-output for more details.
  Creating directory "drwrap_static.dir\Debug\drwrap_static.tlog\".
InitializeBuildStatus:
  Creating "drwrap_static.dir\Debug\drwrap_static.tlog\unsuccessfulbuild" because "AlwaysCreate" was specified.
  Touching "drwrap_static.dir\Debug\drwrap_static.tlog\unsuccessfulbuild".
CustomBuild:
  Building Custom Rule C:/Users/hacker/source/repos/drltrace/drltrace_src/dynamorio/ext/drwrap/CMakeLists.txt
ClCompile:
  C:\Program Files\Microsoft Visual Studio\2022\Community\VC\Tools\MSVC\14.39.33519\bin\HostX64\x64\CL.exe /c /IC:\User
  s\hacker\source\repos\buildx64\dynamorio /IC:\Users\hacker\source\repos\buildx64\dynamorio\cmake /IC:\Users\hacker\so
  urce\repos\buildx64\dynamorio\cmake\..\include /IC:\Users\hacker\source\repos\drltrace\drltrace_src\dynamorio\ext\drw
  rap\ext\lib64\debug /IC:\Users\hacker\source\repos\drltrace\drltrace_src\dynamorio\core\lib /IC:\Users\hacker\source\
  repos\buildx64\dynamorio\ext\include /Zi /nologo /W4 /WX /diagnostics:column /MP /Od /D _MBCS /D DEBUG /D X64 /D X86_
  64 /D WINDOWS /D RC_IS_drwrap_static /D SHOW_SYMBOLS /D _CRT_SECURE_NO_WARNINGS /D "CMAKE_INTDIR=\"Debug\"" /GF /MTd
  /GS- /fp:precise /Zc:wchar_t /Zc:forScope /Zc:inline /Fo"drwrap_static.dir\Debug\\" /Fd"C:\Users\hacker\source\repos\
  buildx64\dynamorio\ext\lib64\debug\drwrap_static.pdb" /external:W4 /Gd /TC /wd4100 /wd4127 /wd4054 /errorReport:queue
    /FS C:\Users\hacker\source\repos\drltrace\drltrace_src\dynamorio\ext\drwrap\drwrap.c
  drwrap.c
Lib:
  C:\Program Files\Microsoft Visual Studio\2022\Community\VC\Tools\MSVC\14.39.33519\bin\HostX64\x64\Lib.exe /OUT:"C:\Us
  ers\hacker\source\repos\buildx64\dynamorio\ext\lib64\debug\drwrap_static.lib" /NOLOGO /MACHINE:X64  /machine:x64 drwr
  ap_static.dir\Debug\drwrap.obj
  C:\Users\hacker\source\repos\buildx64\dynamorio\ext\drwrap\drwrap_asm_x86.asm.obj
  drwrap_static.vcxproj -> C:\Users\hacker\source\repos\buildx64\dynamorio\ext\lib64\debug\drwrap_static.lib
FinalizeBuildStatus:
  Deleting file "drwrap_static.dir\Debug\drwrap_static.tlog\unsuccessfulbuild".
  Touching "drwrap_static.dir\Debug\drwrap_static.tlog\drwrap_static.lastbuildstate".
Done Building Project "C:\Users\hacker\source\repos\buildx64\dynamorio\ext\drwrap\drwrap_static.vcxproj" (default targe
ts).

PrepareForBuild:
  Creating directory "drltracelib.dir\Debug\".
  Structured output is enabled. The formatting of compiler diagnostics will reflect the error hierarchy. See https://ak
  a.ms/cpp/structured-output for more details.
  Creating directory "drltracelib.dir\Debug\drltracelib.tlog\".
InitializeBuildStatus:
  Creating "drltracelib.dir\Debug\drltracelib.tlog\unsuccessfulbuild" because "AlwaysCreate" was specified.
  Touching "drltracelib.dir\Debug\drltracelib.tlog\unsuccessfulbuild".
CustomBuild:
  Building Custom Rule C:/Users/hacker/source/repos/drltrace/drltrace_src/CMakeLists.txt
ClCompile:
  C:\Program Files\Microsoft Visual Studio\2022\Community\VC\Tools\MSVC\14.39.33519\bin\HostX64\x64\CL.exe /c /IC:\User
  s\hacker\source\repos\buildx64\dynamorio\cmake\..\include /IC:\Users\hacker\source\repos\buildx64\dynamorio\ext\inclu
  de /nologo /W1 /WX- /diagnostics:column /O2 /D _WINDLL /D _MBCS /D X86_64 /D WINDOWS /D RC_IS_DRLTRACELIB /D SHOW_SYM
  BOLS /D _CRT_SECURE_NO_WARNINGS /D DEBUG /D "CMAKE_INTDIR=\"Debug\"" /D drltracelib_EXPORTS /EHsc /MTd /GS- /fp:preci
  se /Zc:wchar_t /Zc:forScope /Zc:inline /Fo"drltracelib.dir\Debug\\" /Fd"drltracelib.dir\Debug\vc143.pdb" /external:W1
   /Gd /TP /wd4100 /wd4127 /wd4054 /errorReport:queue C:\Users\hacker\source\repos\drltrace\drltrace_src\drltrace.cpp C
  :\Users\hacker\source\repos\drltrace\drltrace_src\drltrace_libcalls.cpp C:\Users\hacker\source\repos\drltrace\drltrac
  e_src\drltrace_options.cpp C:\Users\hacker\source\repos\drltrace\drltrace_src\drltrace_utils.cpp
  drltrace.cpp
  drltrace_libcalls.cpp
  drltrace_options.cpp
  drltrace_utils.cpp
  Generating Code...
Link:
  C:\Program Files\Microsoft Visual Studio\2022\Community\VC\Tools\MSVC\14.39.33519\bin\HostX64\x64\link.exe /ERRORREPO
  RT:QUEUE /OUT:"C:\Users\hacker\source\repos\buildx64\bin64\drltracelib.dll" /INCREMENTAL /ILK:"drltracelib.dir\Debug\
  drltracelib.ilk" /NOLOGO libcpmtd.lib libcmtd.lib libvcruntimed.lib libucrtd.lib dynamorio\ext\lib64\debug\drmgr_stat
  ic.lib dynamorio\ext\lib64\debug\drwrap_static.lib dynamorio\ext\lib64\debug\drx_static.lib dynamorio\ext\lib64\debug
  \drcovlib_static.lib dynamorio\ext\lib64\debug\drx_static.lib dynamorio\ext\lib64\debug\drreg_static.lib dynamorio\ex
  t\lib64\debug\drmgr_static.lib dynamorio\lib64\ntdll_imports.lib dynamorio\ext\lib64\debug\drcontainers.lib dynamorio
  \lib64\debug\dynamorio.lib kernel32.lib user32.lib gdi32.lib winspool.lib shell32.lib ole32.lib oleaut32.lib uuid.lib
   comdlg32.lib advapi32.lib /MANIFEST /MANIFESTUAC:"level='asInvoker' uiAccess='false'" /manifest:embed /DEBUG /PDB:"C
  :/Users/hacker/source/repos/buildx64/bin64/drltracelib.pdb" /SUBSYSTEM:CONSOLE /TLBID:1 /DYNAMICBASE /NXCOMPAT /IMPLI
  B:"C:/Users/hacker/source/repos/buildx64/bin64/drltracelib.lib" /MACHINE:X64  /machine:x64 /opt:ref /opt:icf /pdbcomp
  ress /nodefaultlib:libcmt /base:0x72000000 /dynamicbase:no /force:multiple /DLL drltracelib.dir\Debug\drltrace.obj
  drltracelib.dir\Debug\drltrace_libcalls.obj
  drltracelib.dir\Debug\drltrace_options.obj
  drltracelib.dir\Debug\drltrace_utils.obj
LINK : warning LNK4075: ignoring '/INCREMENTAL' due to '/FORCE' specification [C:\Users\hacker\source\repos\buildx64\dr
ltracelib.vcxproj]
     Creating library C:/Users/hacker/source/repos/buildx64/bin64/drltracelib.lib and object C:/Users/hacker/source/rep
  os/buildx64/bin64/drltracelib.exp
LINK : warning LNK4281: undesirable base address 0x72000000 for x64 image; set base address above 4GB for best ASLR opt
imization [C:\Users\hacker\source\repos\buildx64\drltracelib.vcxproj]
  drltracelib.vcxproj -> C:\Users\hacker\source\repos\buildx64\bin64\drltracelib.dll
FinalizeBuildStatus:
  Deleting file "drltracelib.dir\Debug\drltracelib.tlog\unsuccessfulbuild".
  Touching "drltracelib.dir\Debug\drltracelib.tlog\drltracelib.lastbuildstate".
Done Building Project "C:\Users\hacker\source\repos\buildx64\drltracelib.vcxproj" (default targets).

Project "C:\Users\hacker\source\repos\buildx64\ALL_BUILD.vcxproj" (1) is building "C:\Users\hacker\source\repos\buildx6
4\dynamorio\clients\drcachesim\drmemtrace.vcxproj" (74) on node 1 (default targets).
Project "C:\Users\hacker\source\repos\buildx64\dynamorio\clients\drcachesim\drmemtrace.vcxproj" (74) is building "C:\Us
ers\hacker\source\repos\buildx64\dynamorio\ext\drsyms\drsyms.vcxproj" (75) on node 1 (default targets).
PrepareForBuild:
  Creating directory "drsyms.dir\Debug\".
  Structured output is enabled. The formatting of compiler diagnostics will reflect the error hierarchy. See https://ak
  a.ms/cpp/structured-output for more details.
  Creating directory "drsyms.dir\Debug\drsyms.tlog\".
InitializeBuildStatus:
  Creating "drsyms.dir\Debug\drsyms.tlog\unsuccessfulbuild" because "AlwaysCreate" was specified.
  Touching "drsyms.dir\Debug\drsyms.tlog\unsuccessfulbuild".
CustomBuild:
  Building Custom Rule C:/Users/hacker/source/repos/drltrace/drltrace_src/dynamorio/ext/drsyms/CMakeLists.txt
ClCompile:
  C:\Program Files\Microsoft Visual Studio\2022\Community\VC\Tools\MSVC\14.39.33519\bin\HostX64\x64\CL.exe /c /IC:\User
  s\hacker\source\repos\buildx64\dynamorio /IC:\Users\hacker\source\repos\buildx64\dynamorio\cmake\..\include /IC:\User
  s\hacker\source\repos\drltrace\drltrace_src\dynamorio\ext\drsyms\ext\lib64\debug /IC:\Users\hacker\source\repos\drltr
  ace\drltrace_src\dynamorio\core\lib /IC:\Users\hacker\source\repos\buildx64\dynamorio\ext\include /IC:\Users\hacker\s
  ource\repos\drltrace\drltrace_src\dynamorio\ext\drsyms\libelftc\include /Zi /nologo /W4 /WX /diagnostics:column /MP /
  Od /D _WINDLL /D _MBCS /D DEBUG /D X64 /D X86_64 /D WINDOWS /D DRSYM_HAVE_LIBELFTC /D RC_IS_drsyms /D SHOW_SYMBOLS /D
   _CRT_SECURE_NO_WARNINGS /D "CMAKE_INTDIR=\"Debug\"" /D drsyms_EXPORTS /GF /MTd /GS- /fp:precise /Zc:wchar_t /Zc:forS
  cope /Zc:inline /Fo"drsyms.dir\Debug\\" /Fd"drsyms.dir\Debug\vc143.pdb" /external:W4 /Gd /TC /wd4100 /wd4127 /wd4054
  /errorReport:queue  /FS C:\Users\hacker\source\repos\drltrace\drltrace_src\dynamorio\ext\drsyms\drsyms_windows.c C:\U
  sers\hacker\source\repos\drltrace\drltrace_src\dynamorio\ext\drsyms\drsyms_unix_common.c C:\Users\hacker\source\repos
  \drltrace\drltrace_src\dynamorio\ext\drsyms\drsyms_pecoff.c C:\Users\hacker\source\repos\drltrace\drltrace_src\dynamo
  rio\ext\drsyms\drsyms_dwarf.c C:\Users\hacker\source\repos\drltrace\drltrace_src\dynamorio\ext\drsyms\drsyms_common.c
  drsyms_windows.c
  drsyms_unix_common.c
  drsyms_pecoff.c
  drsyms_dwarf.c
  drsyms_common.c
  C:\Program Files\Microsoft Visual Studio\2022\Community\VC\Tools\MSVC\14.39.33519\bin\HostX64\x64\CL.exe /c /IC:\User
  s\hacker\source\repos\buildx64\dynamorio /IC:\Users\hacker\source\repos\buildx64\dynamorio\cmake\..\include /IC:\User
  s\hacker\source\repos\drltrace\drltrace_src\dynamorio\ext\drsyms\ext\lib64\debug /IC:\Users\hacker\source\repos\drltr
  ace\drltrace_src\dynamorio\core\lib /IC:\Users\hacker\source\repos\buildx64\dynamorio\ext\include /IC:\Users\hacker\s
  ource\repos\drltrace\drltrace_src\dynamorio\ext\drsyms\libelftc\include /Zi /nologo /W4 /WX /diagnostics:column /MP /
  Od /D _WINDLL /D _MBCS /D DEBUG /D X64 /D X86_64 /D WINDOWS /D DRSYM_HAVE_LIBELFTC /D RC_IS_drsyms /D SHOW_SYMBOLS /D
   _CRT_SECURE_NO_WARNINGS /D "CMAKE_INTDIR=\"Debug\"" /D drsyms_EXPORTS /GF /EHsc /MTd /GS- /fp:precise /Zc:wchar_t /Z
  c:forScope /Zc:inline /Fo"drsyms.dir\Debug\\" /Fd"drsyms.dir\Debug\vc143.pdb" /external:W4 /Gd /TP /wd4100 /wd4127 /w
  d4054 /errorReport:queue  /FS C:\Users\hacker\source\repos\drltrace\drltrace_src\dynamorio\ext\drsyms\demangle.cc
  demangle.cc
ResourceCompile:
  C:\Program Files (x86)\Windows Kits\10\bin\10.0.22621.0\x64\rc.exe /D WIN32 /D _DEBUG /D DEBUG /D X64 /D X86_64 /D WI
  NDOWS /D DRSYM_HAVE_LIBELFTC /D RC_IS_drsyms /D SHOW_SYMBOLS /D _CRT_SECURE_NO_WARNINGS /D "CMAKE_INTDIR=\\\"Debug\\\
  "" /D drsyms_EXPORTS /l"0x0409" /IC:\Users\hacker\source\repos\buildx64\dynamorio /IC:\Users\hacker\source\repos\buil
  dx64\dynamorio\cmake\..\include /IC:\Users\hacker\source\repos\drltrace\drltrace_src\dynamorio\ext\drsyms\ext\lib64\d
  ebug /IC:\Users\hacker\source\repos\drltrace\drltrace_src\dynamorio\core\lib /IC:\Users\hacker\source\repos\buildx64\
  dynamorio\ext\include /IC:\Users\hacker\source\repos\drltrace\drltrace_src\dynamorio\ext\drsyms\libelftc\include /nol
  ogo /fo"drsyms.dir\Debug\resources.res" C:\Users\hacker\source\repos\drltrace\drltrace_src\dynamorio\core\win32\resou
  rces.rc
C:\Users\hacker\source\repos\buildx64\dynamorio\configure.h(52): warning RC4005: 'X64' : redefinition [C:\Users\hacker\
source\repos\buildx64\dynamorio\ext\drsyms\drsyms.vcxproj]

Link:
  C:\Program Files\Microsoft Visual Studio\2022\Community\VC\Tools\MSVC\14.39.33519\bin\HostX64\x64\link.exe /ERRORREPO
  RT:QUEUE /OUT:"C:\Users\hacker\source\repos\buildx64\dynamorio\ext\lib64\debug\drsyms.dll" /INCREMENTAL /ILK:"drsyms.
  dir\Debug\drsyms.ilk" /NOLOGO libcpmtd.lib libcmtd.lib libvcruntimed.lib libucrtd.lib dbghelp.lib dbghelp_imports.lib
   ..\lib64\debug\drcontainers.lib "C:\Users\hacker\source\repos\drltrace\drltrace_src\dynamorio\ext\drsyms\libelftc-pe
  coff\lib64\dwarf.lib" "C:\Users\hacker\source\repos\drltrace\drltrace_src\dynamorio\ext\drsyms\libelftc-pecoff\lib64\
  elftc.lib" ..\..\lib64\debug\dynamorio.lib kernel32.lib user32.lib gdi32.lib winspool.lib shell32.lib ole32.lib oleau
  t32.lib uuid.lib comdlg32.lib advapi32.lib /MANIFEST /MANIFESTUAC:"level='asInvoker' uiAccess='false'" /manifest:embe
  d /DEBUG /PDB:"C:/Users/hacker/source/repos/buildx64/dynamorio/ext/lib64/debug/drsyms.pdb" /SUBSYSTEM:CONSOLE /TLBID:
  1 /DYNAMICBASE /NXCOMPAT /IMPLIB:"C:/Users/hacker/source/repos/buildx64/dynamorio/ext/lib64/debug/drsyms.lib" /MACHIN
  E:X64  /machine:x64 /subsystem:console,5.02 /opt:ref /opt:icf /pdbcompress /opt:ref /opt:icf /pdbcompress /nodefaultl
  ib:libcmt /base:0x76000000 /dynamicbase:no /DLL drsyms.dir\Debug\resources.res
  drsyms.dir\Debug\drsyms_windows.obj
  drsyms.dir\Debug\drsyms_unix_common.obj
  drsyms.dir\Debug\drsyms_pecoff.obj
  drsyms.dir\Debug\drsyms_dwarf.obj
  drsyms.dir\Debug\demangle.obj
  drsyms.dir\Debug\drsyms_common.obj
LINK : warning LNK4075: ignoring '/INCREMENTAL' due to '/OPT:ICF' specification [C:\Users\hacker\source\repos\buildx64\
dynamorio\ext\drsyms\drsyms.vcxproj]
     Creating library C:/Users/hacker/source/repos/buildx64/dynamorio/ext/lib64/debug/drsyms.lib and object C:/Users/ha
  cker/source/repos/buildx64/dynamorio/ext/lib64/debug/drsyms.exp
LINK : warning LNK4281: undesirable base address 0x76000000 for x64 image; set base address above 4GB for best ASLR opt
imization [C:\Users\hacker\source\repos\buildx64\dynamorio\ext\drsyms\drsyms.vcxproj]
  drsyms.vcxproj -> C:\Users\hacker\source\repos\buildx64\dynamorio\ext\lib64\debug\drsyms.dll
FinalizeBuildStatus:
  Deleting file "drsyms.dir\Debug\drsyms.tlog\unsuccessfulbuild".
  Touching "drsyms.dir\Debug\drsyms.tlog\drsyms.lastbuildstate".
Done Building Project "C:\Users\hacker\source\repos\buildx64\dynamorio\ext\drsyms\drsyms.vcxproj" (default targets).

Project "C:\Users\hacker\source\repos\buildx64\dynamorio\clients\drcachesim\drmemtrace.vcxproj" (74) is building "C:\Us
ers\hacker\source\repos\buildx64\dynamorio\ext\drwrap\drwrap.vcxproj" (76) on node 1 (default targets).
PrepareForBuild:
  Creating directory "drwrap.dir\Debug\".
  Structured output is enabled. The formatting of compiler diagnostics will reflect the error hierarchy. See https://ak
  a.ms/cpp/structured-output for more details.
  Creating directory "drwrap.dir\Debug\drwrap.tlog\".
InitializeBuildStatus:
  Creating "drwrap.dir\Debug\drwrap.tlog\unsuccessfulbuild" because "AlwaysCreate" was specified.
  Touching "drwrap.dir\Debug\drwrap.tlog\unsuccessfulbuild".
CustomBuild:
  Building Custom Rule C:/Users/hacker/source/repos/drltrace/drltrace_src/dynamorio/ext/drwrap/CMakeLists.txt
ClCompile:
  C:\Program Files\Microsoft Visual Studio\2022\Community\VC\Tools\MSVC\14.39.33519\bin\HostX64\x64\CL.exe /c /IC:\User
  s\hacker\source\repos\buildx64\dynamorio /IC:\Users\hacker\source\repos\buildx64\dynamorio\cmake /IC:\Users\hacker\so
  urce\repos\buildx64\dynamorio\cmake\..\include /IC:\Users\hacker\source\repos\drltrace\drltrace_src\dynamorio\ext\drw
  rap\ext\lib64\debug /IC:\Users\hacker\source\repos\drltrace\drltrace_src\dynamorio\core\lib /IC:\Users\hacker\source\
  repos\buildx64\dynamorio\ext\include /Zi /nologo /W4 /WX /diagnostics:column /MP /Od /D _WINDLL /D _MBCS /D DEBUG /D
  X64 /D X86_64 /D WINDOWS /D RC_IS_drwrap /D SHOW_SYMBOLS /D _CRT_SECURE_NO_WARNINGS /D "CMAKE_INTDIR=\"Debug\"" /D dr
  wrap_EXPORTS /GF /MTd /GS- /fp:precise /Zc:wchar_t /Zc:forScope /Zc:inline /Fo"drwrap.dir\Debug\\" /Fd"drwrap.dir\Deb
  ug\vc143.pdb" /external:W4 /Gd /TC /wd4100 /wd4127 /wd4054 /errorReport:queue  /FS C:\Users\hacker\source\repos\drltr
  ace\drltrace_src\dynamorio\ext\drwrap\drwrap.c
  drwrap.c
ResourceCompile:
  C:\Program Files (x86)\Windows Kits\10\bin\10.0.22621.0\x64\rc.exe /D WIN32 /D _DEBUG /D DEBUG /D X64 /D X86_64 /D WI
  NDOWS /D RC_IS_drwrap /D SHOW_SYMBOLS /D _CRT_SECURE_NO_WARNINGS /D "CMAKE_INTDIR=\\\"Debug\\\"" /D drwrap_EXPORTS /l
  "0x0409" /IC:\Users\hacker\source\repos\buildx64\dynamorio /IC:\Users\hacker\source\repos\buildx64\dynamorio\cmake /I
  C:\Users\hacker\source\repos\buildx64\dynamorio\cmake\..\include /IC:\Users\hacker\source\repos\drltrace\drltrace_src
  \dynamorio\ext\drwrap\ext\lib64\debug /IC:\Users\hacker\source\repos\drltrace\drltrace_src\dynamorio\core\lib /IC:\Us
  ers\hacker\source\repos\buildx64\dynamorio\ext\include /nologo /fo"drwrap.dir\Debug\resources.res" C:\Users\hacker\so
  urce\repos\drltrace\drltrace_src\dynamorio\core\win32\resources.rc
C:\Users\hacker\source\repos\buildx64\dynamorio\configure.h(52): warning RC4005: 'X64' : redefinition [C:\Users\hacker\
source\repos\buildx64\dynamorio\ext\drwrap\drwrap.vcxproj]

Link:
  C:\Program Files\Microsoft Visual Studio\2022\Community\VC\Tools\MSVC\14.39.33519\bin\HostX64\x64\link.exe /ERRORREPO
  RT:QUEUE /OUT:"C:\Users\hacker\source\repos\buildx64\dynamorio\ext\lib64\debug\drwrap.dll" /INCREMENTAL /ILK:"drwrap.
  dir\Debug\drwrap.ilk" /NOLOGO ..\lib64\debug\drmgr.lib ..\lib64\debug\drcontainers.lib ..\..\lib64\debug\dynamorio.li
  b kernel32.lib user32.lib gdi32.lib winspool.lib shell32.lib ole32.lib oleaut32.lib uuid.lib comdlg32.lib advapi32.li
  b /MANIFEST /MANIFESTUAC:"level='asInvoker' uiAccess='false'" /manifest:embed /DEBUG /PDB:"C:/Users/hacker/source/rep
  os/buildx64/dynamorio/ext/lib64/debug/drwrap.pdb" /SUBSYSTEM:CONSOLE /TLBID:1 /DYNAMICBASE /NXCOMPAT /IMPLIB:"C:/User
  s/hacker/source/repos/buildx64/dynamorio/ext/lib64/debug/drwrap.lib" /MACHINE:X64  /machine:x64 /subsystem:console,5.
  02 /opt:ref /opt:icf /pdbcompress /opt:ref /opt:icf /pdbcompress /nodefaultlib /noentry /base:0x74000000 /dynamicbase
  :no /DLL drwrap.dir\Debug\resources.res
  drwrap.dir\Debug\drwrap.obj
  C:\Users\hacker\source\repos\buildx64\dynamorio\ext\drwrap\drwrap_asm_x86.asm.obj
LINK : warning LNK4075: ignoring '/INCREMENTAL' due to '/OPT:ICF' specification [C:\Users\hacker\source\repos\buildx64\
dynamorio\ext\drwrap\drwrap.vcxproj]
     Creating library C:/Users/hacker/source/repos/buildx64/dynamorio/ext/lib64/debug/drwrap.lib and object C:/Users/ha
  cker/source/repos/buildx64/dynamorio/ext/lib64/debug/drwrap.exp
LINK : warning LNK4281: undesirable base address 0x74000000 for x64 image; set base address above 4GB for best ASLR opt
imization [C:\Users\hacker\source\repos\buildx64\dynamorio\ext\drwrap\drwrap.vcxproj]
  drwrap.vcxproj -> C:\Users\hacker\source\repos\buildx64\dynamorio\ext\lib64\debug\drwrap.dll
FinalizeBuildStatus:
  Deleting file "drwrap.dir\Debug\drwrap.tlog\unsuccessfulbuild".
  Touching "drwrap.dir\Debug\drwrap.tlog\drwrap.lastbuildstate".
Done Building Project "C:\Users\hacker\source\repos\buildx64\dynamorio\ext\drwrap\drwrap.vcxproj" (default targets).

PrepareForBuild:
  Creating directory "drmemtrace.dir\Debug\".
  Structured output is enabled. The formatting of compiler diagnostics will reflect the error hierarchy. See https://ak
  a.ms/cpp/structured-output for more details.
  Creating directory "drmemtrace.dir\Debug\drmemtrace.tlog\".
InitializeBuildStatus:
  Creating "drmemtrace.dir\Debug\drmemtrace.tlog\unsuccessfulbuild" because "AlwaysCreate" was specified.
  Touching "drmemtrace.dir\Debug\drmemtrace.tlog\unsuccessfulbuild".
CustomBuild:
  Building Custom Rule C:/Users/hacker/source/repos/drltrace/drltrace_src/dynamorio/clients/drcachesim/CMakeLists.txt
ClCompile:
  C:\Program Files\Microsoft Visual Studio\2022\Community\VC\Tools\MSVC\14.39.33519\bin\HostX64\x64\CL.exe /c /IC:\User
  s\hacker\source\repos\buildx64\dynamorio /IC:\Users\hacker\source\repos\buildx64\dynamorio\cmake\..\include /IC:\User
  s\hacker\source\repos\buildx64\dynamorio\ext\include /IC:\Users\hacker\source\repos\drltrace\drltrace_src\dynamorio\c
  lients\drcachesim\common /IC:\Users\hacker\source\repos\drltrace\drltrace_src\dynamorio\clients\drcachesim\reader /IC
  :\Users\hacker\source\repos\drltrace\drltrace_src\dynamorio\clients\drcachesim\tracer /IC:\Users\hacker\source\repos\
  drltrace\drltrace_src\dynamorio\clients\drcachesim /Zi /nologo /W4 /WX /diagnostics:column /MP /Od /D _WINDLL /D _MBC
  S /D DEBUG /D X64 /D X86_64 /D WINDOWS /D SHOW_SYMBOLS /D _CRT_SECURE_NO_WARNINGS /D "CMAKE_INTDIR=\"Debug\"" /D drme
  mtrace_EXPORTS /GF /EHsc /MTd /GS- /fp:precise /Zc:wchar_t /Zc:forScope /Zc:inline /Fo"drmemtrace.dir\Debug\\" /Fd"dr
  memtrace.dir\Debug\vc143.pdb" /external:W4 /Gd /TP /wd4100 /wd4127 /wd4054 /errorReport:queue  /FS C:\Users\hacker\so
  urce\repos\drltrace\drltrace_src\dynamorio\clients\drcachesim\tracer\tracer.cpp C:\Users\hacker\source\repos\drltrace
  \drltrace_src\dynamorio\clients\drcachesim\tracer\instru.cpp C:\Users\hacker\source\repos\drltrace\drltrace_src\dynam
  orio\clients\drcachesim\tracer\instru_offline.cpp C:\Users\hacker\source\repos\drltrace\drltrace_src\dynamorio\client
  s\drcachesim\tracer\instru_online.cpp C:\Users\hacker\source\repos\drltrace\drltrace_src\dynamorio\clients\drcachesim
  \tracer\physaddr.cpp C:\Users\hacker\source\repos\drltrace\drltrace_src\dynamorio\clients\drcachesim\tracer\func_trac
  e.cpp C:\Users\hacker\source\repos\drltrace\drltrace_src\dynamorio\clients\drcachesim\common\named_pipe_win.cpp C:\Us
  ers\hacker\source\repos\drltrace\drltrace_src\dynamorio\clients\drcachesim\common\options.cpp C:\Users\hacker\source\
  repos\drltrace\drltrace_src\dynamorio\clients\drcachesim\common\trace_entry.cpp
  tracer.cpp
  instru.cpp
  instru_offline.cpp
  instru_online.cpp
  physaddr.cpp
  func_trace.cpp
  named_pipe_win.cpp
  options.cpp
  trace_entry.cpp
Link:
  C:\Program Files\Microsoft Visual Studio\2022\Community\VC\Tools\MSVC\14.39.33519\bin\HostX64\x64\link.exe /ERRORREPO
  RT:QUEUE /OUT:"C:\Users\hacker\source\repos\buildx64\dynamorio\clients\lib64\debug\drmemtrace.dll" /INCREMENTAL /ILK:
  "drmemtrace.dir\Debug\drmemtrace.ilk" /NOLOGO libcpmtd.lib libcmtd.lib libvcruntimed.lib libucrtd.lib ..\..\ext\lib64
  \debug\drsyms.lib ..\..\ext\lib64\debug\drwrap.lib ..\..\ext\lib64\debug\drutil.lib ..\..\ext\lib64\debug\drcovlib.li
  b ..\..\ext\lib64\debug\drx.lib ..\..\ext\lib64\debug\drreg.lib ..\..\ext\lib64\debug\drmgr.lib ..\..\lib64\ntdll_imp
  orts.lib ..\..\ext\lib64\debug\drcontainers.lib ..\..\lib64\debug\dynamorio.lib kernel32.lib user32.lib gdi32.lib win
  spool.lib shell32.lib ole32.lib oleaut32.lib uuid.lib comdlg32.lib advapi32.lib /MANIFEST /MANIFESTUAC:"level='asInvo
  ker' uiAccess='false'" /manifest:embed /DEBUG /PDB:"C:/Users/hacker/source/repos/buildx64/dynamorio/clients/lib64/deb
  ug/drmemtrace.pdb" /SUBSYSTEM:CONSOLE /TLBID:1 /DYNAMICBASE /NXCOMPAT /IMPLIB:"C:/Users/hacker/source/repos/buildx64/
  dynamorio/clients/lib64/debug/drmemtrace.lib" /MACHINE:X64  /machine:x64 /subsystem:console,5.02 /opt:ref /opt:icf /p
  dbcompress /opt:ref /opt:icf /pdbcompress /nodefaultlib:libcmt /base:0x72000000 /dynamicbase:no /DLL drmemtrace.dir\D
  ebug\tracer.obj
  drmemtrace.dir\Debug\instru.obj
  drmemtrace.dir\Debug\instru_offline.obj
  drmemtrace.dir\Debug\instru_online.obj
  drmemtrace.dir\Debug\physaddr.obj
  drmemtrace.dir\Debug\func_trace.obj
  drmemtrace.dir\Debug\named_pipe_win.obj
  drmemtrace.dir\Debug\options.obj
  drmemtrace.dir\Debug\trace_entry.obj
LINK : warning LNK4075: ignoring '/INCREMENTAL' due to '/OPT:ICF' specification [C:\Users\hacker\source\repos\buildx64\
dynamorio\clients\drcachesim\drmemtrace.vcxproj]
     Creating library C:/Users/hacker/source/repos/buildx64/dynamorio/clients/lib64/debug/drmemtrace.lib and object C:/
  Users/hacker/source/repos/buildx64/dynamorio/clients/lib64/debug/drmemtrace.exp
LINK : warning LNK4281: undesirable base address 0x72000000 for x64 image; set base address above 4GB for best ASLR opt
imization [C:\Users\hacker\source\repos\buildx64\dynamorio\clients\drcachesim\drmemtrace.vcxproj]
  drmemtrace.vcxproj -> C:\Users\hacker\source\repos\buildx64\dynamorio\clients\lib64\debug\drmemtrace.dll
PostBuildEvent:
  setlocal
  "C:\Program Files\CMake\bin\cmake.exe" -E echo "Usage: pass to drconfig or drrun: -t drcachesim"
  if %errorlevel% neq 0 goto :cmEnd
  :cmEnd
  endlocal & call :cmErrorLevel %errorlevel% & goto :cmDone
  :cmErrorLevel
  exit /b %1
  :cmDone
  if %errorlevel% neq 0 goto :VCEnd
  :VCEnd
  Usage: pass to drconfig or drrun: -t drcachesim
FinalizeBuildStatus:
  Deleting file "drmemtrace.dir\Debug\drmemtrace.tlog\unsuccessfulbuild".
  Touching "drmemtrace.dir\Debug\drmemtrace.tlog\drmemtrace.lastbuildstate".
Done Building Project "C:\Users\hacker\source\repos\buildx64\dynamorio\clients\drcachesim\drmemtrace.vcxproj" (default
targets).

Project "C:\Users\hacker\source\repos\buildx64\ALL_BUILD.vcxproj" (1) is building "C:\Users\hacker\source\repos\buildx6
4\dynamorio\clients\drcachesim\drmemtrace_analyzer.vcxproj" (77) on node 1 (default targets).
PrepareForBuild:
  Creating directory "drmemtrace_analyzer.dir\Debug\".
  Structured output is enabled. The formatting of compiler diagnostics will reflect the error hierarchy. See https://ak
  a.ms/cpp/structured-output for more details.
  Creating directory "drmemtrace_analyzer.dir\Debug\drmemtra.87CB7946.tlog\".
InitializeBuildStatus:
  Creating "drmemtrace_analyzer.dir\Debug\drmemtra.87CB7946.tlog\unsuccessfulbuild" because "AlwaysCreate" was specifie
  d.
  Touching "drmemtrace_analyzer.dir\Debug\drmemtra.87CB7946.tlog\unsuccessfulbuild".
CustomBuild:
  Building Custom Rule C:/Users/hacker/source/repos/drltrace/drltrace_src/dynamorio/clients/drcachesim/CMakeLists.txt
ClCompile:
  C:\Program Files\Microsoft Visual Studio\2022\Community\VC\Tools\MSVC\14.39.33519\bin\HostX64\x64\CL.exe /c /IC:\User
  s\hacker\source\repos\buildx64\dynamorio /IC:\Users\hacker\source\repos\buildx64\dynamorio\cmake\..\include /IC:\User
  s\hacker\source\repos\buildx64\dynamorio\ext\include /IC:\Users\hacker\source\repos\drltrace\drltrace_src\dynamorio\c
  lients\drcachesim\common /IC:\Users\hacker\source\repos\drltrace\drltrace_src\dynamorio\clients\drcachesim\reader /IC
  :\Users\hacker\source\repos\drltrace\drltrace_src\dynamorio\clients\drcachesim\tracer /IC:\Users\hacker\source\repos\
  drltrace\drltrace_src\dynamorio\clients\drcachesim /Zi /nologo /W4 /WX /diagnostics:column /MP /Od /D _MBCS /D DEBUG
  /D X64 /D X86_64 /D WINDOWS /D SHOW_SYMBOLS /D _CRT_SECURE_NO_WARNINGS /D "CMAKE_INTDIR=\"Debug\"" /GF /EHsc /MTd /GS
  - /fp:precise /Zc:wchar_t /Zc:forScope /Zc:inline /Fo"drmemtrace_analyzer.dir\Debug\\" /Fd"C:\Users\hacker\source\rep
  os\buildx64\dynamorio\clients\lib64\debug\drmemtrace_analyzer.pdb" /external:W4 /Gd /TP /wd4100 /wd4127 /wd4054 /wd41
  00 /wd4127 /wd4054 /errorReport:queue  /FS /FS C:\Users\hacker\source\repos\drltrace\drltrace_src\dynamorio\clients\d
  rcachesim\analyzer.cpp C:\Users\hacker\source\repos\drltrace\drltrace_src\dynamorio\clients\drcachesim\common\trace_e
  ntry.cpp C:\Users\hacker\source\repos\drltrace\drltrace_src\dynamorio\clients\drcachesim\reader\reader.cpp C:\Users\h
  acker\source\repos\drltrace\drltrace_src\dynamorio\clients\drcachesim\reader\config_reader.cpp C:\Users\hacker\source
  \repos\drltrace\drltrace_src\dynamorio\clients\drcachesim\reader\file_reader.cpp
  analyzer.cpp
  trace_entry.cpp
  reader.cpp
  config_reader.cpp
  file_reader.cpp
Lib:
  C:\Program Files\Microsoft Visual Studio\2022\Community\VC\Tools\MSVC\14.39.33519\bin\HostX64\x64\Lib.exe /OUT:"C:\Us
  ers\hacker\source\repos\buildx64\dynamorio\clients\lib64\debug\drmemtrace_analyzer.lib" /NOLOGO /MACHINE:X64  /machin
  e:x64 drmemtrace_analyzer.dir\Debug\analyzer.obj
  drmemtrace_analyzer.dir\Debug\trace_entry.obj
  drmemtrace_analyzer.dir\Debug\reader.obj
  drmemtrace_analyzer.dir\Debug\config_reader.obj
  drmemtrace_analyzer.dir\Debug\file_reader.obj
  drmemtrace_analyzer.vcxproj -> C:\Users\hacker\source\repos\buildx64\dynamorio\clients\lib64\debug\drmemtrace_analyze
  r.lib
FinalizeBuildStatus:
  Deleting file "drmemtrace_analyzer.dir\Debug\drmemtra.87CB7946.tlog\unsuccessfulbuild".
  Touching "drmemtrace_analyzer.dir\Debug\drmemtra.87CB7946.tlog\drmemtrace_analyzer.lastbuildstate".
Done Building Project "C:\Users\hacker\source\repos\buildx64\dynamorio\clients\drcachesim\drmemtrace_analyzer.vcxproj"
(default targets).

Project "C:\Users\hacker\source\repos\buildx64\ALL_BUILD.vcxproj" (1) is building "C:\Users\hacker\source\repos\buildx6
4\dynamorio\clients\drcachesim\drmemtrace_static.vcxproj" (78) on node 1 (default targets).
PrepareForBuild:
  Creating directory "drmemtrace_static.dir\Debug\".
  Structured output is enabled. The formatting of compiler diagnostics will reflect the error hierarchy. See https://ak
  a.ms/cpp/structured-output for more details.
  Creating directory "drmemtrace_static.dir\Debug\drmemtra.EC19673D.tlog\".
InitializeBuildStatus:
  Creating "drmemtrace_static.dir\Debug\drmemtra.EC19673D.tlog\unsuccessfulbuild" because "AlwaysCreate" was specified.
  Touching "drmemtrace_static.dir\Debug\drmemtra.EC19673D.tlog\unsuccessfulbuild".
CustomBuild:
  Building Custom Rule C:/Users/hacker/source/repos/drltrace/drltrace_src/dynamorio/clients/drcachesim/CMakeLists.txt
ClCompile:
  C:\Program Files\Microsoft Visual Studio\2022\Community\VC\Tools\MSVC\14.39.33519\bin\HostX64\x64\CL.exe /c /IC:\User
  s\hacker\source\repos\buildx64\dynamorio /IC:\Users\hacker\source\repos\buildx64\dynamorio\cmake\..\include /IC:\User
  s\hacker\source\repos\buildx64\dynamorio\ext\include /IC:\Users\hacker\source\repos\drltrace\drltrace_src\dynamorio\c
  lients\drcachesim\common /IC:\Users\hacker\source\repos\drltrace\drltrace_src\dynamorio\clients\drcachesim\reader /IC
  :\Users\hacker\source\repos\drltrace\drltrace_src\dynamorio\clients\drcachesim\tracer /IC:\Users\hacker\source\repos\
  drltrace\drltrace_src\dynamorio\clients\drcachesim /Zi /nologo /W4 /WX /diagnostics:column /MP /Od /D _MBCS /D DEBUG
  /D X64 /D X86_64 /D WINDOWS /D DRMEMTRACE_STATIC /D SHOW_SYMBOLS /D _CRT_SECURE_NO_WARNINGS /D "CMAKE_INTDIR=\"Debug\
  "" /GF /EHsc /MTd /GS- /fp:precise /Zc:wchar_t /Zc:forScope /Zc:inline /Fo"drmemtrace_static.dir\Debug\\" /Fd"C:\User
  s\hacker\source\repos\buildx64\dynamorio\clients\lib64\debug\drmemtrace_static.pdb" /external:W4 /Gd /TP /wd4100 /wd4
  127 /wd4054 /errorReport:queue  /FS C:\Users\hacker\source\repos\drltrace\drltrace_src\dynamorio\clients\drcachesim\t
  racer\tracer.cpp C:\Users\hacker\source\repos\drltrace\drltrace_src\dynamorio\clients\drcachesim\tracer\instru.cpp C:
  \Users\hacker\source\repos\drltrace\drltrace_src\dynamorio\clients\drcachesim\tracer\instru_offline.cpp C:\Users\hack
  er\source\repos\drltrace\drltrace_src\dynamorio\clients\drcachesim\tracer\instru_online.cpp C:\Users\hacker\source\re
  pos\drltrace\drltrace_src\dynamorio\clients\drcachesim\tracer\physaddr.cpp C:\Users\hacker\source\repos\drltrace\drlt
  race_src\dynamorio\clients\drcachesim\tracer\func_trace.cpp C:\Users\hacker\source\repos\drltrace\drltrace_src\dynamo
  rio\clients\drcachesim\common\named_pipe_win.cpp C:\Users\hacker\source\repos\drltrace\drltrace_src\dynamorio\clients
  \drcachesim\common\options.cpp C:\Users\hacker\source\repos\drltrace\drltrace_src\dynamorio\clients\drcachesim\common
  \trace_entry.cpp
  tracer.cpp
  instru.cpp
  instru_offline.cpp
  instru_online.cpp
  physaddr.cpp
  func_trace.cpp
  named_pipe_win.cpp
  options.cpp
  trace_entry.cpp
Lib:
  C:\Program Files\Microsoft Visual Studio\2022\Community\VC\Tools\MSVC\14.39.33519\bin\HostX64\x64\Lib.exe /OUT:"C:\Us
  ers\hacker\source\repos\buildx64\dynamorio\clients\lib64\debug\drmemtrace_static.lib" /NOLOGO /MACHINE:X64  /machine:
  x64 drmemtrace_static.dir\Debug\tracer.obj
  drmemtrace_static.dir\Debug\instru.obj
  drmemtrace_static.dir\Debug\instru_offline.obj
  drmemtrace_static.dir\Debug\instru_online.obj
  drmemtrace_static.dir\Debug\physaddr.obj
  drmemtrace_static.dir\Debug\func_trace.obj
  drmemtrace_static.dir\Debug\named_pipe_win.obj
  drmemtrace_static.dir\Debug\options.obj
  drmemtrace_static.dir\Debug\trace_entry.obj
  drmemtrace_static.vcxproj -> C:\Users\hacker\source\repos\buildx64\dynamorio\clients\lib64\debug\drmemtrace_static.li
  b
FinalizeBuildStatus:
  Deleting file "drmemtrace_static.dir\Debug\drmemtra.EC19673D.tlog\unsuccessfulbuild".
  Touching "drmemtrace_static.dir\Debug\drmemtra.EC19673D.tlog\drmemtrace_static.lastbuildstate".
Done Building Project "C:\Users\hacker\source\repos\buildx64\dynamorio\clients\drcachesim\drmemtrace_static.vcxproj" (d
efault targets).

Project "C:\Users\hacker\source\repos\buildx64\ALL_BUILD.vcxproj" (1) is building "C:\Users\hacker\source\repos\buildx6
4\dynamorio\core\drpreinject.vcxproj" (79) on node 1 (default targets).
Project "C:\Users\hacker\source\repos\buildx64\dynamorio\core\drpreinject.vcxproj" (79) is building "C:\Users\hacker\so
urce\repos\buildx64\dynamorio\core\generate_pre_inject_asm.asm.vcxproj" (80) on node 1 (default targets).
PrepareForBuild:
  Creating directory "X64\Debug\generate_pre_inject_asm.asm\".
  Structured output is enabled. The formatting of compiler diagnostics will reflect the error hierarchy. See https://ak
  a.ms/cpp/structured-output for more details.
  Creating directory "X64\Debug\generate_pre_inject_asm.asm\generate.0F293318.tlog\".
InitializeBuildStatus:
  Creating "X64\Debug\generate_pre_inject_asm.asm\generate.0F293318.tlog\unsuccessfulbuild" because "AlwaysCreate" was
  specified.
  Touching "X64\Debug\generate_pre_inject_asm.asm\generate.0F293318.tlog\unsuccessfulbuild".
CustomBuild:
  "The build of 'C:\Users\hacker\source\repos\buildx64\CMakeFiles\076e5568f4681c562eb538e5622bee9d\generate_pre_inject_
  asm.asm.rule' depends on 'C:\USERS\HACKER\SOURCE\REPOS\BUILDX64\DYNAMORIO\CORE\PRE_INJECT_ASM.ASM.OBJ.STAMP' which is
   produced by the build of 'C:\Users\hacker\source\repos\buildx64\CMakeFiles\e9ef5629817a5e236b71e90c2f0ede37\pre_inje
  ct_asm.asm.obj.stamp.rule'. The items cannot be built in parallel."
  Generating pre_inject_asm.asm.obj.stamp
  pre_inject_asm.asm
   Assembling: C:/Users/hacker/source/repos/buildx64/dynamorio/core/pre_inject_asm.asm.s
  Building Custom Rule C:/Users/hacker/source/repos/drltrace/drltrace_src/dynamorio/core/CMakeLists.txt
FinalizeBuildStatus:
  Deleting file "X64\Debug\generate_pre_inject_asm.asm\generate.0F293318.tlog\unsuccessfulbuild".
  Touching "X64\Debug\generate_pre_inject_asm.asm\generate.0F293318.tlog\generate_pre_inject_asm.asm.lastbuildstate".
Done Building Project "C:\Users\hacker\source\repos\buildx64\dynamorio\core\generate_pre_inject_asm.asm.vcxproj" (defau
lt targets).

PrepareForBuild:
  Creating directory "drpreinject.dir\Debug\".
  Structured output is enabled. The formatting of compiler diagnostics will reflect the error hierarchy. See https://ak
  a.ms/cpp/structured-output for more details.
  Creating directory "drpreinject.dir\Debug\drpreinject.tlog\".
InitializeBuildStatus:
  Creating "drpreinject.dir\Debug\drpreinject.tlog\unsuccessfulbuild" because "AlwaysCreate" was specified.
  Touching "drpreinject.dir\Debug\drpreinject.tlog\unsuccessfulbuild".
CustomBuild:
  Building Custom Rule C:/Users/hacker/source/repos/drltrace/drltrace_src/dynamorio/core/CMakeLists.txt
ClCompile:
  C:\Program Files\Microsoft Visual Studio\2022\Community\VC\Tools\MSVC\14.39.33519\bin\HostX64\x64\CL.exe /c /IC:\User
  s\hacker\source\repos\drltrace\drltrace_src\dynamorio\core\drlibc /IC:\Users\hacker\source\repos\drltrace\drltrace_sr
  c\dynamorio\core\arch\x86 /IC:\Users\hacker\source\repos\drltrace\drltrace_src\dynamorio\core\win32 /IC:\Users\hacker
  \source\repos\drltrace\drltrace_src\dynamorio\core\arch /IC:\Users\hacker\source\repos\drltrace\drltrace_src\dynamori
  o\core\lib /IC:\Users\hacker\source\repos\buildx64\dynamorio /IC:\Users\hacker\source\repos\buildx64\dynamorio\includ
  e\annotations /Zi /nologo /W4 /WX /diagnostics:column /MP /Od /D _WINDLL /D _MBCS /D NOT_DYNAMORIO_CORE_PROPER /D RC_
  IS_PRELOAD /D DR_NO_FAST_IR /D SHOW_SYMBOLS /D "CMAKE_INTDIR=\"Debug\"" /D drpreinject_EXPORTS /GF /MTd /GS- /fp:prec
  ise /Zc:wchar_t /Zc:forScope /Zc:inline /Fo"drpreinject.dir\Debug\\" /Fd"drpreinject.dir\Debug\vc143.pdb" /external:W
  4 /Gd /TC /errorReport:queue  /FS C:\Users\hacker\source\repos\drltrace\drltrace_src\dynamorio\core\win32\pre_inject.
  c C:\Users\hacker\source\repos\drltrace\drltrace_src\dynamorio\core\win32\ntdll.c C:\Users\hacker\source\repos\drltra
  ce\drltrace_src\dynamorio\core\win32\ntdll_shared.c C:\Users\hacker\source\repos\drltrace\drltrace_src\dynamorio\core
  \win32\inject_shared.c C:\Users\hacker\source\repos\drltrace\drltrace_src\dynamorio\core\win32\drmarker.c C:\Users\ha
  cker\source\repos\drltrace\drltrace_src\dynamorio\core\win32\module_shared.c C:\Users\hacker\source\repos\drltrace\dr
  ltrace_src\dynamorio\core\config.c C:\Users\hacker\source\repos\drltrace\drltrace_src\dynamorio\core\win32\os.c C:\Us
  ers\hacker\source\repos\drltrace\drltrace_src\dynamorio\core\io.c
  pre_inject.c
  ntdll.c
  ntdll_shared.c
  inject_shared.c
  drmarker.c
  module_shared.c
  config.c
  os.c
  io.c
ResourceCompile:
  C:\Program Files (x86)\Windows Kits\10\bin\10.0.22621.0\x64\rc.exe /D WIN32 /D _DEBUG /D NOT_DYNAMORIO_CORE_PROPER /D
   RC_IS_PRELOAD /D DR_NO_FAST_IR /D SHOW_SYMBOLS /D "CMAKE_INTDIR=\\\"Debug\\\"" /D drpreinject_EXPORTS /l"0x0409" /IC
  :\Users\hacker\source\repos\drltrace\drltrace_src\dynamorio\core\drlibc /IC:\Users\hacker\source\repos\drltrace\drltr
  ace_src\dynamorio\core\arch\x86 /IC:\Users\hacker\source\repos\drltrace\drltrace_src\dynamorio\core\win32 /IC:\Users\
  hacker\source\repos\drltrace\drltrace_src\dynamorio\core\arch /IC:\Users\hacker\source\repos\drltrace\drltrace_src\dy
  namorio\core\lib /IC:\Users\hacker\source\repos\buildx64\dynamorio /IC:\Users\hacker\source\repos\buildx64\dynamorio\
  include\annotations /nologo /fo"drpreinject.dir\Debug\resources.res" C:\Users\hacker\source\repos\drltrace\drltrace_s
  rc\dynamorio\core\win32\resources.rc
Link:
  C:\Program Files\Microsoft Visual Studio\2022\Community\VC\Tools\MSVC\14.39.33519\bin\HostX64\x64\link.exe /ERRORREPO
  RT:QUEUE /OUT:"C:\Users\hacker\source\repos\buildx64\dynamorio\lib64\drpreinject.dll" /INCREMENTAL /ILK:"drpreinject.
  dir\Debug\drpreinject.ilk" /NOLOGO ..\lib64\drlibc.lib libcmtd.lib libvcruntimed.lib libucrtd.lib ..\lib64\ntdll_impo
  rts.lib kernel32.lib ..\lib64\debug\dynamorio.lib kernel32.lib user32.lib gdi32.lib winspool.lib shell32.lib ole32.li
  b oleaut32.lib uuid.lib comdlg32.lib advapi32.lib /NODEFAULTLIB /MANIFEST /MANIFESTUAC:"level='asInvoker' uiAccess='f
  alse'" /manifest:embed /DEBUG /PDB:"C:/Users/hacker/source/repos/buildx64/dynamorio/lib64/drpreinject.pdb" /SUBSYSTEM
  :CONSOLE /TLBID:1 /DYNAMICBASE /NXCOMPAT /IMPLIB:"C:/Users/hacker/source/repos/buildx64/dynamorio/lib64/drpreinject.l
  ib" /MACHINE:X64  /machine:x64 /subsystem:console,5.02 /opt:ref /opt:icf /pdbcompress /release /opt:ref /machine:X64
  /dll /incremental:no /base:0x14000000 /entry:DllMain /DLL drpreinject.dir\Debug\resources.res
  drpreinject.dir\Debug\pre_inject.obj
  drpreinject.dir\Debug\ntdll.obj
  drpreinject.dir\Debug\ntdll_shared.obj
  drpreinject.dir\Debug\inject_shared.obj
  drpreinject.dir\Debug\drmarker.obj
  drpreinject.dir\Debug\module_shared.obj
  drpreinject.dir\Debug\config.obj
  drpreinject.dir\Debug\os.obj
  drpreinject.dir\Debug\io.obj
  C:\Users\hacker\source\repos\buildx64\dynamorio\core\pre_inject_asm.asm.obj
     Creating library C:/Users/hacker/source/repos/buildx64/dynamorio/lib64/drpreinject.lib and object C:/Users/hacker/
  source/repos/buildx64/dynamorio/lib64/drpreinject.exp
LINK : warning LNK4281: undesirable base address 0x14000000 for x64 image; set base address above 4GB for best ASLR opt
imization [C:\Users\hacker\source\repos\buildx64\dynamorio\core\drpreinject.vcxproj]
  drpreinject.vcxproj -> C:\Users\hacker\source\repos\buildx64\dynamorio\lib64\drpreinject.dll
FinalizeBuildStatus:
  Deleting file "drpreinject.dir\Debug\drpreinject.tlog\unsuccessfulbuild".
  Touching "drpreinject.dir\Debug\drpreinject.tlog\drpreinject.lastbuildstate".
Done Building Project "C:\Users\hacker\source\repos\buildx64\dynamorio\core\drpreinject.vcxproj" (default targets).

Project "C:\Users\hacker\source\repos\buildx64\ALL_BUILD.vcxproj" (1) is building "C:\Users\hacker\source\repos\buildx6
4\dynamorio\clients\drcachesim\drraw2trace.vcxproj" (81) on node 1 (default targets).
PrepareForBuild:
  Creating directory "drraw2trace.dir\Debug\".
  Structured output is enabled. The formatting of compiler diagnostics will reflect the error hierarchy. See https://ak
  a.ms/cpp/structured-output for more details.
  Creating directory "drraw2trace.dir\Debug\drraw2trace.tlog\".
InitializeBuildStatus:
  Creating "drraw2trace.dir\Debug\drraw2trace.tlog\unsuccessfulbuild" because "AlwaysCreate" was specified.
  Touching "drraw2trace.dir\Debug\drraw2trace.tlog\unsuccessfulbuild".
CustomBuild:
  Building Custom Rule C:/Users/hacker/source/repos/drltrace/drltrace_src/dynamorio/clients/drcachesim/CMakeLists.txt
ClCompile:
  C:\Program Files\Microsoft Visual Studio\2022\Community\VC\Tools\MSVC\14.39.33519\bin\HostX64\x64\CL.exe /c /IC:\User
  s\hacker\source\repos\buildx64\dynamorio /IC:\Users\hacker\source\repos\buildx64\dynamorio\cmake\..\include /IC:\User
  s\hacker\source\repos\buildx64\dynamorio\ext\include /IC:\Users\hacker\source\repos\drltrace\drltrace_src\dynamorio\c
  lients\drcachesim\common /IC:\Users\hacker\source\repos\drltrace\drltrace_src\dynamorio\clients\drcachesim\reader /IC
  :\Users\hacker\source\repos\drltrace\drltrace_src\dynamorio\clients\drcachesim\tracer /IC:\Users\hacker\source\repos\
  drltrace\drltrace_src\dynamorio\clients\drcachesim /Zi /nologo /W4 /WX /diagnostics:column /MP /Od /D _MBCS /D DEBUG
  /D X64 /D X86_64 /D WINDOWS /D SHOW_SYMBOLS /D _CRT_SECURE_NO_WARNINGS /D "CMAKE_INTDIR=\"Debug\"" /GF /EHsc /MTd /GS
  - /fp:precise /Zc:wchar_t /Zc:forScope /Zc:inline /Fo"drraw2trace.dir\Debug\\" /Fd"drraw2trace.dir\Debug\vc143.pdb" /
  external:W4 /Gd /TP /wd4100 /wd4127 /wd4054 /wd4100 /wd4127 /wd4054 /errorReport:queue  /FS /FS C:\Users\hacker\sourc
  e\repos\drltrace\drltrace_src\dynamorio\clients\drcachesim\tracer\raw2trace_launcher.cpp C:\Users\hacker\source\repos
  \drltrace\drltrace_src\dynamorio\clients\drcachesim\tracer\instru.cpp C:\Users\hacker\source\repos\drltrace\drltrace_
  src\dynamorio\clients\drcachesim\tracer\instru_online.cpp
  raw2trace_launcher.cpp
  instru.cpp
  instru_online.cpp
Link:
  C:\Program Files\Microsoft Visual Studio\2022\Community\VC\Tools\MSVC\14.39.33519\bin\HostX64\x64\link.exe /ERRORREPO
  RT:QUEUE /OUT:"C:\Users\hacker\source\repos\buildx64\dynamorio\clients\bin64\drraw2trace.exe" /INCREMENTAL /ILK:"drra
  w2trace.dir\Debug\drraw2trace.ilk" /NOLOGO ..\lib64\debug\drmemtrace_raw2trace.lib ..\..\lib64\drdecode.lib libcpmtd.
  lib libcmtd.lib libvcruntimed.lib libucrtd.lib ..\..\lib64\drfrontendlib.lib ..\..\ext\lib64\debug\drcovlib_static.li
  b ..\..\ext\lib64\debug\drutil_static.lib ..\lib64\debug\directory_iterator.lib ..\..\lib64\drfrontendlib.lib ..\..\l
  ib64\drlibc.lib ..\..\ext\lib64\debug\drx_static.lib ..\..\ext\lib64\debug\drreg_static.lib ..\..\ext\lib64\debug\drc
  ontainers.lib ..\..\ext\lib64\debug\drmgr_static.lib ..\..\lib64\debug\dynamorio.lib ..\..\lib64\ntdll_imports.lib ke
  rnel32.lib user32.lib gdi32.lib winspool.lib shell32.lib ole32.lib oleaut32.lib uuid.lib comdlg32.lib advapi32.lib /M
  ANIFEST /MANIFESTUAC:"level='asInvoker' uiAccess='false'" /manifest:embed /DEBUG /PDB:"C:/Users/hacker/source/repos/b
  uildx64/dynamorio/clients/bin64/drraw2trace.pdb" /SUBSYSTEM:CONSOLE /TLBID:1 /DYNAMICBASE /NXCOMPAT /IMPLIB:"C:/Users
  /hacker/source/repos/buildx64/dynamorio/clients/lib64/debug/drraw2trace.lib" /MACHINE:X64  /machine:x64 /subsystem:co
  nsole,5.02 /opt:ref /opt:icf /pdbcompress /opt:ref /opt:icf /pdbcompress /nodefaultlib:libcmt /nodefaultlib:libcmt dr
  raw2trace.dir\Debug\raw2trace_launcher.obj
  drraw2trace.dir\Debug\instru.obj
  drraw2trace.dir\Debug\instru_online.obj
LINK : warning LNK4075: ignoring '/INCREMENTAL' due to '/OPT:ICF' specification [C:\Users\hacker\source\repos\buildx64\
dynamorio\clients\drcachesim\drraw2trace.vcxproj]
     Creating library C:/Users/hacker/source/repos/buildx64/dynamorio/clients/lib64/debug/drraw2trace.lib and object C:
  /Users/hacker/source/repos/buildx64/dynamorio/clients/lib64/debug/drraw2trace.exp
  drraw2trace.vcxproj -> C:\Users\hacker\source\repos\buildx64\dynamorio\clients\bin64\drraw2trace.exe
FinalizeBuildStatus:
  Deleting file "drraw2trace.dir\Debug\drraw2trace.tlog\unsuccessfulbuild".
  Touching "drraw2trace.dir\Debug\drraw2trace.tlog\drraw2trace.lastbuildstate".
Done Building Project "C:\Users\hacker\source\repos\buildx64\dynamorio\clients\drcachesim\drraw2trace.vcxproj" (default
 targets).

Project "C:\Users\hacker\source\repos\buildx64\ALL_BUILD.vcxproj" (1) is building "C:\Users\hacker\source\repos\buildx6
4\dynamorio\tools\drrun.vcxproj" (82) on node 1 (default targets).
PrepareForBuild:
  Creating directory "drrun.dir\Debug\".
  Structured output is enabled. The formatting of compiler diagnostics will reflect the error hierarchy. See https://ak
  a.ms/cpp/structured-output for more details.
  Creating directory "drrun.dir\Debug\drrun.tlog\".
InitializeBuildStatus:
  Creating "drrun.dir\Debug\drrun.tlog\unsuccessfulbuild" because "AlwaysCreate" was specified.
  Touching "drrun.dir\Debug\drrun.tlog\unsuccessfulbuild".
CustomBuild:
  Building Custom Rule C:/Users/hacker/source/repos/drltrace/drltrace_src/dynamorio/tools/CMakeLists.txt
ClCompile:
  C:\Program Files\Microsoft Visual Studio\2022\Community\VC\Tools\MSVC\14.39.33519\bin\HostX64\x64\CL.exe /c /IC:\User
  s\hacker\source\repos\buildx64\dynamorio /IC:\Users\hacker\source\repos\drltrace\drltrace_src\dynamorio\libutil /IC:\
  Users\hacker\source\repos\drltrace\drltrace_src\dynamorio\core /IC:\Users\hacker\source\repos\drltrace\drltrace_src\d
  ynamorio\core\lib /Zi /nologo /W3 /WX /diagnostics:column /MP /Od /D _MBCS /D RC_IS_drrun /D DRRUN /D SHOW_SYMBOLS /D
   NOT_DYNAMORIO_CORE /D WIN32 /D "CMAKE_INTDIR=\"Debug\"" /GF /MTd /GS- /fp:precise /Zc:wchar_t /Zc:forScope /Zc:inlin
  e /Fo"drrun.dir\Debug\\" /Fd"drrun.dir\Debug\vc143.pdb" /external:W3 /Gd /TC /wd4996 /errorReport:queue  /FS C:\Users
  \hacker\source\repos\drltrace\drltrace_src\dynamorio\tools\drdeploy.c
  drdeploy.c
ResourceCompile:
  C:\Program Files (x86)\Windows Kits\10\bin\10.0.22621.0\x64\rc.exe /D WIN32 /D _DEBUG /D RC_IS_drrun /D DRRUN /D SHOW
  _SYMBOLS /D NOT_DYNAMORIO_CORE /D "CMAKE_INTDIR=\\\"Debug\\\"" /l"0x0409" /IC:\Users\hacker\source\repos\buildx64\dyn
  amorio /IC:\Users\hacker\source\repos\drltrace\drltrace_src\dynamorio\libutil /IC:\Users\hacker\source\repos\drltrace
  \drltrace_src\dynamorio\core /IC:\Users\hacker\source\repos\drltrace\drltrace_src\dynamorio\core\lib /nologo /fo"drru
  n.dir\Debug\resources.res" C:\Users\hacker\source\repos\drltrace\drltrace_src\dynamorio\core\win32\resources.rc
Link:
  C:\Program Files\Microsoft Visual Studio\2022\Community\VC\Tools\MSVC\14.39.33519\bin\HostX64\x64\link.exe /ERRORREPO
  RT:QUEUE /OUT:"C:\Users\hacker\source\repos\buildx64\dynamorio\bin64\drrun.exe" /INCREMENTAL /ILK:"drrun.dir\Debug\dr
  run.ilk" /NOLOGO ..\lib64\policy_static.lib user32.lib advapi32.lib pdh.lib imagehlp.lib shell32.lib ..\lib64\drconfi
  glib.lib ..\lib64\drfrontendlib.lib ..\lib64\drinjectlib.lib ..\lib64\drdecode.lib ..\lib64\drlibc.lib libcmtd.lib li
  bvcruntimed.lib libucrtd.lib ..\lib64\ntdll_imports.lib kernel32.lib advapi32.lib imagehlp.lib kernel32.lib user32.li
  b gdi32.lib winspool.lib shell32.lib ole32.lib oleaut32.lib uuid.lib comdlg32.lib advapi32.lib /MANIFEST /MANIFESTUAC
  :"level='asInvoker' uiAccess='false'" /manifest:embed /DEBUG /PDB:"C:/Users/hacker/source/repos/buildx64/dynamorio/bi
  n64/drrun.pdb" /SUBSYSTEM:CONSOLE /TLBID:1 /DYNAMICBASE /NXCOMPAT /IMPLIB:"C:/Users/hacker/source/repos/buildx64/dyna
  morio/lib64/drrun.lib" /MACHINE:X64  /machine:x64 /subsystem:console,5.02 /opt:ref /opt:icf /pdbcompress drrun.dir\De
  bug\resources.res
  drrun.dir\Debug\drdeploy.obj
LINK : warning LNK4075: ignoring '/INCREMENTAL' due to '/OPT:ICF' specification [C:\Users\hacker\source\repos\buildx64\
dynamorio\tools\drrun.vcxproj]
  drrun.vcxproj -> C:\Users\hacker\source\repos\buildx64\dynamorio\bin64\drrun.exe
FinalizeBuildStatus:
  Deleting file "drrun.dir\Debug\drrun.tlog\unsuccessfulbuild".
  Touching "drrun.dir\Debug\drrun.tlog\drrun.lastbuildstate".
Done Building Project "C:\Users\hacker\source\repos\buildx64\dynamorio\tools\drrun.vcxproj" (default targets).

Project "C:\Users\hacker\source\repos\buildx64\ALL_BUILD.vcxproj" (1) is building "C:\Users\hacker\source\repos\buildx6
4\dynamorio\ext\drsyms\drsyms_bench.vcxproj" (83) on node 1 (default targets).
PrepareForBuild:
  Creating directory "drsyms_bench.dir\Debug\".
  Structured output is enabled. The formatting of compiler diagnostics will reflect the error hierarchy. See https://ak
  a.ms/cpp/structured-output for more details.
  Creating directory "drsyms_bench.dir\Debug\drsyms_bench.tlog\".
InitializeBuildStatus:
  Creating "drsyms_bench.dir\Debug\drsyms_bench.tlog\unsuccessfulbuild" because "AlwaysCreate" was specified.
  Touching "drsyms_bench.dir\Debug\drsyms_bench.tlog\unsuccessfulbuild".
CustomBuild:
  Building Custom Rule C:/Users/hacker/source/repos/drltrace/drltrace_src/dynamorio/ext/drsyms/CMakeLists.txt
ClCompile:
  C:\Program Files\Microsoft Visual Studio\2022\Community\VC\Tools\MSVC\14.39.33519\bin\HostX64\x64\CL.exe /c /IC:\User
  s\hacker\source\repos\buildx64\dynamorio /IC:\Users\hacker\source\repos\buildx64\dynamorio\cmake\..\include /IC:\User
  s\hacker\source\repos\drltrace\drltrace_src\dynamorio\ext\drsyms\ext\lib64\debug /IC:\Users\hacker\source\repos\drltr
  ace\drltrace_src\dynamorio\core\lib /IC:\Users\hacker\source\repos\buildx64\dynamorio\ext\include /IC:\Users\hacker\s
  ource\repos\drltrace\drltrace_src\dynamorio\ext\drsyms\libelftc\include /Zi /nologo /W4 /WX /diagnostics:column /MP /
  Od /D _MBCS /D DEBUG /D X64 /D DYNAMORIO_STANDALONE /D X86_64 /D WINDOWS /D SHOW_SYMBOLS /D _CRT_SECURE_NO_WARNINGS /
  D "CMAKE_INTDIR=\"Debug\"" /GF /MTd /GS- /fp:precise /Zc:wchar_t /Zc:forScope /Zc:inline /Fo"drsyms_bench.dir\Debug\\
  " /Fd"drsyms_bench.dir\Debug\vc143.pdb" /external:W4 /Gd /TC /wd4100 /wd4127 /wd4054 /errorReport:queue  /FS C:\Users
  \hacker\source\repos\drltrace\drltrace_src\dynamorio\ext\drsyms\drsyms_bench.c
  drsyms_bench.c
Link:
  C:\Program Files\Microsoft Visual Studio\2022\Community\VC\Tools\MSVC\14.39.33519\bin\HostX64\x64\link.exe /ERRORREPO
  RT:QUEUE /OUT:"C:\Users\hacker\source\repos\buildx64\dynamorio\ext\drsyms_bench.exe" /INCREMENTAL /ILK:"drsyms_bench.
  dir\Debug\drsyms_bench.ilk" /NOLOGO libcmtd.lib libvcruntimed.lib libucrtd.lib ..\lib64\debug\drsyms.lib ..\..\lib64\
  debug\dynamorio.lib kernel32.lib user32.lib gdi32.lib winspool.lib shell32.lib ole32.lib oleaut32.lib uuid.lib comdlg
  32.lib advapi32.lib /MANIFEST /MANIFESTUAC:"level='asInvoker' uiAccess='false'" /manifest:embed /DEBUG /PDB:"C:/Users
  /hacker/source/repos/buildx64/dynamorio/ext/drsyms_bench.pdb" /SUBSYSTEM:CONSOLE /TLBID:1 /DYNAMICBASE /NXCOMPAT /IMP
  LIB:"C:/Users/hacker/source/repos/buildx64/dynamorio/ext/lib64/debug/drsyms_bench.lib" /MACHINE:X64  /machine:x64 /su
  bsystem:console,5.02 /opt:ref /opt:icf /pdbcompress /opt:ref /opt:icf /pdbcompress /nodefaultlib drsyms_bench.dir\Deb
  ug\drsyms_bench.obj
LINK : warning LNK4075: ignoring '/INCREMENTAL' due to '/OPT:ICF' specification [C:\Users\hacker\source\repos\buildx64\
dynamorio\ext\drsyms\drsyms_bench.vcxproj]
  drsyms_bench.vcxproj -> C:\Users\hacker\source\repos\buildx64\dynamorio\ext\drsyms_bench.exe
FinalizeBuildStatus:
  Deleting file "drsyms_bench.dir\Debug\drsyms_bench.tlog\unsuccessfulbuild".
  Touching "drsyms_bench.dir\Debug\drsyms_bench.tlog\drsyms_bench.lastbuildstate".
Done Building Project "C:\Users\hacker\source\repos\buildx64\dynamorio\ext\drsyms\drsyms_bench.vcxproj" (default target
s).

Project "C:\Users\hacker\source\repos\buildx64\ALL_BUILD.vcxproj" (1) is building "C:\Users\hacker\source\repos\buildx6
4\dynamorio\tools\dummy.vcxproj" (84) on node 1 (default targets).
PrepareForBuild:
  Creating directory "dummy.dir\Debug\".
  Structured output is enabled. The formatting of compiler diagnostics will reflect the error hierarchy. See https://ak
  a.ms/cpp/structured-output for more details.
  Creating directory "dummy.dir\Debug\dummy.tlog\".
InitializeBuildStatus:
  Creating "dummy.dir\Debug\dummy.tlog\unsuccessfulbuild" because "AlwaysCreate" was specified.
  Touching "dummy.dir\Debug\dummy.tlog\unsuccessfulbuild".
CustomBuild:
  Building Custom Rule C:/Users/hacker/source/repos/drltrace/drltrace_src/dynamorio/tools/CMakeLists.txt
ClCompile:
  C:\Program Files\Microsoft Visual Studio\2022\Community\VC\Tools\MSVC\14.39.33519\bin\HostX64\x64\CL.exe /c /IC:\User
  s\hacker\source\repos\buildx64\dynamorio /IC:\Users\hacker\source\repos\drltrace\drltrace_src\dynamorio\libutil /IC:\
  Users\hacker\source\repos\drltrace\drltrace_src\dynamorio\core /IC:\Users\hacker\source\repos\drltrace\drltrace_src\d
  ynamorio\core\lib /Zi /nologo /W3 /WX /diagnostics:column /MP /Od /D _UNICODE /D UNICODE /D UNICODE /D _UNICODE /D RC
  _IS_dummy /D SHOW_SYMBOLS /D NOT_DYNAMORIO_CORE /D WIN32 /D "CMAKE_INTDIR=\"Debug\"" /GF /MTd /GS- /fp:precise /Zc:wc
  har_t /Zc:forScope /Zc:inline /Fo"dummy.dir\Debug\\" /Fd"dummy.dir\Debug\vc143.pdb" /external:W3 /Gd /TC /wd4996 /err
  orReport:queue  /FS C:\Users\hacker\source\repos\drltrace\drltrace_src\dynamorio\tools\dummy.c
  dummy.c
ResourceCompile:
  C:\Program Files (x86)\Windows Kits\10\bin\10.0.22621.0\x64\rc.exe /D _UNICODE /D UNICODE /D WIN32 /D _DEBUG /D UNICO
  DE /D _UNICODE /D RC_IS_dummy /D SHOW_SYMBOLS /D NOT_DYNAMORIO_CORE /D "CMAKE_INTDIR=\\\"Debug\\\"" /l"0x0409" /IC:\U
  sers\hacker\source\repos\buildx64\dynamorio /IC:\Users\hacker\source\repos\drltrace\drltrace_src\dynamorio\libutil /I
  C:\Users\hacker\source\repos\drltrace\drltrace_src\dynamorio\core /IC:\Users\hacker\source\repos\drltrace\drltrace_sr
  c\dynamorio\core\lib /nologo /fo"dummy.dir\Debug\resources.res" C:\Users\hacker\source\repos\drltrace\drltrace_src\dy
  namorio\core\win32\resources.rc
Link:
  C:\Program Files\Microsoft Visual Studio\2022\Community\VC\Tools\MSVC\14.39.33519\bin\HostX64\x64\link.exe /ERRORREPO
  RT:QUEUE /OUT:"C:\Users\hacker\source\repos\buildx64\dynamorio\bin64\dummy.exe" /INCREMENTAL /ILK:"dummy.dir\Debug\du
  mmy.ilk" /NOLOGO ..\lib64\policy_static.lib user32.lib advapi32.lib pdh.lib imagehlp.lib shell32.lib kernel32.lib use
  r32.lib gdi32.lib winspool.lib shell32.lib ole32.lib oleaut32.lib uuid.lib comdlg32.lib advapi32.lib /MANIFEST /MANIF
  ESTUAC:"level='asInvoker' uiAccess='false'" /manifest:embed /DEBUG /PDB:"C:/Users/hacker/source/repos/buildx64/dynamo
  rio/bin64/dummy.pdb" /SUBSYSTEM:CONSOLE /TLBID:1 /DYNAMICBASE /NXCOMPAT /IMPLIB:"C:/Users/hacker/source/repos/buildx6
  4/dynamorio/lib64/dummy.lib" /MACHINE:X64  /machine:x64 /subsystem:console,5.02 /opt:ref /opt:icf /pdbcompress dummy.
  dir\Debug\resources.res
  dummy.dir\Debug\dummy.obj
LINK : warning LNK4075: ignoring '/INCREMENTAL' due to '/OPT:ICF' specification [C:\Users\hacker\source\repos\buildx64\
dynamorio\tools\dummy.vcxproj]
  dummy.vcxproj -> C:\Users\hacker\source\repos\buildx64\dynamorio\bin64\dummy.exe
FinalizeBuildStatus:
  Deleting file "dummy.dir\Debug\dummy.tlog\unsuccessfulbuild".
  Touching "dummy.dir\Debug\dummy.tlog\dummy.lastbuildstate".
Done Building Project "C:\Users\hacker\source\repos\buildx64\dynamorio\tools\dummy.vcxproj" (default targets).

Project "C:\Users\hacker\source\repos\buildx64\ALL_BUILD.vcxproj" (1) is building "C:\Users\hacker\source\repos\buildx6
4\dynamorio\libutil\dumpevts.vcxproj" (85) on node 1 (default targets).
PrepareForBuild:
  Creating directory "dumpevts.dir\Debug\".
  Structured output is enabled. The formatting of compiler diagnostics will reflect the error hierarchy. See https://ak
  a.ms/cpp/structured-output for more details.
  Creating directory "dumpevts.dir\Debug\dumpevts.tlog\".
InitializeBuildStatus:
  Creating "dumpevts.dir\Debug\dumpevts.tlog\unsuccessfulbuild" because "AlwaysCreate" was specified.
  Touching "dumpevts.dir\Debug\dumpevts.tlog\unsuccessfulbuild".
CustomBuild:
  Building Custom Rule C:/Users/hacker/source/repos/drltrace/drltrace_src/dynamorio/libutil/CMakeLists.txt
ClCompile:
  C:\Program Files\Microsoft Visual Studio\2022\Community\VC\Tools\MSVC\14.39.33519\bin\HostX64\x64\CL.exe /c /IC:\User
  s\hacker\source\repos\drltrace\drltrace_src\dynamorio\core\win32 /IC:\Users\hacker\source\repos\buildx64\dynamorio /I
  C:\Users\hacker\source\repos\drltrace\drltrace_src\dynamorio\core\arch\x86 /IC:\Users\hacker\source\repos\drltrace\dr
  ltrace_src\dynamorio\core\arch /IC:\Users\hacker\source\repos\drltrace\drltrace_src\dynamorio\core\lib /Zi /nologo /W
  4 /WX /diagnostics:column /MP /Od /D _UNICODE /D UNICODE /D RC_IS_DUMPEVTS /D NOT_DYNAMORIO_CORE /D SHOW_SYMBOLS /D N
  OT_DYNAMORIO_CORE_PROPER /D _CRT_SECURE_NO_WARNINGS /D UNICODE /D _UNICODE /D HOT_PATCHING_INTERFACE /D "CMAKE_INTDIR
  =\"Debug\"" /GF /MTd /GS- /fp:precise /Zc:wchar_t /Zc:forScope /Zc:inline /Fo"dumpevts.dir\Debug\\" /Fd"dumpevts.dir\
  Debug\vc143.pdb" /external:W4 /Gd /TC /wd4996 /wd4047 /wd4024 /wd4133 /wd4127 /wd4100 /wd4292 /wd4127 /wd4100 /errorR
  eport:queue  /FS C:\Users\hacker\source\repos\drltrace\drltrace_src\dynamorio\libutil\dumpevts.c C:\Users\hacker\sour
  ce\repos\drltrace\drltrace_src\dynamorio\libutil\elm.c
  dumpevts.c
  elm.c
ResourceCompile:
  C:\Program Files (x86)\Windows Kits\10\bin\10.0.22621.0\x64\rc.exe /D _UNICODE /D UNICODE /D WIN32 /D _DEBUG /D RC_IS
  _DUMPEVTS /D NOT_DYNAMORIO_CORE /D SHOW_SYMBOLS /D NOT_DYNAMORIO_CORE_PROPER /D _CRT_SECURE_NO_WARNINGS /D UNICODE /D
   _UNICODE /D HOT_PATCHING_INTERFACE /D "CMAKE_INTDIR=\\\"Debug\\\"" /l"0x0409" /IC:\Users\hacker\source\repos\drltrac
  e\drltrace_src\dynamorio\core\win32 /IC:\Users\hacker\source\repos\buildx64\dynamorio /IC:\Users\hacker\source\repos\
  drltrace\drltrace_src\dynamorio\core\arch\x86 /IC:\Users\hacker\source\repos\drltrace\drltrace_src\dynamorio\core\arc
  h /IC:\Users\hacker\source\repos\drltrace\drltrace_src\dynamorio\core\lib /nologo /fo"dumpevts.dir\Debug\resources.re
  s" C:\Users\hacker\source\repos\drltrace\drltrace_src\dynamorio\core\win32\resources.rc
Link:
  C:\Program Files\Microsoft Visual Studio\2022\Community\VC\Tools\MSVC\14.39.33519\bin\HostX64\x64\link.exe /ERRORREPO
  RT:QUEUE /OUT:"C:\Users\hacker\source\repos\buildx64\dynamorio\bin64\dumpevts.exe" /INCREMENTAL /ILK:"dumpevts.dir\De
  bug\dumpevts.ilk" /NOLOGO kernel32.lib user32.lib gdi32.lib winspool.lib shell32.lib ole32.lib oleaut32.lib uuid.lib
  comdlg32.lib advapi32.lib /MANIFEST /MANIFESTUAC:"level='asInvoker' uiAccess='false'" /manifest:embed /DEBUG /PDB:"C:
  /Users/hacker/source/repos/buildx64/dynamorio/bin64/dumpevts.pdb" /SUBSYSTEM:CONSOLE /TLBID:1 /DYNAMICBASE /NXCOMPAT
  /IMPLIB:"C:/Users/hacker/source/repos/buildx64/dynamorio/lib64/dumpevts.lib" /MACHINE:X64  /machine:x64 /subsystem:co
  nsole,5.02 /opt:ref /opt:icf /pdbcompress /nodefaultlib:libc.lib dumpevts.dir\Debug\resources.res
  dumpevts.dir\Debug\dumpevts.obj
  dumpevts.dir\Debug\elm.obj
LINK : warning LNK4075: ignoring '/INCREMENTAL' due to '/OPT:ICF' specification [C:\Users\hacker\source\repos\buildx64\
dynamorio\libutil\dumpevts.vcxproj]
  dumpevts.vcxproj -> C:\Users\hacker\source\repos\buildx64\dynamorio\bin64\dumpevts.exe
FinalizeBuildStatus:
  Deleting file "dumpevts.dir\Debug\dumpevts.tlog\unsuccessfulbuild".
  Touching "dumpevts.dir\Debug\dumpevts.tlog\dumpevts.lastbuildstate".
Done Building Project "C:\Users\hacker\source\repos\buildx64\dynamorio\libutil\dumpevts.vcxproj" (default targets).

Project "C:\Users\hacker\source\repos\buildx64\ALL_BUILD.vcxproj" (1) is building "C:\Users\hacker\source\repos\buildx6
4\dynamorio\core\dynamorio_static.vcxproj" (86) on node 1 (default targets).
PrepareForBuild:
  Creating directory "dynamorio_static.dir\Debug\".
  Structured output is enabled. The formatting of compiler diagnostics will reflect the error hierarchy. See https://ak
  a.ms/cpp/structured-output for more details.
  Creating directory "dynamorio_static.dir\Debug\dynamorio_static.tlog\".
InitializeBuildStatus:
  Creating "dynamorio_static.dir\Debug\dynamorio_static.tlog\unsuccessfulbuild" because "AlwaysCreate" was specified.
  Touching "dynamorio_static.dir\Debug\dynamorio_static.tlog\unsuccessfulbuild".
CustomBuild:
  Building Custom Rule C:/Users/hacker/source/repos/drltrace/drltrace_src/dynamorio/core/CMakeLists.txt
ClCompile:
  C:\Program Files\Microsoft Visual Studio\2022\Community\VC\Tools\MSVC\14.39.33519\bin\HostX64\x64\CL.exe /c /IC:\User
  s\hacker\source\repos\drltrace\drltrace_src\dynamorio\core\drlibc /IC:\Users\hacker\source\repos\drltrace\drltrace_sr
  c\dynamorio\core\arch\x86 /IC:\Users\hacker\source\repos\drltrace\drltrace_src\dynamorio\core\win32 /IC:\Users\hacker
  \source\repos\drltrace\drltrace_src\dynamorio\core\arch /IC:\Users\hacker\source\repos\drltrace\drltrace_src\dynamori
  o\core\lib /IC:\Users\hacker\source\repos\buildx64\dynamorio /IC:\Users\hacker\source\repos\buildx64\dynamorio\includ
  e\annotations /Zi /nologo /W4 /WX /diagnostics:column /MP /Od /D _MBCS /D RC_IS_CORE /D INCLUDE_EVENTS /D STATIC_LIBR
  ARY /D SHOW_SYMBOLS /D "CMAKE_INTDIR=\"Debug\"" /GF /MTd /GS- /fp:precise /Zc:wchar_t /Zc:forScope /Zc:inline /Fo"dyn
  amorio_static.dir\Debug\\" /Fd"C:\Users\hacker\source\repos\buildx64\dynamorio\lib64\debug\dynamorio_static.pdb" /ext
  ernal:W4 /Gd /TC /errorReport:queue  /FS /Gs65536 C:\Users\hacker\source\repos\drltrace\drltrace_src\dynamorio\core\o
  ptions.c C:\Users\hacker\source\repos\drltrace\drltrace_src\dynamorio\core\dynamo.c C:\Users\hacker\source\repos\drlt
  race\drltrace_src\dynamorio\core\fragment.c C:\Users\hacker\source\repos\drltrace\drltrace_src\dynamorio\core\fcache.
  c C:\Users\hacker\source\repos\drltrace\drltrace_src\dynamorio\core\link.c C:\Users\hacker\source\repos\drltrace\drlt
  race_src\dynamorio\core\dispatch.c C:\Users\hacker\source\repos\drltrace\drltrace_src\dynamorio\core\emit.c C:\Users\
  hacker\source\repos\drltrace\drltrace_src\dynamorio\core\utils.c C:\Users\hacker\source\repos\drltrace\drltrace_src\d
  ynamorio\core\config.c C:\Users\hacker\source\repos\drltrace\drltrace_src\dynamorio\core\stats.c C:\Users\hacker\sour
  ce\repos\drltrace\drltrace_src\dynamorio\core\heap.c C:\Users\hacker\source\repos\drltrace\drltrace_src\dynamorio\cor
  e\monitor.c C:\Users\hacker\source\repos\drltrace\drltrace_src\dynamorio\core\perfctr.c C:\Users\hacker\source\repos\
  drltrace\drltrace_src\dynamorio\core\vmareas.c C:\Users\hacker\source\repos\drltrace\drltrace_src\dynamorio\core\rct.
  c C:\Users\hacker\source\repos\drltrace\drltrace_src\dynamorio\core\hotpatch.c C:\Users\hacker\source\repos\drltrace\
  drltrace_src\dynamorio\core\hashtable.c C:\Users\hacker\source\repos\drltrace\drltrace_src\dynamorio\core\module_list
  .c C:\Users\hacker\source\repos\drltrace\drltrace_src\dynamorio\core\moduledb.c C:\Users\hacker\source\repos\drltrace
  \drltrace_src\dynamorio\core\perscache.c C:\Users\hacker\source\repos\drltrace\drltrace_src\dynamorio\core\nudge.c C:
  \Users\hacker\source\repos\drltrace\drltrace_src\dynamorio\core\synch.c C:\Users\hacker\source\repos\drltrace\drltrac
  e_src\dynamorio\core\buildmark.c C:\Users\hacker\source\repos\drltrace\drltrace_src\dynamorio\core\loader_shared.c C:
  \Users\hacker\source\repos\drltrace\drltrace_src\dynamorio\core\io.c C:\Users\hacker\source\repos\drltrace\drltrace_s
  rc\dynamorio\core\native_exec.c C:\Users\hacker\source\repos\drltrace\drltrace_src\dynamorio\core\lib\instrument.c C:
  \Users\hacker\source\repos\drltrace\drltrace_src\dynamorio\core\translate.c C:\Users\hacker\source\repos\drltrace\drl
  trace_src\dynamorio\core\annotations.c C:\Users\hacker\source\repos\drltrace\drltrace_src\dynamorio\core\jit_opt.c C:
  \Users\hacker\source\repos\drltrace\drltrace_src\dynamorio\core\arch\arch.c C:\Users\hacker\source\repos\drltrace\drl
  trace_src\dynamorio\core\arch\emit_utils_shared.c C:\Users\hacker\source\repos\drltrace\drltrace_src\dynamorio\core\a
  rch\x86\emit_utils.c C:\Users\hacker\source\repos\drltrace\drltrace_src\dynamorio\core\arch\opnd_shared.c C:\Users\ha
  cker\source\repos\drltrace\drltrace_src\dynamorio\core\arch\x86\opnd.c C:\Users\hacker\source\repos\drltrace\drltrace
  _src\dynamorio\core\arch\instr_shared.c C:\Users\hacker\source\repos\drltrace\drltrace_src\dynamorio\core\arch\x86\in
  str.c C:\Users\hacker\source\repos\drltrace\drltrace_src\dynamorio\core\arch\instrlist.c C:\Users\hacker\source\repos
  \drltrace\drltrace_src\dynamorio\core\arch\decode_shared.c C:\Users\hacker\source\repos\drltrace\drltrace_src\dynamor
  io\core\arch\x86\decode.c C:\Users\hacker\source\repos\drltrace\drltrace_src\dynamorio\core\arch\encode_shared.c C:\U
  sers\hacker\source\repos\drltrace\drltrace_src\dynamorio\core\arch\x86\encode.c C:\Users\hacker\source\repos\drltrace
  \drltrace_src\dynamorio\core\arch\disassemble_shared.c C:\Users\hacker\source\repos\drltrace\drltrace_src\dynamorio\c
  ore\arch\x86\disassemble.c C:\Users\hacker\source\repos\drltrace\drltrace_src\dynamorio\core\arch\x86\decode_table.c
  C:\Users\hacker\source\repos\drltrace\drltrace_src\dynamorio\core\arch\x86\decode_fast.c C:\Users\hacker\source\repos
  \drltrace\drltrace_src\dynamorio\core\arch\interp.c C:\Users\hacker\source\repos\drltrace\drltrace_src\dynamorio\core
  \arch\proc_shared.c C:\Users\hacker\source\repos\drltrace\drltrace_src\dynamorio\core\arch\x86\proc.c C:\Users\hacker
  \source\repos\drltrace\drltrace_src\dynamorio\core\arch\mangle_shared.c C:\Users\hacker\source\repos\drltrace\drltrac
  e_src\dynamorio\core\arch\mangle_utils.c C:\Users\hacker\source\repos\drltrace\drltrace_src\dynamorio\core\arch\x86\m
  angle.c C:\Users\hacker\source\repos\drltrace\drltrace_src\dynamorio\core\arch\clean_call_opt_shared.c C:\Users\hacke
  r\source\repos\drltrace\drltrace_src\dynamorio\core\arch\x86\clean_call_opt.c C:\Users\hacker\source\repos\drltrace\d
  rltrace_src\dynamorio\core\arch\steal_reg.c C:\Users\hacker\source\repos\drltrace\drltrace_src\dynamorio\core\arch\x8
  6_code.c C:\Users\hacker\source\repos\drltrace\drltrace_src\dynamorio\core\arch\x86\optimize.c C:\Users\hacker\source
  \repos\drltrace\drltrace_src\dynamorio\core\arch\sideline.c C:\Users\hacker\source\repos\drltrace\drltrace_src\dynamo
  rio\core\arch\retcheck.c C:\Users\hacker\source\repos\drltrace\drltrace_src\dynamorio\core\arch\x86\x86_to_x64.c C:\U
  sers\hacker\source\repos\drltrace\drltrace_src\dynamorio\core\win32\eventlog.c C:\Users\hacker\source\repos\drltrace\
  drltrace_src\dynamorio\core\win32\os.c C:\Users\hacker\source\repos\drltrace\drltrace_src\dynamorio\core\win32\syscal
  l.c C:\Users\hacker\source\repos\drltrace\drltrace_src\dynamorio\core\win32\callback.c C:\Users\hacker\source\repos\d
  rltrace\drltrace_src\dynamorio\core\win32\drmarker.c C:\Users\hacker\source\repos\drltrace\drltrace_src\dynamorio\cor
  e\win32\ntdll.c C:\Users\hacker\source\repos\drltrace\drltrace_src\dynamorio\core\win32\ntdll_shared.c C:\Users\hacke
  r\source\repos\drltrace\drltrace_src\dynamorio\core\win32\inject.c C:\Users\hacker\source\repos\drltrace\drltrace_src
  \dynamorio\core\win32\inject_shared.c C:\Users\hacker\source\repos\drltrace\drltrace_src\dynamorio\core\win32\module.
  c C:\Users\hacker\source\repos\drltrace\drltrace_src\dynamorio\core\win32\module_shared.c C:\Users\hacker\source\repo
  s\drltrace\drltrace_src\dynamorio\core\win32\native_pe.c C:\Users\hacker\source\repos\drltrace\drltrace_src\dynamorio
  \core\win32\diagnost.c C:\Users\hacker\source\repos\drltrace\drltrace_src\dynamorio\core\win32\aslr.c C:\Users\hacker
  \source\repos\drltrace\drltrace_src\dynamorio\core\win32\loader.c C:\Users\hacker\source\repos\drltrace\drltrace_src\
  dynamorio\core\win32\drwinapi\drwinapi.c C:\Users\hacker\source\repos\drltrace\drltrace_src\dynamorio\core\win32\drwi
  napi\ntdll_redir.c C:\Users\hacker\source\repos\drltrace\drltrace_src\dynamorio\core\win32\drwinapi\kernel32_redir.c
  C:\Users\hacker\source\repos\drltrace\drltrace_src\dynamorio\core\win32\drwinapi\kernel32_proc.c C:\Users\hacker\sour
  ce\repos\drltrace\drltrace_src\dynamorio\core\win32\drwinapi\kernel32_lib.c C:\Users\hacker\source\repos\drltrace\drl
  trace_src\dynamorio\core\win32\drwinapi\kernel32_mem.c C:\Users\hacker\source\repos\drltrace\drltrace_src\dynamorio\c
  ore\win32\drwinapi\kernel32_file.c C:\Users\hacker\source\repos\drltrace\drltrace_src\dynamorio\core\win32\drwinapi\k
  ernel32_sync.c C:\Users\hacker\source\repos\drltrace\drltrace_src\dynamorio\core\win32\drwinapi\kernel32_misc.c C:\Us
  ers\hacker\source\repos\drltrace\drltrace_src\dynamorio\core\win32\drwinapi\rpcrt4_redir.c C:\Users\hacker\source\rep
  os\drltrace\drltrace_src\dynamorio\core\win32\drwinapi\advapi32_redir.c
  options.c
  dynamo.c
  fragment.c
  fcache.c
  link.c
  dispatch.c
  emit.c
  utils.c
  config.c
  stats.c
  heap.c
  monitor.c
  perfctr.c
  vmareas.c
  rct.c
  hotpatch.c
  hashtable.c
  module_list.c
  moduledb.c
  perscache.c
  nudge.c
  synch.c
  buildmark.c
  loader_shared.c
  io.c
  native_exec.c
  instrument.c
  translate.c
  annotations.c
  jit_opt.c
  arch.c
  emit_utils_shared.c
  emit_utils.c
  opnd_shared.c
  opnd.c
  instr_shared.c
  instr.c
  instrlist.c
  decode_shared.c
  decode.c
  encode_shared.c
  encode.c
  disassemble_shared.c
  disassemble.c
  decode_table.c
  decode_fast.c
  interp.c
  proc_shared.c
  proc.c
  mangle_shared.c
  mangle_utils.c
  mangle.c
  clean_call_opt_shared.c
  clean_call_opt.c
  steal_reg.c
  x86_code.c
  optimize.c
  sideline.c
  retcheck.c
  x86_to_x64.c
  eventlog.c
  os.c
  syscall.c
  callback.c
  drmarker.c
  ntdll.c
  ntdll_shared.c
  inject.c
  inject_shared.c
  module.c
  module_shared.c
  native_pe.c
  diagnost.c
  aslr.c
  loader.c
  drwinapi.c
  ntdll_redir.c
  kernel32_redir.c
  kernel32_proc.c
  kernel32_lib.c
  kernel32_mem.c
  kernel32_file.c
  kernel32_sync.c
  kernel32_misc.c
  rpcrt4_redir.c
  advapi32_redir.c
ResourceCompile:
  C:\Program Files (x86)\Windows Kits\10\bin\10.0.22621.0\x64\rc.exe /D WIN32 /D _DEBUG /D RC_IS_CORE /D INCLUDE_EVENTS
   /D STATIC_LIBRARY /D SHOW_SYMBOLS /D "CMAKE_INTDIR=\\\"Debug\\\"" /l"0x0409" /IC:\Users\hacker\source\repos\drltrace
  \drltrace_src\dynamorio\core\drlibc /IC:\Users\hacker\source\repos\drltrace\drltrace_src\dynamorio\core\arch\x86 /IC:
  \Users\hacker\source\repos\drltrace\drltrace_src\dynamorio\core\win32 /IC:\Users\hacker\source\repos\drltrace\drltrac
  e_src\dynamorio\core\arch /IC:\Users\hacker\source\repos\drltrace\drltrace_src\dynamorio\core\lib /IC:\Users\hacker\s
  ource\repos\buildx64\dynamorio /IC:\Users\hacker\source\repos\buildx64\dynamorio\include\annotations /nologo /fo"dyna
  morio_static.dir\Debug\resources.res" C:\Users\hacker\source\repos\drltrace\drltrace_src\dynamorio\core\win32\resourc
  es.rc
Lib:
  C:\Program Files\Microsoft Visual Studio\2022\Community\VC\Tools\MSVC\14.39.33519\bin\HostX64\x64\Lib.exe /OUT:"C:\Us
  ers\hacker\source\repos\buildx64\dynamorio\lib64\debug\dynamorio_static.lib" /NOLOGO /MACHINE:X64  /machine:x64 dynam
  orio_static.dir\Debug\resources.res
  dynamorio_static.dir\Debug\options.obj
  dynamorio_static.dir\Debug\dynamo.obj
  dynamorio_static.dir\Debug\fragment.obj
  dynamorio_static.dir\Debug\fcache.obj
  dynamorio_static.dir\Debug\link.obj
  dynamorio_static.dir\Debug\dispatch.obj
  dynamorio_static.dir\Debug\emit.obj
  dynamorio_static.dir\Debug\utils.obj
  dynamorio_static.dir\Debug\config.obj
  dynamorio_static.dir\Debug\stats.obj
  dynamorio_static.dir\Debug\heap.obj
  dynamorio_static.dir\Debug\monitor.obj
  dynamorio_static.dir\Debug\perfctr.obj
  dynamorio_static.dir\Debug\vmareas.obj
  dynamorio_static.dir\Debug\rct.obj
  dynamorio_static.dir\Debug\hotpatch.obj
  dynamorio_static.dir\Debug\hashtable.obj
  dynamorio_static.dir\Debug\module_list.obj
  dynamorio_static.dir\Debug\moduledb.obj
  dynamorio_static.dir\Debug\perscache.obj
  dynamorio_static.dir\Debug\nudge.obj
  dynamorio_static.dir\Debug\synch.obj
  dynamorio_static.dir\Debug\buildmark.obj
  dynamorio_static.dir\Debug\loader_shared.obj
  dynamorio_static.dir\Debug\io.obj
  dynamorio_static.dir\Debug\native_exec.obj
  dynamorio_static.dir\Debug\instrument.obj
  dynamorio_static.dir\Debug\translate.obj
  dynamorio_static.dir\Debug\annotations.obj
  dynamorio_static.dir\Debug\jit_opt.obj
  dynamorio_static.dir\Debug\arch.obj
  dynamorio_static.dir\Debug\emit_utils_shared.obj
  dynamorio_static.dir\Debug\emit_utils.obj
  dynamorio_static.dir\Debug\opnd_shared.obj
  dynamorio_static.dir\Debug\opnd.obj
  dynamorio_static.dir\Debug\instr_shared.obj
  dynamorio_static.dir\Debug\instr.obj
  dynamorio_static.dir\Debug\instrlist.obj
  dynamorio_static.dir\Debug\decode_shared.obj
  dynamorio_static.dir\Debug\decode.obj
  dynamorio_static.dir\Debug\encode_shared.obj
  dynamorio_static.dir\Debug\encode.obj
  dynamorio_static.dir\Debug\disassemble_shared.obj
  dynamorio_static.dir\Debug\disassemble.obj
  dynamorio_static.dir\Debug\decode_table.obj
  dynamorio_static.dir\Debug\decode_fast.obj
  dynamorio_static.dir\Debug\interp.obj
  dynamorio_static.dir\Debug\proc_shared.obj
  dynamorio_static.dir\Debug\proc.obj
  dynamorio_static.dir\Debug\mangle_shared.obj
  dynamorio_static.dir\Debug\mangle_utils.obj
  dynamorio_static.dir\Debug\mangle.obj
  dynamorio_static.dir\Debug\clean_call_opt_shared.obj
  dynamorio_static.dir\Debug\clean_call_opt.obj
  dynamorio_static.dir\Debug\steal_reg.obj
  dynamorio_static.dir\Debug\x86_code.obj
  dynamorio_static.dir\Debug\optimize.obj
  dynamorio_static.dir\Debug\sideline.obj
  dynamorio_static.dir\Debug\retcheck.obj
  dynamorio_static.dir\Debug\x86_to_x64.obj
  dynamorio_static.dir\Debug\eventlog.obj
  dynamorio_static.dir\Debug\os.obj
  dynamorio_static.dir\Debug\syscall.obj
  dynamorio_static.dir\Debug\callback.obj
  dynamorio_static.dir\Debug\drmarker.obj
  dynamorio_static.dir\Debug\ntdll.obj
  dynamorio_static.dir\Debug\ntdll_shared.obj
  dynamorio_static.dir\Debug\inject.obj
  dynamorio_static.dir\Debug\inject_shared.obj
  dynamorio_static.dir\Debug\module.obj
  dynamorio_static.dir\Debug\module_shared.obj
  dynamorio_static.dir\Debug\native_pe.obj
  dynamorio_static.dir\Debug\diagnost.obj
  dynamorio_static.dir\Debug\aslr.obj
  dynamorio_static.dir\Debug\loader.obj
  dynamorio_static.dir\Debug\drwinapi.obj
  dynamorio_static.dir\Debug\ntdll_redir.obj
  dynamorio_static.dir\Debug\kernel32_redir.obj
  dynamorio_static.dir\Debug\kernel32_proc.obj
  dynamorio_static.dir\Debug\kernel32_lib.obj
  dynamorio_static.dir\Debug\kernel32_mem.obj
  dynamorio_static.dir\Debug\kernel32_file.obj
  dynamorio_static.dir\Debug\kernel32_sync.obj
  dynamorio_static.dir\Debug\kernel32_misc.obj
  dynamorio_static.dir\Debug\rpcrt4_redir.obj
  dynamorio_static.dir\Debug\advapi32_redir.obj
  C:\Users\hacker\source\repos\buildx64\dynamorio\core\x86.asm_core.obj
  dynamorio_static.vcxproj -> C:\Users\hacker\source\repos\buildx64\dynamorio\lib64\debug\dynamorio_static.lib
FinalizeBuildStatus:
  Deleting file "dynamorio_static.dir\Debug\dynamorio_static.tlog\unsuccessfulbuild".
  Touching "dynamorio_static.dir\Debug\dynamorio_static.tlog\dynamorio_static.lastbuildstate".
Done Building Project "C:\Users\hacker\source\repos\buildx64\dynamorio\core\dynamorio_static.vcxproj" (default targets)
.

Project "C:\Users\hacker\source\repos\buildx64\ALL_BUILD.vcxproj" (1) is building "C:\Users\hacker\source\repos\buildx6
4\dynamorio\api\samples\empty.vcxproj" (87) on node 1 (default targets).
PrepareForBuild:
  Creating directory "empty.dir\Debug\".
  Structured output is enabled. The formatting of compiler diagnostics will reflect the error hierarchy. See https://ak
  a.ms/cpp/structured-output for more details.
  Creating directory "empty.dir\Debug\empty.tlog\".
InitializeBuildStatus:
  Creating "empty.dir\Debug\empty.tlog\unsuccessfulbuild" because "AlwaysCreate" was specified.
  Touching "empty.dir\Debug\empty.tlog\unsuccessfulbuild".
CustomBuild:
  Building Custom Rule C:/Users/hacker/source/repos/drltrace/drltrace_src/dynamorio/api/samples/CMakeLists.txt
ClCompile:
  C:\Program Files\Microsoft Visual Studio\2022\Community\VC\Tools\MSVC\14.39.33519\bin\HostX64\x64\CL.exe /c /IC:\User
  s\hacker\source\repos\buildx64\dynamorio /IC:\Users\hacker\source\repos\buildx64\dynamorio\cmake\..\include /IC:\User
  s\hacker\source\repos\buildx64\dynamorio\api\samples\..\..\ext\include /Zi /nologo /W4 /WX /diagnostics:column /MP /O
  2 /D _WINDLL /D _MBCS /D DEBUG /D X86_64 /D WINDOWS /D SHOW_SYMBOLS /D _CRT_SECURE_NO_WARNINGS /D "CMAKE_INTDIR=\"Deb
  ug\"" /D empty_EXPORTS /GF /MTd /GS- /fp:precise /Zc:wchar_t /Zc:forScope /Zc:inline /Fo"empty.dir\Debug\\" /Fd"empty
  .dir\Debug\vc143.pdb" /external:W4 /Gd /TC /wd4100 /wd4127 /wd4054 /errorReport:queue  /FS C:\Users\hacker\source\rep
  os\drltrace\drltrace_src\dynamorio\api\samples\empty.c
  empty.c
Link:
  C:\Program Files\Microsoft Visual Studio\2022\Community\VC\Tools\MSVC\14.39.33519\bin\HostX64\x64\link.exe /ERRORREPO
  RT:QUEUE /OUT:"C:\Users\hacker\source\repos\buildx64\dynamorio\api\bin\empty.dll" /INCREMENTAL /ILK:"empty.dir\Debug\
  empty.ilk" /NOLOGO libcmtd.lib libvcruntimed.lib libucrtd.lib ..\..\lib64\debug\dynamorio.lib kernel32.lib user32.lib
   gdi32.lib winspool.lib shell32.lib ole32.lib oleaut32.lib uuid.lib comdlg32.lib advapi32.lib /MANIFEST /MANIFESTUAC:
  "level='asInvoker' uiAccess='false'" /manifest:embed /DEBUG /PDB:"C:/Users/hacker/source/repos/buildx64/dynamorio/api
  /bin/empty.pdb" /SUBSYSTEM:CONSOLE /TLBID:1 /DYNAMICBASE /NXCOMPAT /IMPLIB:"C:/Users/hacker/source/repos/buildx64/dyn
  amorio/api/bin/empty.lib" /MACHINE:X64  /machine:x64 /subsystem:console,5.02 /opt:ref /opt:icf /pdbcompress /opt:ref
  /opt:icf /pdbcompress /nodefaultlib /base:0x72000000 /dynamicbase:no /DLL empty.dir\Debug\empty.obj
LINK : warning LNK4075: ignoring '/INCREMENTAL' due to '/OPT:ICF' specification [C:\Users\hacker\source\repos\buildx64\
dynamorio\api\samples\empty.vcxproj]
     Creating library C:/Users/hacker/source/repos/buildx64/dynamorio/api/bin/empty.lib and object C:/Users/hacker/sour
  ce/repos/buildx64/dynamorio/api/bin/empty.exp
LINK : warning LNK4281: undesirable base address 0x72000000 for x64 image; set base address above 4GB for best ASLR opt
imization [C:\Users\hacker\source\repos\buildx64\dynamorio\api\samples\empty.vcxproj]
  empty.vcxproj -> C:\Users\hacker\source\repos\buildx64\dynamorio\api\bin\empty.dll
PostBuildEvent:
  setlocal
  "C:\Program Files\CMake\bin\cmake.exe" -E echo "Usage: pass to drconfig or drrun: -c C:/Users/hacker/source/repos/bui
  ldx64/dynamorio/api/samples/../bin/empty.dll"
  if %errorlevel% neq 0 goto :cmEnd
  :cmEnd
  endlocal & call :cmErrorLevel %errorlevel% & goto :cmDone
  :cmErrorLevel
  exit /b %1
  :cmDone
  if %errorlevel% neq 0 goto :VCEnd
  :VCEnd
  Usage: pass to drconfig or drrun: -c C:/Users/hacker/source/repos/buildx64/dynamorio/api/samples/../bin/empty.dll
FinalizeBuildStatus:
  Deleting file "empty.dir\Debug\empty.tlog\unsuccessfulbuild".
  Touching "empty.dir\Debug\empty.tlog\empty.lastbuildstate".
Done Building Project "C:\Users\hacker\source\repos\buildx64\dynamorio\api\samples\empty.vcxproj" (default targets).

Project "C:\Users\hacker\source\repos\buildx64\ALL_BUILD.vcxproj" (1) is building "C:\Users\hacker\source\repos\buildx6
4\dynamorio\clients\drcachesim\histogram_launcher.vcxproj" (88) on node 1 (default targets).
PrepareForBuild:
  Creating directory "histogram_launcher.dir\Debug\".
  Structured output is enabled. The formatting of compiler diagnostics will reflect the error hierarchy. See https://ak
  a.ms/cpp/structured-output for more details.
  Creating directory "histogram_launcher.dir\Debug\histogra.5A58CDFE.tlog\".
InitializeBuildStatus:
  Creating "histogram_launcher.dir\Debug\histogra.5A58CDFE.tlog\unsuccessfulbuild" because "AlwaysCreate" was specified
  .
  Touching "histogram_launcher.dir\Debug\histogra.5A58CDFE.tlog\unsuccessfulbuild".
CustomBuild:
  Building Custom Rule C:/Users/hacker/source/repos/drltrace/drltrace_src/dynamorio/clients/drcachesim/CMakeLists.txt
ClCompile:
  C:\Program Files\Microsoft Visual Studio\2022\Community\VC\Tools\MSVC\14.39.33519\bin\HostX64\x64\CL.exe /c /IC:\User
  s\hacker\source\repos\buildx64\dynamorio /IC:\Users\hacker\source\repos\buildx64\dynamorio\cmake\..\include /IC:\User
  s\hacker\source\repos\buildx64\dynamorio\ext\include /IC:\Users\hacker\source\repos\drltrace\drltrace_src\dynamorio\c
  lients\drcachesim\common /IC:\Users\hacker\source\repos\drltrace\drltrace_src\dynamorio\clients\drcachesim\reader /IC
  :\Users\hacker\source\repos\drltrace\drltrace_src\dynamorio\clients\drcachesim\tracer /IC:\Users\hacker\source\repos\
  drltrace\drltrace_src\dynamorio\clients\drcachesim /Zi /nologo /W4 /WX /diagnostics:column /MP /Od /D _MBCS /D DEBUG
  /D X64 /D X86_64 /D WINDOWS /D SHOW_SYMBOLS /D _CRT_SECURE_NO_WARNINGS /D "CMAKE_INTDIR=\"Debug\"" /GF /EHsc /MTd /GS
  - /fp:precise /Zc:wchar_t /Zc:forScope /Zc:inline /Fo"histogram_launcher.dir\Debug\\" /Fd"histogram_launcher.dir\Debu
  g\vc143.pdb" /external:W4 /Gd /TP /wd4100 /wd4127 /wd4054 /errorReport:queue  /FS C:\Users\hacker\source\repos\drltra
  ce\drltrace_src\dynamorio\clients\drcachesim\tools\histogram_launcher.cpp
  histogram_launcher.cpp
  C:\Program Files\Microsoft Visual Studio\2022\Community\VC\Tools\MSVC\14.39.33519\bin\HostX64\x64\CL.exe /c /IC:\User
  s\hacker\source\repos\buildx64\dynamorio /IC:\Users\hacker\source\repos\buildx64\dynamorio\cmake\..\include /IC:\User
  s\hacker\source\repos\buildx64\dynamorio\ext\include /IC:\Users\hacker\source\repos\drltrace\drltrace_src\dynamorio\c
  lients\drcachesim\common /IC:\Users\hacker\source\repos\drltrace\drltrace_src\dynamorio\clients\drcachesim\reader /IC
  :\Users\hacker\source\repos\drltrace\drltrace_src\dynamorio\clients\drcachesim\tracer /IC:\Users\hacker\source\repos\
  drltrace\drltrace_src\dynamorio\clients\drcachesim /Zi /nologo /W4 /WX /diagnostics:column /MP /Od /D _MBCS /D DEBUG
  /D X64 /D X86_64 /D WINDOWS /D SHOW_SYMBOLS /D _CRT_SECURE_NO_WARNINGS /D "CMAKE_INTDIR=\"Debug\"" /GF /EHsc /MTd /GS
  - /fp:precise /Zc:wchar_t /Zc:forScope /Zc:inline /Fo"histogram_launcher.dir\Debug\\" /Fd"histogram_launcher.dir\Debu
  g\vc143.pdb" /external:W4 /Gd /TP /wd4100 /wd4127 /wd4054 /wd4100 /wd4127 /wd4054 /errorReport:queue  /FS /FS C:\User
  s\hacker\source\repos\drltrace\drltrace_src\dynamorio\clients\drcachesim\tests\trace_invariants.cpp
  trace_invariants.cpp
Link:
  C:\Program Files\Microsoft Visual Studio\2022\Community\VC\Tools\MSVC\14.39.33519\bin\HostX64\x64\link.exe /ERRORREPO
  RT:QUEUE /OUT:"C:\Users\hacker\source\repos\buildx64\dynamorio\clients\bin64\histogram_launcher.exe" /INCREMENTAL /IL
  K:"histogram_launcher.dir\Debug\histogram_launcher.ilk" /NOLOGO ..\lib64\debug\drmemtrace_analyzer.lib ..\lib64\debug
  \drmemtrace_histogram.lib ..\..\lib64\drfrontendlib.lib ..\lib64\debug\directory_iterator.lib ..\..\lib64\drfrontendl
  ib.lib kernel32.lib user32.lib gdi32.lib winspool.lib shell32.lib ole32.lib oleaut32.lib uuid.lib comdlg32.lib advapi
  32.lib /MANIFEST /MANIFESTUAC:"level='asInvoker' uiAccess='false'" /manifest:embed /DEBUG /PDB:"C:/Users/hacker/sourc
  e/repos/buildx64/dynamorio/clients/bin64/histogram_launcher.pdb" /SUBSYSTEM:CONSOLE /TLBID:1 /DYNAMICBASE /NXCOMPAT /
  IMPLIB:"C:/Users/hacker/source/repos/buildx64/dynamorio/clients/lib64/debug/histogram_launcher.lib" /MACHINE:X64  /ma
  chine:x64 /subsystem:console,5.02 /opt:ref /opt:icf /pdbcompress /nodefaultlib:libcmt histogram_launcher.dir\Debug\hi
  stogram_launcher.obj
  histogram_launcher.dir\Debug\trace_invariants.obj
LINK : warning LNK4075: ignoring '/INCREMENTAL' due to '/OPT:ICF' specification [C:\Users\hacker\source\repos\buildx64\
dynamorio\clients\drcachesim\histogram_launcher.vcxproj]
  histogram_launcher.vcxproj -> C:\Users\hacker\source\repos\buildx64\dynamorio\clients\bin64\histogram_launcher.exe
FinalizeBuildStatus:
  Deleting file "histogram_launcher.dir\Debug\histogra.5A58CDFE.tlog\unsuccessfulbuild".
  Touching "histogram_launcher.dir\Debug\histogra.5A58CDFE.tlog\histogram_launcher.lastbuildstate".
Done Building Project "C:\Users\hacker\source\repos\buildx64\dynamorio\clients\drcachesim\histogram_launcher.vcxproj" (
default targets).

Project "C:\Users\hacker\source\repos\buildx64\ALL_BUILD.vcxproj" (1) is building "C:\Users\hacker\source\repos\buildx6
4\dynamorio\api\samples\hot_bbcount.vcxproj" (89) on node 1 (default targets).
PrepareForBuild:
  Creating directory "hot_bbcount.dir\Debug\".
  Structured output is enabled. The formatting of compiler diagnostics will reflect the error hierarchy. See https://ak
  a.ms/cpp/structured-output for more details.
  Creating directory "hot_bbcount.dir\Debug\hot_bbcount.tlog\".
InitializeBuildStatus:
  Creating "hot_bbcount.dir\Debug\hot_bbcount.tlog\unsuccessfulbuild" because "AlwaysCreate" was specified.
  Touching "hot_bbcount.dir\Debug\hot_bbcount.tlog\unsuccessfulbuild".
CustomBuild:
  Building Custom Rule C:/Users/hacker/source/repos/drltrace/drltrace_src/dynamorio/api/samples/CMakeLists.txt
ClCompile:
  C:\Program Files\Microsoft Visual Studio\2022\Community\VC\Tools\MSVC\14.39.33519\bin\HostX64\x64\CL.exe /c /IC:\User
  s\hacker\source\repos\buildx64\dynamorio /IC:\Users\hacker\source\repos\buildx64\dynamorio\cmake\..\include /IC:\User
  s\hacker\source\repos\buildx64\dynamorio\api\samples\..\..\ext\include /Zi /nologo /W4 /WX /diagnostics:column /MP /O
  2 /D _WINDLL /D _MBCS /D DEBUG /D X86_64 /D WINDOWS /D SHOW_SYMBOLS /D _CRT_SECURE_NO_WARNINGS /D "CMAKE_INTDIR=\"Deb
  ug\"" /D hot_bbcount_EXPORTS /GF /MTd /GS- /fp:precise /Zc:wchar_t /Zc:forScope /Zc:inline /Fo"hot_bbcount.dir\Debug\
  \" /Fd"hot_bbcount.dir\Debug\vc143.pdb" /external:W4 /Gd /TC /wd4100 /wd4127 /wd4054 /errorReport:queue  /FS C:\Users
  \hacker\source\repos\drltrace\drltrace_src\dynamorio\api\samples\hot_bbcount.c
  hot_bbcount.c
Link:
  C:\Program Files\Microsoft Visual Studio\2022\Community\VC\Tools\MSVC\14.39.33519\bin\HostX64\x64\link.exe /ERRORREPO
  RT:QUEUE /OUT:"C:\Users\hacker\source\repos\buildx64\dynamorio\api\bin\hot_bbcount.dll" /INCREMENTAL /ILK:"hot_bbcoun
  t.dir\Debug\hot_bbcount.ilk" /NOLOGO libcmtd.lib libvcruntimed.lib libucrtd.lib ..\..\ext\lib64\debug\drbbdup.lib ..\
  ..\ext\lib64\debug\drx.lib ..\..\ext\lib64\debug\drreg.lib ..\..\ext\lib64\debug\drmgr.lib ..\..\ext\lib64\debug\drco
  ntainers.lib ..\..\lib64\debug\dynamorio.lib ..\..\lib64\ntdll_imports.lib kernel32.lib user32.lib gdi32.lib winspool
  .lib shell32.lib ole32.lib oleaut32.lib uuid.lib comdlg32.lib advapi32.lib /MANIFEST /MANIFESTUAC:"level='asInvoker'
  uiAccess='false'" /manifest:embed /DEBUG /PDB:"C:/Users/hacker/source/repos/buildx64/dynamorio/api/bin/hot_bbcount.pd
  b" /SUBSYSTEM:CONSOLE /TLBID:1 /DYNAMICBASE /NXCOMPAT /IMPLIB:"C:/Users/hacker/source/repos/buildx64/dynamorio/api/bi
  n/hot_bbcount.lib" /MACHINE:X64  /machine:x64 /subsystem:console,5.02 /opt:ref /opt:icf /pdbcompress /opt:ref /opt:ic
  f /pdbcompress /nodefaultlib /base:0x72000000 /dynamicbase:no /DLL hot_bbcount.dir\Debug\hot_bbcount.obj
LINK : warning LNK4075: ignoring '/INCREMENTAL' due to '/OPT:ICF' specification [C:\Users\hacker\source\repos\buildx64\
dynamorio\api\samples\hot_bbcount.vcxproj]
     Creating library C:/Users/hacker/source/repos/buildx64/dynamorio/api/bin/hot_bbcount.lib and object C:/Users/hacke
  r/source/repos/buildx64/dynamorio/api/bin/hot_bbcount.exp
LINK : warning LNK4281: undesirable base address 0x72000000 for x64 image; set base address above 4GB for best ASLR opt
imization [C:\Users\hacker\source\repos\buildx64\dynamorio\api\samples\hot_bbcount.vcxproj]
  hot_bbcount.vcxproj -> C:\Users\hacker\source\repos\buildx64\dynamorio\api\bin\hot_bbcount.dll
PostBuildEvent:
  setlocal
  "C:\Program Files\CMake\bin\cmake.exe" -E echo "Usage: pass to drconfig or drrun: -c C:/Users/hacker/source/repos/bui
  ldx64/dynamorio/api/samples/../bin/hot_bbcount.dll"
  if %errorlevel% neq 0 goto :cmEnd
  :cmEnd
  endlocal & call :cmErrorLevel %errorlevel% & goto :cmDone
  :cmErrorLevel
  exit /b %1
  :cmDone
  if %errorlevel% neq 0 goto :VCEnd
  :VCEnd
  Usage: pass to drconfig or drrun: -c C:/Users/hacker/source/repos/buildx64/dynamorio/api/samples/../bin/hot_bbcount.d
  ll
FinalizeBuildStatus:
  Deleting file "hot_bbcount.dir\Debug\hot_bbcount.tlog\unsuccessfulbuild".
  Touching "hot_bbcount.dir\Debug\hot_bbcount.tlog\hot_bbcount.lastbuildstate".
Done Building Project "C:\Users\hacker\source\repos\buildx64\dynamorio\api\samples\hot_bbcount.vcxproj" (default target
s).

Project "C:\Users\hacker\source\repos\buildx64\ALL_BUILD.vcxproj" (1) is building "C:\Users\hacker\source\repos\buildx6
4\dynamorio\api\samples\inc2add.vcxproj" (90) on node 1 (default targets).
PrepareForBuild:
  Creating directory "inc2add.dir\Debug\".
  Structured output is enabled. The formatting of compiler diagnostics will reflect the error hierarchy. See https://ak
  a.ms/cpp/structured-output for more details.
  Creating directory "inc2add.dir\Debug\inc2add.tlog\".
InitializeBuildStatus:
  Creating "inc2add.dir\Debug\inc2add.tlog\unsuccessfulbuild" because "AlwaysCreate" was specified.
  Touching "inc2add.dir\Debug\inc2add.tlog\unsuccessfulbuild".
CustomBuild:
  Building Custom Rule C:/Users/hacker/source/repos/drltrace/drltrace_src/dynamorio/api/samples/CMakeLists.txt
ClCompile:
  C:\Program Files\Microsoft Visual Studio\2022\Community\VC\Tools\MSVC\14.39.33519\bin\HostX64\x64\CL.exe /c /IC:\User
  s\hacker\source\repos\buildx64\dynamorio /IC:\Users\hacker\source\repos\buildx64\dynamorio\cmake\..\include /IC:\User
  s\hacker\source\repos\buildx64\dynamorio\api\samples\..\..\ext\include /Zi /nologo /W4 /WX /diagnostics:column /MP /O
  2 /D _WINDLL /D _MBCS /D DEBUG /D X86_64 /D WINDOWS /D SHOW_SYMBOLS /D _CRT_SECURE_NO_WARNINGS /D "CMAKE_INTDIR=\"Deb
  ug\"" /D inc2add_EXPORTS /GF /MTd /GS- /fp:precise /Zc:wchar_t /Zc:forScope /Zc:inline /Fo"inc2add.dir\Debug\\" /Fd"i
  nc2add.dir\Debug\vc143.pdb" /external:W4 /Gd /TC /wd4100 /wd4127 /wd4054 /errorReport:queue  /FS C:\Users\hacker\sour
  ce\repos\drltrace\drltrace_src\dynamorio\api\samples\inc2add.c
  inc2add.c
Link:
  C:\Program Files\Microsoft Visual Studio\2022\Community\VC\Tools\MSVC\14.39.33519\bin\HostX64\x64\link.exe /ERRORREPO
  RT:QUEUE /OUT:"C:\Users\hacker\source\repos\buildx64\dynamorio\api\bin\inc2add.dll" /INCREMENTAL /ILK:"inc2add.dir\De
  bug\inc2add.ilk" /NOLOGO libcmtd.lib libvcruntimed.lib libucrtd.lib ..\..\ext\lib64\debug\drreg.lib ..\..\ext\lib64\d
  ebug\drmgr.lib ..\..\ext\lib64\debug\drcontainers.lib ..\..\lib64\debug\dynamorio.lib kernel32.lib user32.lib gdi32.l
  ib winspool.lib shell32.lib ole32.lib oleaut32.lib uuid.lib comdlg32.lib advapi32.lib /MANIFEST /MANIFESTUAC:"level='
  asInvoker' uiAccess='false'" /manifest:embed /DEBUG /PDB:"C:/Users/hacker/source/repos/buildx64/dynamorio/api/bin/inc
  2add.pdb" /SUBSYSTEM:CONSOLE /TLBID:1 /DYNAMICBASE /NXCOMPAT /IMPLIB:"C:/Users/hacker/source/repos/buildx64/dynamorio
  /api/bin/inc2add.lib" /MACHINE:X64  /machine:x64 /subsystem:console,5.02 /opt:ref /opt:icf /pdbcompress /opt:ref /opt
  :icf /pdbcompress /nodefaultlib /base:0x72000000 /dynamicbase:no /DLL inc2add.dir\Debug\inc2add.obj
LINK : warning LNK4075: ignoring '/INCREMENTAL' due to '/OPT:ICF' specification [C:\Users\hacker\source\repos\buildx64\
dynamorio\api\samples\inc2add.vcxproj]
     Creating library C:/Users/hacker/source/repos/buildx64/dynamorio/api/bin/inc2add.lib and object C:/Users/hacker/so
  urce/repos/buildx64/dynamorio/api/bin/inc2add.exp
LINK : warning LNK4281: undesirable base address 0x72000000 for x64 image; set base address above 4GB for best ASLR opt
imization [C:\Users\hacker\source\repos\buildx64\dynamorio\api\samples\inc2add.vcxproj]
  inc2add.vcxproj -> C:\Users\hacker\source\repos\buildx64\dynamorio\api\bin\inc2add.dll
PostBuildEvent:
  setlocal
  "C:\Program Files\CMake\bin\cmake.exe" -E echo "Usage: pass to drconfig or drrun: -c C:/Users/hacker/source/repos/bui
  ldx64/dynamorio/api/samples/../bin/inc2add.dll"
  if %errorlevel% neq 0 goto :cmEnd
  :cmEnd
  endlocal & call :cmErrorLevel %errorlevel% & goto :cmDone
  :cmErrorLevel
  exit /b %1
  :cmDone
  if %errorlevel% neq 0 goto :VCEnd
  :VCEnd
  Usage: pass to drconfig or drrun: -c C:/Users/hacker/source/repos/buildx64/dynamorio/api/samples/../bin/inc2add.dll
FinalizeBuildStatus:
  Deleting file "inc2add.dir\Debug\inc2add.tlog\unsuccessfulbuild".
  Touching "inc2add.dir\Debug\inc2add.tlog\inc2add.lastbuildstate".
Done Building Project "C:\Users\hacker\source\repos\buildx64\dynamorio\api\samples\inc2add.vcxproj" (default targets).

Project "C:\Users\hacker\source\repos\buildx64\ALL_BUILD.vcxproj" (1) is building "C:\Users\hacker\source\repos\buildx6
4\dynamorio\api\samples\inline.vcxproj" (91) on node 1 (default targets).
PrepareForBuild:
  Creating directory "inline.dir\Debug\".
  Structured output is enabled. The formatting of compiler diagnostics will reflect the error hierarchy. See https://ak
  a.ms/cpp/structured-output for more details.
  Creating directory "inline.dir\Debug\inline.tlog\".
InitializeBuildStatus:
  Creating "inline.dir\Debug\inline.tlog\unsuccessfulbuild" because "AlwaysCreate" was specified.
  Touching "inline.dir\Debug\inline.tlog\unsuccessfulbuild".
CustomBuild:
  Building Custom Rule C:/Users/hacker/source/repos/drltrace/drltrace_src/dynamorio/api/samples/CMakeLists.txt
ClCompile:
  C:\Program Files\Microsoft Visual Studio\2022\Community\VC\Tools\MSVC\14.39.33519\bin\HostX64\x64\CL.exe /c /IC:\User
  s\hacker\source\repos\buildx64\dynamorio /IC:\Users\hacker\source\repos\buildx64\dynamorio\cmake\..\include /IC:\User
  s\hacker\source\repos\buildx64\dynamorio\api\samples\..\..\ext\include /Zi /nologo /W4 /WX /diagnostics:column /MP /O
  2 /D _WINDLL /D _MBCS /D DEBUG /D X86_64 /D WINDOWS /D SHOW_SYMBOLS /D _CRT_SECURE_NO_WARNINGS /D "CMAKE_INTDIR=\"Deb
  ug\"" /D inline_EXPORTS /GF /MTd /GS- /fp:precise /Zc:wchar_t /Zc:forScope /Zc:inline /Fo"inline.dir\Debug\\" /Fd"inl
  ine.dir\Debug\vc143.pdb" /external:W4 /Gd /TC /wd4100 /wd4127 /wd4054 /errorReport:queue  /FS C:\Users\hacker\source\
  repos\drltrace\drltrace_src\dynamorio\api\samples\inline.c
  inline.c
Link:
  C:\Program Files\Microsoft Visual Studio\2022\Community\VC\Tools\MSVC\14.39.33519\bin\HostX64\x64\link.exe /ERRORREPO
  RT:QUEUE /OUT:"C:\Users\hacker\source\repos\buildx64\dynamorio\api\bin\inline.dll" /INCREMENTAL /ILK:"inline.dir\Debu
  g\inline.ilk" /NOLOGO libcmtd.lib libvcruntimed.lib libucrtd.lib ..\..\ext\lib64\debug\drmgr.lib ..\..\ext\lib64\debu
  g\drcontainers.lib ..\..\lib64\debug\dynamorio.lib kernel32.lib user32.lib gdi32.lib winspool.lib shell32.lib ole32.l
  ib oleaut32.lib uuid.lib comdlg32.lib advapi32.lib /MANIFEST /MANIFESTUAC:"level='asInvoker' uiAccess='false'" /manif
  est:embed /DEBUG /PDB:"C:/Users/hacker/source/repos/buildx64/dynamorio/api/bin/inline.pdb" /SUBSYSTEM:CONSOLE /TLBID:
  1 /DYNAMICBASE /NXCOMPAT /IMPLIB:"C:/Users/hacker/source/repos/buildx64/dynamorio/api/bin/inline.lib" /MACHINE:X64  /
  machine:x64 /subsystem:console,5.02 /opt:ref /opt:icf /pdbcompress /opt:ref /opt:icf /pdbcompress /nodefaultlib /base
  :0x72000000 /dynamicbase:no /DLL inline.dir\Debug\inline.obj
LINK : warning LNK4075: ignoring '/INCREMENTAL' due to '/OPT:ICF' specification [C:\Users\hacker\source\repos\buildx64\
dynamorio\api\samples\inline.vcxproj]
     Creating library C:/Users/hacker/source/repos/buildx64/dynamorio/api/bin/inline.lib and object C:/Users/hacker/sou
  rce/repos/buildx64/dynamorio/api/bin/inline.exp
LINK : warning LNK4281: undesirable base address 0x72000000 for x64 image; set base address above 4GB for best ASLR opt
imization [C:\Users\hacker\source\repos\buildx64\dynamorio\api\samples\inline.vcxproj]
  inline.vcxproj -> C:\Users\hacker\source\repos\buildx64\dynamorio\api\bin\inline.dll
PostBuildEvent:
  setlocal
  "C:\Program Files\CMake\bin\cmake.exe" -E echo "Usage: pass to drconfig or drrun: -c C:/Users/hacker/source/repos/bui
  ldx64/dynamorio/api/samples/../bin/inline.dll"
  if %errorlevel% neq 0 goto :cmEnd
  :cmEnd
  endlocal & call :cmErrorLevel %errorlevel% & goto :cmDone
  :cmErrorLevel
  exit /b %1
  :cmDone
  if %errorlevel% neq 0 goto :VCEnd
  :VCEnd
  Usage: pass to drconfig or drrun: -c C:/Users/hacker/source/repos/buildx64/dynamorio/api/samples/../bin/inline.dll
FinalizeBuildStatus:
  Deleting file "inline.dir\Debug\inline.tlog\unsuccessfulbuild".
  Touching "inline.dir\Debug\inline.tlog\inline.lastbuildstate".
Done Building Project "C:\Users\hacker\source\repos\buildx64\dynamorio\api\samples\inline.vcxproj" (default targets).

Project "C:\Users\hacker\source\repos\buildx64\ALL_BUILD.vcxproj" (1) is building "C:\Users\hacker\source\repos\buildx6
4\dynamorio\api\samples\inscount.vcxproj" (92) on node 1 (default targets).
PrepareForBuild:
  Creating directory "inscount.dir\Debug\".
  Structured output is enabled. The formatting of compiler diagnostics will reflect the error hierarchy. See https://ak
  a.ms/cpp/structured-output for more details.
  Creating directory "inscount.dir\Debug\inscount.tlog\".
InitializeBuildStatus:
  Creating "inscount.dir\Debug\inscount.tlog\unsuccessfulbuild" because "AlwaysCreate" was specified.
  Touching "inscount.dir\Debug\inscount.tlog\unsuccessfulbuild".
CustomBuild:
  Building Custom Rule C:/Users/hacker/source/repos/drltrace/drltrace_src/dynamorio/api/samples/CMakeLists.txt
ClCompile:
  C:\Program Files\Microsoft Visual Studio\2022\Community\VC\Tools\MSVC\14.39.33519\bin\HostX64\x64\CL.exe /c /IC:\User
  s\hacker\source\repos\buildx64\dynamorio /IC:\Users\hacker\source\repos\buildx64\dynamorio\cmake\..\include /IC:\User
  s\hacker\source\repos\buildx64\dynamorio\api\samples\..\..\ext\include /Zi /nologo /W4 /WX /diagnostics:column /MP /O
  2 /D _WINDLL /D _MBCS /D DEBUG /D X86_64 /D WINDOWS /D SHOW_SYMBOLS /D _CRT_SECURE_NO_WARNINGS /D "CMAKE_INTDIR=\"Deb
  ug\"" /D inscount_EXPORTS /GF /EHsc /MTd /GS- /fp:precise /Zc:wchar_t /Zc:forScope /Zc:inline /Fo"inscount.dir\Debug\
  \" /Fd"inscount.dir\Debug\vc143.pdb" /external:W4 /Gd /TP /wd4100 /wd4127 /wd4054 /errorReport:queue  /FS C:\Users\ha
  cker\source\repos\drltrace\drltrace_src\dynamorio\api\samples\inscount.cpp
  inscount.cpp
Link:
  C:\Program Files\Microsoft Visual Studio\2022\Community\VC\Tools\MSVC\14.39.33519\bin\HostX64\x64\link.exe /ERRORREPO
  RT:QUEUE /OUT:"C:\Users\hacker\source\repos\buildx64\dynamorio\api\bin\inscount.dll" /INCREMENTAL /ILK:"inscount.dir\
  Debug\inscount.ilk" /NOLOGO libcpmtd.lib libcmtd.lib libvcruntimed.lib libucrtd.lib ..\..\ext\lib64\debug\drmgr.lib .
  .\..\lib64\debug\dynamorio.lib kernel32.lib user32.lib gdi32.lib winspool.lib shell32.lib ole32.lib oleaut32.lib uuid
  .lib comdlg32.lib advapi32.lib /MANIFEST /MANIFESTUAC:"level='asInvoker' uiAccess='false'" /manifest:embed /DEBUG /PD
  B:"C:/Users/hacker/source/repos/buildx64/dynamorio/api/bin/inscount.pdb" /SUBSYSTEM:CONSOLE /TLBID:1 /DYNAMICBASE /NX
  COMPAT /IMPLIB:"C:/Users/hacker/source/repos/buildx64/dynamorio/api/bin/inscount.lib" /MACHINE:X64  /machine:x64 /sub
  system:console,5.02 /opt:ref /opt:icf /pdbcompress /opt:ref /opt:icf /pdbcompress /nodefaultlib:libcmt /base:0x720000
  00 /dynamicbase:no /DLL inscount.dir\Debug\inscount.obj
LINK : warning LNK4075: ignoring '/INCREMENTAL' due to '/OPT:ICF' specification [C:\Users\hacker\source\repos\buildx64\
dynamorio\api\samples\inscount.vcxproj]
     Creating library C:/Users/hacker/source/repos/buildx64/dynamorio/api/bin/inscount.lib and object C:/Users/hacker/s
  ource/repos/buildx64/dynamorio/api/bin/inscount.exp
LINK : warning LNK4281: undesirable base address 0x72000000 for x64 image; set base address above 4GB for best ASLR opt
imization [C:\Users\hacker\source\repos\buildx64\dynamorio\api\samples\inscount.vcxproj]
  inscount.vcxproj -> C:\Users\hacker\source\repos\buildx64\dynamorio\api\bin\inscount.dll
PostBuildEvent:
  setlocal
  "C:\Program Files\CMake\bin\cmake.exe" -E echo "Usage: pass to drconfig or drrun: -c C:/Users/hacker/source/repos/bui
  ldx64/dynamorio/api/samples/../bin/inscount.dll"
  if %errorlevel% neq 0 goto :cmEnd
  :cmEnd
  endlocal & call :cmErrorLevel %errorlevel% & goto :cmDone
  :cmErrorLevel
  exit /b %1
  :cmDone
  if %errorlevel% neq 0 goto :VCEnd
  :VCEnd
  Usage: pass to drconfig or drrun: -c C:/Users/hacker/source/repos/buildx64/dynamorio/api/samples/../bin/inscount.dll
FinalizeBuildStatus:
  Deleting file "inscount.dir\Debug\inscount.tlog\unsuccessfulbuild".
  Touching "inscount.dir\Debug\inscount.tlog\inscount.lastbuildstate".
Done Building Project "C:\Users\hacker\source\repos\buildx64\dynamorio\api\samples\inscount.vcxproj" (default targets).

Project "C:\Users\hacker\source\repos\buildx64\ALL_BUILD.vcxproj" (1) is building "C:\Users\hacker\source\repos\buildx6
4\dynamorio\api\samples\instrace_simple.vcxproj" (93) on node 1 (default targets).
PrepareForBuild:
  Creating directory "instrace_simple.dir\Debug\".
  Structured output is enabled. The formatting of compiler diagnostics will reflect the error hierarchy. See https://ak
  a.ms/cpp/structured-output for more details.
  Creating directory "instrace_simple.dir\Debug\instrace_simple.tlog\".
InitializeBuildStatus:
  Creating "instrace_simple.dir\Debug\instrace_simple.tlog\unsuccessfulbuild" because "AlwaysCreate" was specified.
  Touching "instrace_simple.dir\Debug\instrace_simple.tlog\unsuccessfulbuild".
CustomBuild:
  Building Custom Rule C:/Users/hacker/source/repos/drltrace/drltrace_src/dynamorio/api/samples/CMakeLists.txt
ClCompile:
  C:\Program Files\Microsoft Visual Studio\2022\Community\VC\Tools\MSVC\14.39.33519\bin\HostX64\x64\CL.exe /c /IC:\User
  s\hacker\source\repos\buildx64\dynamorio /IC:\Users\hacker\source\repos\buildx64\dynamorio\cmake\..\include /IC:\User
  s\hacker\source\repos\buildx64\dynamorio\api\samples\..\..\ext\include /Zi /nologo /W4 /WX /diagnostics:column /MP /O
  2 /D _WINDLL /D _MBCS /D DEBUG /D X86_64 /D WINDOWS /D SHOW_SYMBOLS /D _CRT_SECURE_NO_WARNINGS /D "CMAKE_INTDIR=\"Deb
  ug\"" /D instrace_simple_EXPORTS /GF /MTd /GS- /fp:precise /Zc:wchar_t /Zc:forScope /Zc:inline /Fo"instrace_simple.di
  r\Debug\\" /Fd"instrace_simple.dir\Debug\vc143.pdb" /external:W4 /Gd /TC /wd4100 /wd4127 /wd4054 /errorReport:queue
  /FS C:\Users\hacker\source\repos\drltrace\drltrace_src\dynamorio\api\samples\instrace_simple.c C:\Users\hacker\source
  \repos\drltrace\drltrace_src\dynamorio\api\samples\utils.c
  instrace_simple.c
  utils.c
Link:
  C:\Program Files\Microsoft Visual Studio\2022\Community\VC\Tools\MSVC\14.39.33519\bin\HostX64\x64\link.exe /ERRORREPO
  RT:QUEUE /OUT:"C:\Users\hacker\source\repos\buildx64\dynamorio\api\bin\instrace_simple.dll" /INCREMENTAL /ILK:"instra
  ce_simple.dir\Debug\instrace_simple.ilk" /NOLOGO libcmtd.lib libvcruntimed.lib libucrtd.lib ..\..\ext\lib64\debug\drx
  .lib ..\..\ext\lib64\debug\drreg.lib ..\..\ext\lib64\debug\drmgr.lib ..\..\ext\lib64\debug\drcontainers.lib ..\..\lib
  64\debug\dynamorio.lib ..\..\lib64\ntdll_imports.lib kernel32.lib user32.lib gdi32.lib winspool.lib shell32.lib ole32
  .lib oleaut32.lib uuid.lib comdlg32.lib advapi32.lib /MANIFEST /MANIFESTUAC:"level='asInvoker' uiAccess='false'" /man
  ifest:embed /DEBUG /PDB:"C:/Users/hacker/source/repos/buildx64/dynamorio/api/bin/instrace_simple.pdb" /SUBSYSTEM:CONS
  OLE /TLBID:1 /DYNAMICBASE /NXCOMPAT /IMPLIB:"C:/Users/hacker/source/repos/buildx64/dynamorio/api/bin/instrace_simple.
  lib" /MACHINE:X64  /machine:x64 /subsystem:console,5.02 /opt:ref /opt:icf /pdbcompress /opt:ref /opt:icf /pdbcompress
   /nodefaultlib /base:0x72000000 /dynamicbase:no /DLL instrace_simple.dir\Debug\instrace_simple.obj
  instrace_simple.dir\Debug\utils.obj
LINK : warning LNK4075: ignoring '/INCREMENTAL' due to '/OPT:ICF' specification [C:\Users\hacker\source\repos\buildx64\
dynamorio\api\samples\instrace_simple.vcxproj]
     Creating library C:/Users/hacker/source/repos/buildx64/dynamorio/api/bin/instrace_simple.lib and object C:/Users/h
  acker/source/repos/buildx64/dynamorio/api/bin/instrace_simple.exp
LINK : warning LNK4281: undesirable base address 0x72000000 for x64 image; set base address above 4GB for best ASLR opt
imization [C:\Users\hacker\source\repos\buildx64\dynamorio\api\samples\instrace_simple.vcxproj]
  instrace_simple.vcxproj -> C:\Users\hacker\source\repos\buildx64\dynamorio\api\bin\instrace_simple.dll
PostBuildEvent:
  setlocal
  "C:\Program Files\CMake\bin\cmake.exe" -E echo "Usage: pass to drconfig or drrun: -c C:/Users/hacker/source/repos/bui
  ldx64/dynamorio/api/samples/../bin/instrace_simple.dll"
  if %errorlevel% neq 0 goto :cmEnd
  :cmEnd
  endlocal & call :cmErrorLevel %errorlevel% & goto :cmDone
  :cmErrorLevel
  exit /b %1
  :cmDone
  if %errorlevel% neq 0 goto :VCEnd
  :VCEnd
  Usage: pass to drconfig or drrun: -c C:/Users/hacker/source/repos/buildx64/dynamorio/api/samples/../bin/instrace_simp
  le.dll
FinalizeBuildStatus:
  Deleting file "instrace_simple.dir\Debug\instrace_simple.tlog\unsuccessfulbuild".
  Touching "instrace_simple.dir\Debug\instrace_simple.tlog\instrace_simple.lastbuildstate".
Done Building Project "C:\Users\hacker\source\repos\buildx64\dynamorio\api\samples\instrace_simple.vcxproj" (default ta
rgets).

Project "C:\Users\hacker\source\repos\buildx64\ALL_BUILD.vcxproj" (1) is building "C:\Users\hacker\source\repos\buildx6
4\dynamorio\api\samples\instrace_x86_binary.vcxproj" (94) on node 1 (default targets).
PrepareForBuild:
  Creating directory "instrace_x86_binary.dir\Debug\".
  Structured output is enabled. The formatting of compiler diagnostics will reflect the error hierarchy. See https://ak
  a.ms/cpp/structured-output for more details.
  Creating directory "instrace_x86_binary.dir\Debug\instrace.DC89A3D5.tlog\".
InitializeBuildStatus:
  Creating "instrace_x86_binary.dir\Debug\instrace.DC89A3D5.tlog\unsuccessfulbuild" because "AlwaysCreate" was specifie
  d.
  Touching "instrace_x86_binary.dir\Debug\instrace.DC89A3D5.tlog\unsuccessfulbuild".
CustomBuild:
  Building Custom Rule C:/Users/hacker/source/repos/drltrace/drltrace_src/dynamorio/api/samples/CMakeLists.txt
ClCompile:
  C:\Program Files\Microsoft Visual Studio\2022\Community\VC\Tools\MSVC\14.39.33519\bin\HostX64\x64\CL.exe /c /IC:\User
  s\hacker\source\repos\buildx64\dynamorio /IC:\Users\hacker\source\repos\buildx64\dynamorio\cmake\..\include /IC:\User
  s\hacker\source\repos\buildx64\dynamorio\api\samples\..\..\ext\include /Zi /nologo /W4 /WX /diagnostics:column /MP /O
  2 /D _WINDLL /D _MBCS /D DEBUG /D X86_64 /D WINDOWS /D SHOW_SYMBOLS /D _CRT_SECURE_NO_WARNINGS /D "CMAKE_INTDIR=\"Deb
  ug\"" /D instrace_x86_binary_EXPORTS /GF /MTd /GS- /fp:precise /Zc:wchar_t /Zc:forScope /Zc:inline /Fo"instrace_x86_b
  inary.dir\Debug\\" /Fd"instrace_x86_binary.dir\Debug\vc143.pdb" /external:W4 /Gd /TC /wd4100 /wd4127 /wd4054 /errorRe
  port:queue  /FS C:\Users\hacker\source\repos\drltrace\drltrace_src\dynamorio\api\samples\instrace_x86.c C:\Users\hack
  er\source\repos\drltrace\drltrace_src\dynamorio\api\samples\utils.c
  instrace_x86.c
  utils.c
Link:
  C:\Program Files\Microsoft Visual Studio\2022\Community\VC\Tools\MSVC\14.39.33519\bin\HostX64\x64\link.exe /ERRORREPO
  RT:QUEUE /OUT:"C:\Users\hacker\source\repos\buildx64\dynamorio\api\bin\instrace_x86_binary.dll" /INCREMENTAL /ILK:"in
  strace_x86_binary.dir\Debug\instrace_x86_binary.ilk" /NOLOGO libcmtd.lib libvcruntimed.lib libucrtd.lib ..\..\ext\lib
  64\debug\drcontainers.lib ..\..\ext\lib64\debug\drx.lib ..\..\ext\lib64\debug\drreg.lib ..\..\ext\lib64\debug\drconta
  iners.lib ..\..\ext\lib64\debug\drmgr.lib ..\..\lib64\debug\dynamorio.lib ..\..\lib64\ntdll_imports.lib kernel32.lib
  user32.lib gdi32.lib winspool.lib shell32.lib ole32.lib oleaut32.lib uuid.lib comdlg32.lib advapi32.lib /MANIFEST /MA
  NIFESTUAC:"level='asInvoker' uiAccess='false'" /manifest:embed /DEBUG /PDB:"C:/Users/hacker/source/repos/buildx64/dyn
  amorio/api/bin/instrace_x86_binary.pdb" /SUBSYSTEM:CONSOLE /TLBID:1 /DYNAMICBASE /NXCOMPAT /IMPLIB:"C:/Users/hacker/s
  ource/repos/buildx64/dynamorio/api/bin/instrace_x86_binary.lib" /MACHINE:X64  /machine:x64 /subsystem:console,5.02 /o
  pt:ref /opt:icf /pdbcompress /opt:ref /opt:icf /pdbcompress /nodefaultlib /base:0x72000000 /dynamicbase:no /DLL instr
  ace_x86_binary.dir\Debug\instrace_x86.obj
  instrace_x86_binary.dir\Debug\utils.obj
LINK : warning LNK4075: ignoring '/INCREMENTAL' due to '/OPT:ICF' specification [C:\Users\hacker\source\repos\buildx64\
dynamorio\api\samples\instrace_x86_binary.vcxproj]
     Creating library C:/Users/hacker/source/repos/buildx64/dynamorio/api/bin/instrace_x86_binary.lib and object C:/Use
  rs/hacker/source/repos/buildx64/dynamorio/api/bin/instrace_x86_binary.exp
LINK : warning LNK4281: undesirable base address 0x72000000 for x64 image; set base address above 4GB for best ASLR opt
imization [C:\Users\hacker\source\repos\buildx64\dynamorio\api\samples\instrace_x86_binary.vcxproj]
  instrace_x86_binary.vcxproj -> C:\Users\hacker\source\repos\buildx64\dynamorio\api\bin\instrace_x86_binary.dll
PostBuildEvent:
  setlocal
  "C:\Program Files\CMake\bin\cmake.exe" -E echo "Usage: pass to drconfig or drrun: -c C:/Users/hacker/source/repos/bui
  ldx64/dynamorio/api/samples/../bin/instrace_x86_binary.dll"
  if %errorlevel% neq 0 goto :cmEnd
  :cmEnd
  endlocal & call :cmErrorLevel %errorlevel% & goto :cmDone
  :cmErrorLevel
  exit /b %1
  :cmDone
  if %errorlevel% neq 0 goto :VCEnd
  :VCEnd
  Usage: pass to drconfig or drrun: -c C:/Users/hacker/source/repos/buildx64/dynamorio/api/samples/../bin/instrace_x86_
  binary.dll
FinalizeBuildStatus:
  Deleting file "instrace_x86_binary.dir\Debug\instrace.DC89A3D5.tlog\unsuccessfulbuild".
  Touching "instrace_x86_binary.dir\Debug\instrace.DC89A3D5.tlog\instrace_x86_binary.lastbuildstate".
Done Building Project "C:\Users\hacker\source\repos\buildx64\dynamorio\api\samples\instrace_x86_binary.vcxproj" (defaul
t targets).

Project "C:\Users\hacker\source\repos\buildx64\ALL_BUILD.vcxproj" (1) is building "C:\Users\hacker\source\repos\buildx6
4\dynamorio\api\samples\instrace_x86_text.vcxproj" (95) on node 1 (default targets).
PrepareForBuild:
  Creating directory "instrace_x86_text.dir\Debug\".
  Structured output is enabled. The formatting of compiler diagnostics will reflect the error hierarchy. See https://ak
  a.ms/cpp/structured-output for more details.
  Creating directory "instrace_x86_text.dir\Debug\instrace.06DF1E33.tlog\".
InitializeBuildStatus:
  Creating "instrace_x86_text.dir\Debug\instrace.06DF1E33.tlog\unsuccessfulbuild" because "AlwaysCreate" was specified.
  Touching "instrace_x86_text.dir\Debug\instrace.06DF1E33.tlog\unsuccessfulbuild".
CustomBuild:
  Building Custom Rule C:/Users/hacker/source/repos/drltrace/drltrace_src/dynamorio/api/samples/CMakeLists.txt
ClCompile:
  C:\Program Files\Microsoft Visual Studio\2022\Community\VC\Tools\MSVC\14.39.33519\bin\HostX64\x64\CL.exe /c /IC:\User
  s\hacker\source\repos\buildx64\dynamorio /IC:\Users\hacker\source\repos\buildx64\dynamorio\cmake\..\include /IC:\User
  s\hacker\source\repos\buildx64\dynamorio\api\samples\..\..\ext\include /Zi /nologo /W4 /WX /diagnostics:column /MP /O
  2 /D _WINDLL /D _MBCS /D DEBUG /D X86_64 /D WINDOWS /D OUTPUT_TEXT /D SHOW_SYMBOLS /D _CRT_SECURE_NO_WARNINGS /D "CMA
  KE_INTDIR=\"Debug\"" /D instrace_x86_text_EXPORTS /GF /MTd /GS- /fp:precise /Zc:wchar_t /Zc:forScope /Zc:inline /Fo"i
  nstrace_x86_text.dir\Debug\\" /Fd"instrace_x86_text.dir\Debug\vc143.pdb" /external:W4 /Gd /TC /wd4100 /wd4127 /wd4054
   /errorReport:queue  /FS C:\Users\hacker\source\repos\drltrace\drltrace_src\dynamorio\api\samples\instrace_x86.c C:\U
  sers\hacker\source\repos\drltrace\drltrace_src\dynamorio\api\samples\utils.c
  instrace_x86.c
  utils.c
Link:
  C:\Program Files\Microsoft Visual Studio\2022\Community\VC\Tools\MSVC\14.39.33519\bin\HostX64\x64\link.exe /ERRORREPO
  RT:QUEUE /OUT:"C:\Users\hacker\source\repos\buildx64\dynamorio\api\bin\instrace_x86_text.dll" /INCREMENTAL /ILK:"inst
  race_x86_text.dir\Debug\instrace_x86_text.ilk" /NOLOGO libcmtd.lib libvcruntimed.lib libucrtd.lib ..\..\ext\lib64\deb
  ug\drcontainers.lib ..\..\ext\lib64\debug\drx.lib ..\..\ext\lib64\debug\drreg.lib ..\..\ext\lib64\debug\drcontainers.
  lib ..\..\ext\lib64\debug\drmgr.lib ..\..\lib64\debug\dynamorio.lib ..\..\lib64\ntdll_imports.lib kernel32.lib user32
  .lib gdi32.lib winspool.lib shell32.lib ole32.lib oleaut32.lib uuid.lib comdlg32.lib advapi32.lib /MANIFEST /MANIFEST
  UAC:"level='asInvoker' uiAccess='false'" /manifest:embed /DEBUG /PDB:"C:/Users/hacker/source/repos/buildx64/dynamorio
  /api/bin/instrace_x86_text.pdb" /SUBSYSTEM:CONSOLE /TLBID:1 /DYNAMICBASE /NXCOMPAT /IMPLIB:"C:/Users/hacker/source/re
  pos/buildx64/dynamorio/api/bin/instrace_x86_text.lib" /MACHINE:X64  /machine:x64 /subsystem:console,5.02 /opt:ref /op
  t:icf /pdbcompress /opt:ref /opt:icf /pdbcompress /nodefaultlib /base:0x72000000 /dynamicbase:no /DLL instrace_x86_te
  xt.dir\Debug\instrace_x86.obj
  instrace_x86_text.dir\Debug\utils.obj
LINK : warning LNK4075: ignoring '/INCREMENTAL' due to '/OPT:ICF' specification [C:\Users\hacker\source\repos\buildx64\
dynamorio\api\samples\instrace_x86_text.vcxproj]
     Creating library C:/Users/hacker/source/repos/buildx64/dynamorio/api/bin/instrace_x86_text.lib and object C:/Users
  /hacker/source/repos/buildx64/dynamorio/api/bin/instrace_x86_text.exp
LINK : warning LNK4281: undesirable base address 0x72000000 for x64 image; set base address above 4GB for best ASLR opt
imization [C:\Users\hacker\source\repos\buildx64\dynamorio\api\samples\instrace_x86_text.vcxproj]
  instrace_x86_text.vcxproj -> C:\Users\hacker\source\repos\buildx64\dynamorio\api\bin\instrace_x86_text.dll
PostBuildEvent:
  setlocal
  "C:\Program Files\CMake\bin\cmake.exe" -E echo "Usage: pass to drconfig or drrun: -c C:/Users/hacker/source/repos/bui
  ldx64/dynamorio/api/samples/../bin/instrace_x86_text.dll"
  if %errorlevel% neq 0 goto :cmEnd
  :cmEnd
  endlocal & call :cmErrorLevel %errorlevel% & goto :cmDone
  :cmErrorLevel
  exit /b %1
  :cmDone
  if %errorlevel% neq 0 goto :VCEnd
  :VCEnd
  Usage: pass to drconfig or drrun: -c C:/Users/hacker/source/repos/buildx64/dynamorio/api/samples/../bin/instrace_x86_
  text.dll
FinalizeBuildStatus:
  Deleting file "instrace_x86_text.dir\Debug\instrace.06DF1E33.tlog\unsuccessfulbuild".
  Touching "instrace_x86_text.dir\Debug\instrace.06DF1E33.tlog\instrace_x86_text.lastbuildstate".
Done Building Project "C:\Users\hacker\source\repos\buildx64\dynamorio\api\samples\instrace_x86_text.vcxproj" (default
targets).

Project "C:\Users\hacker\source\repos\buildx64\ALL_BUILD.vcxproj" (1) is building "C:\Users\hacker\source\repos\buildx6
4\dynamorio\api\samples\instrcalls.vcxproj" (96) on node 1 (default targets).
PrepareForBuild:
  Creating directory "instrcalls.dir\Debug\".
  Structured output is enabled. The formatting of compiler diagnostics will reflect the error hierarchy. See https://ak
  a.ms/cpp/structured-output for more details.
  Creating directory "instrcalls.dir\Debug\instrcalls.tlog\".
InitializeBuildStatus:
  Creating "instrcalls.dir\Debug\instrcalls.tlog\unsuccessfulbuild" because "AlwaysCreate" was specified.
  Touching "instrcalls.dir\Debug\instrcalls.tlog\unsuccessfulbuild".
CustomBuild:
  Building Custom Rule C:/Users/hacker/source/repos/drltrace/drltrace_src/dynamorio/api/samples/CMakeLists.txt
ClCompile:
  C:\Program Files\Microsoft Visual Studio\2022\Community\VC\Tools\MSVC\14.39.33519\bin\HostX64\x64\CL.exe /c /IC:\User
  s\hacker\source\repos\buildx64\dynamorio /IC:\Users\hacker\source\repos\buildx64\dynamorio\cmake\..\include /IC:\User
  s\hacker\source\repos\buildx64\dynamorio\api\samples\..\..\ext\include /Zi /nologo /W4 /WX /diagnostics:column /MP /O
  2 /D _WINDLL /D _MBCS /D DEBUG /D X86_64 /D WINDOWS /D SHOW_SYMBOLS /D _CRT_SECURE_NO_WARNINGS /D "CMAKE_INTDIR=\"Deb
  ug\"" /D instrcalls_EXPORTS /GF /MTd /GS- /fp:precise /Zc:wchar_t /Zc:forScope /Zc:inline /Fo"instrcalls.dir\Debug\\"
   /Fd"instrcalls.dir\Debug\vc143.pdb" /external:W4 /Gd /TC /wd4100 /wd4127 /wd4054 /errorReport:queue  /FS C:\Users\ha
  cker\source\repos\drltrace\drltrace_src\dynamorio\api\samples\instrcalls.c C:\Users\hacker\source\repos\drltrace\drlt
  race_src\dynamorio\api\samples\utils.c
  instrcalls.c
  utils.c
Link:
  C:\Program Files\Microsoft Visual Studio\2022\Community\VC\Tools\MSVC\14.39.33519\bin\HostX64\x64\link.exe /ERRORREPO
  RT:QUEUE /OUT:"C:\Users\hacker\source\repos\buildx64\dynamorio\api\bin\instrcalls.dll" /INCREMENTAL /ILK:"instrcalls.
  dir\Debug\instrcalls.ilk" /NOLOGO libcmtd.lib libvcruntimed.lib libucrtd.lib ..\..\ext\lib64\debug\drsyms.lib ..\..\e
  xt\lib64\debug\drx.lib ..\..\ext\lib64\debug\drreg.lib ..\..\ext\lib64\debug\drmgr.lib ..\..\ext\lib64\debug\drcontai
  ners.lib ..\..\lib64\debug\dynamorio.lib ..\..\lib64\ntdll_imports.lib kernel32.lib user32.lib gdi32.lib winspool.lib
   shell32.lib ole32.lib oleaut32.lib uuid.lib comdlg32.lib advapi32.lib /MANIFEST /MANIFESTUAC:"level='asInvoker' uiAc
  cess='false'" /manifest:embed /DEBUG /PDB:"C:/Users/hacker/source/repos/buildx64/dynamorio/api/bin/instrcalls.pdb" /S
  UBSYSTEM:CONSOLE /TLBID:1 /DYNAMICBASE /NXCOMPAT /IMPLIB:"C:/Users/hacker/source/repos/buildx64/dynamorio/api/bin/ins
  trcalls.lib" /MACHINE:X64  /machine:x64 /subsystem:console,5.02 /opt:ref /opt:icf /pdbcompress /opt:ref /opt:icf /pdb
  compress /nodefaultlib /base:0x72000000 /dynamicbase:no /DLL instrcalls.dir\Debug\instrcalls.obj
  instrcalls.dir\Debug\utils.obj
LINK : warning LNK4075: ignoring '/INCREMENTAL' due to '/OPT:ICF' specification [C:\Users\hacker\source\repos\buildx64\
dynamorio\api\samples\instrcalls.vcxproj]
     Creating library C:/Users/hacker/source/repos/buildx64/dynamorio/api/bin/instrcalls.lib and object C:/Users/hacker
  /source/repos/buildx64/dynamorio/api/bin/instrcalls.exp
LINK : warning LNK4281: undesirable base address 0x72000000 for x64 image; set base address above 4GB for best ASLR opt
imization [C:\Users\hacker\source\repos\buildx64\dynamorio\api\samples\instrcalls.vcxproj]
  instrcalls.vcxproj -> C:\Users\hacker\source\repos\buildx64\dynamorio\api\bin\instrcalls.dll
PostBuildEvent:
  setlocal
  "C:\Program Files\CMake\bin\cmake.exe" -E echo "Usage: pass to drconfig or drrun: -c C:/Users/hacker/source/repos/bui
  ldx64/dynamorio/api/samples/../bin/instrcalls.dll"
  if %errorlevel% neq 0 goto :cmEnd
  :cmEnd
  endlocal & call :cmErrorLevel %errorlevel% & goto :cmDone
  :cmErrorLevel
  exit /b %1
  :cmDone
  if %errorlevel% neq 0 goto :VCEnd
  :VCEnd
  Usage: pass to drconfig or drrun: -c C:/Users/hacker/source/repos/buildx64/dynamorio/api/samples/../bin/instrcalls.dl
  l
FinalizeBuildStatus:
  Deleting file "instrcalls.dir\Debug\instrcalls.tlog\unsuccessfulbuild".
  Touching "instrcalls.dir\Debug\instrcalls.tlog\instrcalls.lastbuildstate".
Done Building Project "C:\Users\hacker\source\repos\buildx64\dynamorio\api\samples\instrcalls.vcxproj" (default targets
).

Project "C:\Users\hacker\source\repos\buildx64\ALL_BUILD.vcxproj" (1) is building "C:\Users\hacker\source\repos\buildx6
4\dynamorio\api\samples\memtrace_simple.vcxproj" (97) on node 1 (default targets).
PrepareForBuild:
  Creating directory "memtrace_simple.dir\Debug\".
  Structured output is enabled. The formatting of compiler diagnostics will reflect the error hierarchy. See https://ak
  a.ms/cpp/structured-output for more details.
  Creating directory "memtrace_simple.dir\Debug\memtrace_simple.tlog\".
InitializeBuildStatus:
  Creating "memtrace_simple.dir\Debug\memtrace_simple.tlog\unsuccessfulbuild" because "AlwaysCreate" was specified.
  Touching "memtrace_simple.dir\Debug\memtrace_simple.tlog\unsuccessfulbuild".
CustomBuild:
  Building Custom Rule C:/Users/hacker/source/repos/drltrace/drltrace_src/dynamorio/api/samples/CMakeLists.txt
ClCompile:
  C:\Program Files\Microsoft Visual Studio\2022\Community\VC\Tools\MSVC\14.39.33519\bin\HostX64\x64\CL.exe /c /IC:\User
  s\hacker\source\repos\buildx64\dynamorio /IC:\Users\hacker\source\repos\buildx64\dynamorio\cmake\..\include /IC:\User
  s\hacker\source\repos\buildx64\dynamorio\api\samples\..\..\ext\include /Zi /nologo /W4 /WX /diagnostics:column /MP /O
  2 /D _WINDLL /D _MBCS /D DEBUG /D X86_64 /D WINDOWS /D SHOW_SYMBOLS /D _CRT_SECURE_NO_WARNINGS /D "CMAKE_INTDIR=\"Deb
  ug\"" /D memtrace_simple_EXPORTS /GF /MTd /GS- /fp:precise /Zc:wchar_t /Zc:forScope /Zc:inline /Fo"memtrace_simple.di
  r\Debug\\" /Fd"memtrace_simple.dir\Debug\vc143.pdb" /external:W4 /Gd /TC /wd4100 /wd4127 /wd4054 /errorReport:queue
  /FS C:\Users\hacker\source\repos\drltrace\drltrace_src\dynamorio\api\samples\memtrace_simple.c C:\Users\hacker\source
  \repos\drltrace\drltrace_src\dynamorio\api\samples\utils.c
  memtrace_simple.c
  utils.c
Link:
  C:\Program Files\Microsoft Visual Studio\2022\Community\VC\Tools\MSVC\14.39.33519\bin\HostX64\x64\link.exe /ERRORREPO
  RT:QUEUE /OUT:"C:\Users\hacker\source\repos\buildx64\dynamorio\api\bin\memtrace_simple.dll" /INCREMENTAL /ILK:"memtra
  ce_simple.dir\Debug\memtrace_simple.ilk" /NOLOGO libcmtd.lib libvcruntimed.lib libucrtd.lib ..\..\ext\lib64\debug\dru
  til.lib ..\..\ext\lib64\debug\drx.lib ..\..\ext\lib64\debug\drreg.lib ..\..\ext\lib64\debug\drmgr.lib ..\..\ext\lib64
  \debug\drcontainers.lib ..\..\lib64\debug\dynamorio.lib ..\..\lib64\ntdll_imports.lib kernel32.lib user32.lib gdi32.l
  ib winspool.lib shell32.lib ole32.lib oleaut32.lib uuid.lib comdlg32.lib advapi32.lib /MANIFEST /MANIFESTUAC:"level='
  asInvoker' uiAccess='false'" /manifest:embed /DEBUG /PDB:"C:/Users/hacker/source/repos/buildx64/dynamorio/api/bin/mem
  trace_simple.pdb" /SUBSYSTEM:CONSOLE /TLBID:1 /DYNAMICBASE /NXCOMPAT /IMPLIB:"C:/Users/hacker/source/repos/buildx64/d
  ynamorio/api/bin/memtrace_simple.lib" /MACHINE:X64  /machine:x64 /subsystem:console,5.02 /opt:ref /opt:icf /pdbcompre
  ss /opt:ref /opt:icf /pdbcompress /nodefaultlib /base:0x72000000 /dynamicbase:no /DLL memtrace_simple.dir\Debug\memtr
  ace_simple.obj
  memtrace_simple.dir\Debug\utils.obj
LINK : warning LNK4075: ignoring '/INCREMENTAL' due to '/OPT:ICF' specification [C:\Users\hacker\source\repos\buildx64\
dynamorio\api\samples\memtrace_simple.vcxproj]
     Creating library C:/Users/hacker/source/repos/buildx64/dynamorio/api/bin/memtrace_simple.lib and object C:/Users/h
  acker/source/repos/buildx64/dynamorio/api/bin/memtrace_simple.exp
LINK : warning LNK4281: undesirable base address 0x72000000 for x64 image; set base address above 4GB for best ASLR opt
imization [C:\Users\hacker\source\repos\buildx64\dynamorio\api\samples\memtrace_simple.vcxproj]
  memtrace_simple.vcxproj -> C:\Users\hacker\source\repos\buildx64\dynamorio\api\bin\memtrace_simple.dll
PostBuildEvent:
  setlocal
  "C:\Program Files\CMake\bin\cmake.exe" -E echo "Usage: pass to drconfig or drrun: -c C:/Users/hacker/source/repos/bui
  ldx64/dynamorio/api/samples/../bin/memtrace_simple.dll"
  if %errorlevel% neq 0 goto :cmEnd
  :cmEnd
  endlocal & call :cmErrorLevel %errorlevel% & goto :cmDone
  :cmErrorLevel
  exit /b %1
  :cmDone
  if %errorlevel% neq 0 goto :VCEnd
  :VCEnd
  Usage: pass to drconfig or drrun: -c C:/Users/hacker/source/repos/buildx64/dynamorio/api/samples/../bin/memtrace_simp
  le.dll
FinalizeBuildStatus:
  Deleting file "memtrace_simple.dir\Debug\memtrace_simple.tlog\unsuccessfulbuild".
  Touching "memtrace_simple.dir\Debug\memtrace_simple.tlog\memtrace_simple.lastbuildstate".
Done Building Project "C:\Users\hacker\source\repos\buildx64\dynamorio\api\samples\memtrace_simple.vcxproj" (default ta
rgets).

Project "C:\Users\hacker\source\repos\buildx64\ALL_BUILD.vcxproj" (1) is building "C:\Users\hacker\source\repos\buildx6
4\dynamorio\api\samples\memtrace_x86_binary.vcxproj" (98) on node 1 (default targets).
PrepareForBuild:
  Creating directory "memtrace_x86_binary.dir\Debug\".
  Structured output is enabled. The formatting of compiler diagnostics will reflect the error hierarchy. See https://ak
  a.ms/cpp/structured-output for more details.
  Creating directory "memtrace_x86_binary.dir\Debug\memtrace.A4431871.tlog\".
InitializeBuildStatus:
  Creating "memtrace_x86_binary.dir\Debug\memtrace.A4431871.tlog\unsuccessfulbuild" because "AlwaysCreate" was specifie
  d.
  Touching "memtrace_x86_binary.dir\Debug\memtrace.A4431871.tlog\unsuccessfulbuild".
CustomBuild:
  Building Custom Rule C:/Users/hacker/source/repos/drltrace/drltrace_src/dynamorio/api/samples/CMakeLists.txt
ClCompile:
  C:\Program Files\Microsoft Visual Studio\2022\Community\VC\Tools\MSVC\14.39.33519\bin\HostX64\x64\CL.exe /c /IC:\User
  s\hacker\source\repos\buildx64\dynamorio /IC:\Users\hacker\source\repos\buildx64\dynamorio\cmake\..\include /IC:\User
  s\hacker\source\repos\buildx64\dynamorio\api\samples\..\..\ext\include /Zi /nologo /W4 /WX /diagnostics:column /MP /O
  2 /D _WINDLL /D _MBCS /D DEBUG /D X86_64 /D WINDOWS /D SHOW_SYMBOLS /D _CRT_SECURE_NO_WARNINGS /D "CMAKE_INTDIR=\"Deb
  ug\"" /D memtrace_x86_binary_EXPORTS /GF /MTd /GS- /fp:precise /Zc:wchar_t /Zc:forScope /Zc:inline /Fo"memtrace_x86_b
  inary.dir\Debug\\" /Fd"memtrace_x86_binary.dir\Debug\vc143.pdb" /external:W4 /Gd /TC /wd4100 /wd4127 /wd4054 /errorRe
  port:queue  /FS C:\Users\hacker\source\repos\drltrace\drltrace_src\dynamorio\api\samples\memtrace_x86.c C:\Users\hack
  er\source\repos\drltrace\drltrace_src\dynamorio\api\samples\utils.c
  memtrace_x86.c
  utils.c
Link:
  C:\Program Files\Microsoft Visual Studio\2022\Community\VC\Tools\MSVC\14.39.33519\bin\HostX64\x64\link.exe /ERRORREPO
  RT:QUEUE /OUT:"C:\Users\hacker\source\repos\buildx64\dynamorio\api\bin\memtrace_x86_binary.dll" /INCREMENTAL /ILK:"me
  mtrace_x86_binary.dir\Debug\memtrace_x86_binary.ilk" /NOLOGO libcmtd.lib libvcruntimed.lib libucrtd.lib ..\..\ext\lib
  64\debug\drcontainers.lib ..\..\ext\lib64\debug\drutil.lib ..\..\ext\lib64\debug\drx.lib ..\..\ext\lib64\debug\drreg.
  lib ..\..\ext\lib64\debug\drcontainers.lib ..\..\ext\lib64\debug\drmgr.lib ..\..\lib64\debug\dynamorio.lib ..\..\lib6
  4\ntdll_imports.lib kernel32.lib user32.lib gdi32.lib winspool.lib shell32.lib ole32.lib oleaut32.lib uuid.lib comdlg
  32.lib advapi32.lib /MANIFEST /MANIFESTUAC:"level='asInvoker' uiAccess='false'" /manifest:embed /DEBUG /PDB:"C:/Users
  /hacker/source/repos/buildx64/dynamorio/api/bin/memtrace_x86_binary.pdb" /SUBSYSTEM:CONSOLE /TLBID:1 /DYNAMICBASE /NX
  COMPAT /IMPLIB:"C:/Users/hacker/source/repos/buildx64/dynamorio/api/bin/memtrace_x86_binary.lib" /MACHINE:X64  /machi
  ne:x64 /subsystem:console,5.02 /opt:ref /opt:icf /pdbcompress /opt:ref /opt:icf /pdbcompress /nodefaultlib /base:0x72
  000000 /dynamicbase:no /DLL memtrace_x86_binary.dir\Debug\memtrace_x86.obj
  memtrace_x86_binary.dir\Debug\utils.obj
LINK : warning LNK4075: ignoring '/INCREMENTAL' due to '/OPT:ICF' specification [C:\Users\hacker\source\repos\buildx64\
dynamorio\api\samples\memtrace_x86_binary.vcxproj]
     Creating library C:/Users/hacker/source/repos/buildx64/dynamorio/api/bin/memtrace_x86_binary.lib and object C:/Use
  rs/hacker/source/repos/buildx64/dynamorio/api/bin/memtrace_x86_binary.exp
LINK : warning LNK4281: undesirable base address 0x72000000 for x64 image; set base address above 4GB for best ASLR opt
imization [C:\Users\hacker\source\repos\buildx64\dynamorio\api\samples\memtrace_x86_binary.vcxproj]
  memtrace_x86_binary.vcxproj -> C:\Users\hacker\source\repos\buildx64\dynamorio\api\bin\memtrace_x86_binary.dll
PostBuildEvent:
  setlocal
  "C:\Program Files\CMake\bin\cmake.exe" -E echo "Usage: pass to drconfig or drrun: -c C:/Users/hacker/source/repos/bui
  ldx64/dynamorio/api/samples/../bin/memtrace_x86_binary.dll"
  if %errorlevel% neq 0 goto :cmEnd
  :cmEnd
  endlocal & call :cmErrorLevel %errorlevel% & goto :cmDone
  :cmErrorLevel
  exit /b %1
  :cmDone
  if %errorlevel% neq 0 goto :VCEnd
  :VCEnd
  Usage: pass to drconfig or drrun: -c C:/Users/hacker/source/repos/buildx64/dynamorio/api/samples/../bin/memtrace_x86_
  binary.dll
FinalizeBuildStatus:
  Deleting file "memtrace_x86_binary.dir\Debug\memtrace.A4431871.tlog\unsuccessfulbuild".
  Touching "memtrace_x86_binary.dir\Debug\memtrace.A4431871.tlog\memtrace_x86_binary.lastbuildstate".
Done Building Project "C:\Users\hacker\source\repos\buildx64\dynamorio\api\samples\memtrace_x86_binary.vcxproj" (defaul
t targets).

Project "C:\Users\hacker\source\repos\buildx64\ALL_BUILD.vcxproj" (1) is building "C:\Users\hacker\source\repos\buildx6
4\dynamorio\api\samples\memtrace_x86_text.vcxproj" (99) on node 1 (default targets).
PrepareForBuild:
  Creating directory "memtrace_x86_text.dir\Debug\".
  Structured output is enabled. The formatting of compiler diagnostics will reflect the error hierarchy. See https://ak
  a.ms/cpp/structured-output for more details.
  Creating directory "memtrace_x86_text.dir\Debug\memtrace.A80B78A4.tlog\".
InitializeBuildStatus:
  Creating "memtrace_x86_text.dir\Debug\memtrace.A80B78A4.tlog\unsuccessfulbuild" because "AlwaysCreate" was specified.
  Touching "memtrace_x86_text.dir\Debug\memtrace.A80B78A4.tlog\unsuccessfulbuild".
CustomBuild:
  Building Custom Rule C:/Users/hacker/source/repos/drltrace/drltrace_src/dynamorio/api/samples/CMakeLists.txt
ClCompile:
  C:\Program Files\Microsoft Visual Studio\2022\Community\VC\Tools\MSVC\14.39.33519\bin\HostX64\x64\CL.exe /c /IC:\User
  s\hacker\source\repos\buildx64\dynamorio /IC:\Users\hacker\source\repos\buildx64\dynamorio\cmake\..\include /IC:\User
  s\hacker\source\repos\buildx64\dynamorio\api\samples\..\..\ext\include /Zi /nologo /W4 /WX /diagnostics:column /MP /O
  2 /D _WINDLL /D _MBCS /D DEBUG /D X86_64 /D WINDOWS /D OUTPUT_TEXT /D SHOW_SYMBOLS /D _CRT_SECURE_NO_WARNINGS /D "CMA
  KE_INTDIR=\"Debug\"" /D memtrace_x86_text_EXPORTS /GF /MTd /GS- /fp:precise /Zc:wchar_t /Zc:forScope /Zc:inline /Fo"m
  emtrace_x86_text.dir\Debug\\" /Fd"memtrace_x86_text.dir\Debug\vc143.pdb" /external:W4 /Gd /TC /wd4100 /wd4127 /wd4054
   /errorReport:queue  /FS C:\Users\hacker\source\repos\drltrace\drltrace_src\dynamorio\api\samples\memtrace_x86.c C:\U
  sers\hacker\source\repos\drltrace\drltrace_src\dynamorio\api\samples\utils.c
  memtrace_x86.c
  utils.c
Link:
  C:\Program Files\Microsoft Visual Studio\2022\Community\VC\Tools\MSVC\14.39.33519\bin\HostX64\x64\link.exe /ERRORREPO
  RT:QUEUE /OUT:"C:\Users\hacker\source\repos\buildx64\dynamorio\api\bin\memtrace_x86_text.dll" /INCREMENTAL /ILK:"memt
  race_x86_text.dir\Debug\memtrace_x86_text.ilk" /NOLOGO libcmtd.lib libvcruntimed.lib libucrtd.lib ..\..\ext\lib64\deb
  ug\drcontainers.lib ..\..\ext\lib64\debug\drutil.lib ..\..\ext\lib64\debug\drx.lib ..\..\ext\lib64\debug\drreg.lib ..
  \..\ext\lib64\debug\drcontainers.lib ..\..\ext\lib64\debug\drmgr.lib ..\..\lib64\debug\dynamorio.lib ..\..\lib64\ntdl
  l_imports.lib kernel32.lib user32.lib gdi32.lib winspool.lib shell32.lib ole32.lib oleaut32.lib uuid.lib comdlg32.lib
   advapi32.lib /MANIFEST /MANIFESTUAC:"level='asInvoker' uiAccess='false'" /manifest:embed /DEBUG /PDB:"C:/Users/hacke
  r/source/repos/buildx64/dynamorio/api/bin/memtrace_x86_text.pdb" /SUBSYSTEM:CONSOLE /TLBID:1 /DYNAMICBASE /NXCOMPAT /
  IMPLIB:"C:/Users/hacker/source/repos/buildx64/dynamorio/api/bin/memtrace_x86_text.lib" /MACHINE:X64  /machine:x64 /su
  bsystem:console,5.02 /opt:ref /opt:icf /pdbcompress /opt:ref /opt:icf /pdbcompress /nodefaultlib /base:0x72000000 /dy
  namicbase:no /DLL memtrace_x86_text.dir\Debug\memtrace_x86.obj
  memtrace_x86_text.dir\Debug\utils.obj
LINK : warning LNK4075: ignoring '/INCREMENTAL' due to '/OPT:ICF' specification [C:\Users\hacker\source\repos\buildx64\
dynamorio\api\samples\memtrace_x86_text.vcxproj]
     Creating library C:/Users/hacker/source/repos/buildx64/dynamorio/api/bin/memtrace_x86_text.lib and object C:/Users
  /hacker/source/repos/buildx64/dynamorio/api/bin/memtrace_x86_text.exp
LINK : warning LNK4281: undesirable base address 0x72000000 for x64 image; set base address above 4GB for best ASLR opt
imization [C:\Users\hacker\source\repos\buildx64\dynamorio\api\samples\memtrace_x86_text.vcxproj]
  memtrace_x86_text.vcxproj -> C:\Users\hacker\source\repos\buildx64\dynamorio\api\bin\memtrace_x86_text.dll
PostBuildEvent:
  setlocal
  "C:\Program Files\CMake\bin\cmake.exe" -E echo "Usage: pass to drconfig or drrun: -c C:/Users/hacker/source/repos/bui
  ldx64/dynamorio/api/samples/../bin/memtrace_x86_text.dll"
  if %errorlevel% neq 0 goto :cmEnd
  :cmEnd
  endlocal & call :cmErrorLevel %errorlevel% & goto :cmDone
  :cmErrorLevel
  exit /b %1
  :cmDone
  if %errorlevel% neq 0 goto :VCEnd
  :VCEnd
  Usage: pass to drconfig or drrun: -c C:/Users/hacker/source/repos/buildx64/dynamorio/api/samples/../bin/memtrace_x86_
  text.dll
FinalizeBuildStatus:
  Deleting file "memtrace_x86_text.dir\Debug\memtrace.A80B78A4.tlog\unsuccessfulbuild".
  Touching "memtrace_x86_text.dir\Debug\memtrace.A80B78A4.tlog\memtrace_x86_text.lastbuildstate".
Done Building Project "C:\Users\hacker\source\repos\buildx64\dynamorio\api\samples\memtrace_x86_text.vcxproj" (default
targets).

Project "C:\Users\hacker\source\repos\buildx64\ALL_BUILD.vcxproj" (1) is building "C:\Users\hacker\source\repos\buildx6
4\dynamorio\api\samples\memval_simple.vcxproj" (100) on node 1 (default targets).
PrepareForBuild:
  Creating directory "memval_simple.dir\Debug\".
  Structured output is enabled. The formatting of compiler diagnostics will reflect the error hierarchy. See https://ak
  a.ms/cpp/structured-output for more details.
  Creating directory "memval_simple.dir\Debug\memval_simple.tlog\".
InitializeBuildStatus:
  Creating "memval_simple.dir\Debug\memval_simple.tlog\unsuccessfulbuild" because "AlwaysCreate" was specified.
  Touching "memval_simple.dir\Debug\memval_simple.tlog\unsuccessfulbuild".
CustomBuild:
  Building Custom Rule C:/Users/hacker/source/repos/drltrace/drltrace_src/dynamorio/api/samples/CMakeLists.txt
ClCompile:
  C:\Program Files\Microsoft Visual Studio\2022\Community\VC\Tools\MSVC\14.39.33519\bin\HostX64\x64\CL.exe /c /IC:\User
  s\hacker\source\repos\buildx64\dynamorio /IC:\Users\hacker\source\repos\buildx64\dynamorio\cmake\..\include /IC:\User
  s\hacker\source\repos\buildx64\dynamorio\api\samples\..\..\ext\include /Zi /nologo /W4 /WX /diagnostics:column /MP /O
  2 /D _WINDLL /D _MBCS /D DEBUG /D X86_64 /D WINDOWS /D SHOW_SYMBOLS /D _CRT_SECURE_NO_WARNINGS /D "CMAKE_INTDIR=\"Deb
  ug\"" /D memval_simple_EXPORTS /GF /MTd /GS- /fp:precise /Zc:wchar_t /Zc:forScope /Zc:inline /Fo"memval_simple.dir\De
  bug\\" /Fd"memval_simple.dir\Debug\vc143.pdb" /external:W4 /Gd /TC /wd4100 /wd4127 /wd4054 /errorReport:queue  /FS C:
  \Users\hacker\source\repos\drltrace\drltrace_src\dynamorio\api\samples\memval_simple.c C:\Users\hacker\source\repos\d
  rltrace\drltrace_src\dynamorio\api\samples\utils.c
  memval_simple.c
  utils.c
Link:
  C:\Program Files\Microsoft Visual Studio\2022\Community\VC\Tools\MSVC\14.39.33519\bin\HostX64\x64\link.exe /ERRORREPO
  RT:QUEUE /OUT:"C:\Users\hacker\source\repos\buildx64\dynamorio\api\bin\memval_simple.dll" /INCREMENTAL /ILK:"memval_s
  imple.dir\Debug\memval_simple.ilk" /NOLOGO libcmtd.lib libvcruntimed.lib libucrtd.lib ..\..\ext\lib64\debug\drutil.li
  b ..\..\ext\lib64\debug\drx.lib ..\..\ext\lib64\debug\drreg.lib ..\..\ext\lib64\debug\drmgr.lib ..\..\ext\lib64\debug
  \drcontainers.lib ..\..\lib64\debug\dynamorio.lib ..\..\lib64\ntdll_imports.lib kernel32.lib user32.lib gdi32.lib win
  spool.lib shell32.lib ole32.lib oleaut32.lib uuid.lib comdlg32.lib advapi32.lib /MANIFEST /MANIFESTUAC:"level='asInvo
  ker' uiAccess='false'" /manifest:embed /DEBUG /PDB:"C:/Users/hacker/source/repos/buildx64/dynamorio/api/bin/memval_si
  mple.pdb" /SUBSYSTEM:CONSOLE /TLBID:1 /DYNAMICBASE /NXCOMPAT /IMPLIB:"C:/Users/hacker/source/repos/buildx64/dynamorio
  /api/bin/memval_simple.lib" /MACHINE:X64  /machine:x64 /subsystem:console,5.02 /opt:ref /opt:icf /pdbcompress /opt:re
  f /opt:icf /pdbcompress /nodefaultlib /base:0x72000000 /dynamicbase:no /DLL memval_simple.dir\Debug\memval_simple.obj
  memval_simple.dir\Debug\utils.obj
LINK : warning LNK4075: ignoring '/INCREMENTAL' due to '/OPT:ICF' specification [C:\Users\hacker\source\repos\buildx64\
dynamorio\api\samples\memval_simple.vcxproj]
     Creating library C:/Users/hacker/source/repos/buildx64/dynamorio/api/bin/memval_simple.lib and object C:/Users/hac
  ker/source/repos/buildx64/dynamorio/api/bin/memval_simple.exp
LINK : warning LNK4281: undesirable base address 0x72000000 for x64 image; set base address above 4GB for best ASLR opt
imization [C:\Users\hacker\source\repos\buildx64\dynamorio\api\samples\memval_simple.vcxproj]
  memval_simple.vcxproj -> C:\Users\hacker\source\repos\buildx64\dynamorio\api\bin\memval_simple.dll
PostBuildEvent:
  setlocal
  "C:\Program Files\CMake\bin\cmake.exe" -E echo "Usage: pass to drconfig or drrun: -c C:/Users/hacker/source/repos/bui
  ldx64/dynamorio/api/samples/../bin/memval_simple.dll"
  if %errorlevel% neq 0 goto :cmEnd
  :cmEnd
  endlocal & call :cmErrorLevel %errorlevel% & goto :cmDone
  :cmErrorLevel
  exit /b %1
  :cmDone
  if %errorlevel% neq 0 goto :VCEnd
  :VCEnd
  Usage: pass to drconfig or drrun: -c C:/Users/hacker/source/repos/buildx64/dynamorio/api/samples/../bin/memval_simple
  .dll
FinalizeBuildStatus:
  Deleting file "memval_simple.dir\Debug\memval_simple.tlog\unsuccessfulbuild".
  Touching "memval_simple.dir\Debug\memval_simple.tlog\memval_simple.lastbuildstate".
Done Building Project "C:\Users\hacker\source\repos\buildx64\dynamorio\api\samples\memval_simple.vcxproj" (default targ
ets).

Project "C:\Users\hacker\source\repos\buildx64\ALL_BUILD.vcxproj" (1) is building "C:\Users\hacker\source\repos\buildx6
4\dynamorio\api\samples\modxfer.vcxproj" (101) on node 1 (default targets).
PrepareForBuild:
  Creating directory "modxfer.dir\Debug\".
  Structured output is enabled. The formatting of compiler diagnostics will reflect the error hierarchy. See https://ak
  a.ms/cpp/structured-output for more details.
  Creating directory "modxfer.dir\Debug\modxfer.tlog\".
InitializeBuildStatus:
  Creating "modxfer.dir\Debug\modxfer.tlog\unsuccessfulbuild" because "AlwaysCreate" was specified.
  Touching "modxfer.dir\Debug\modxfer.tlog\unsuccessfulbuild".
CustomBuild:
  Building Custom Rule C:/Users/hacker/source/repos/drltrace/drltrace_src/dynamorio/api/samples/CMakeLists.txt
ClCompile:
  C:\Program Files\Microsoft Visual Studio\2022\Community\VC\Tools\MSVC\14.39.33519\bin\HostX64\x64\CL.exe /c /IC:\User
  s\hacker\source\repos\buildx64\dynamorio /IC:\Users\hacker\source\repos\buildx64\dynamorio\cmake\..\include /IC:\User
  s\hacker\source\repos\buildx64\dynamorio\api\samples\..\..\ext\include /Zi /nologo /W4 /WX /diagnostics:column /MP /O
  2 /D _WINDLL /D _MBCS /D DEBUG /D X86_64 /D WINDOWS /D SHOW_SYMBOLS /D _CRT_SECURE_NO_WARNINGS /D "CMAKE_INTDIR=\"Deb
  ug\"" /D modxfer_EXPORTS /GF /MTd /GS- /fp:precise /Zc:wchar_t /Zc:forScope /Zc:inline /Fo"modxfer.dir\Debug\\" /Fd"m
  odxfer.dir\Debug\vc143.pdb" /external:W4 /Gd /TC /wd4100 /wd4127 /wd4054 /errorReport:queue  /FS C:\Users\hacker\sour
  ce\repos\drltrace\drltrace_src\dynamorio\api\samples\modxfer.c C:\Users\hacker\source\repos\drltrace\drltrace_src\dyn
  amorio\api\samples\utils.c
  modxfer.c
  utils.c
Link:
  C:\Program Files\Microsoft Visual Studio\2022\Community\VC\Tools\MSVC\14.39.33519\bin\HostX64\x64\link.exe /ERRORREPO
  RT:QUEUE /OUT:"C:\Users\hacker\source\repos\buildx64\dynamorio\api\bin\modxfer.dll" /INCREMENTAL /ILK:"modxfer.dir\De
  bug\modxfer.ilk" /NOLOGO libcmtd.lib libvcruntimed.lib libucrtd.lib ..\..\ext\lib64\debug\drx.lib ..\..\ext\lib64\deb
  ug\drreg.lib ..\..\ext\lib64\debug\drmgr.lib ..\..\ext\lib64\debug\drcontainers.lib ..\..\lib64\debug\dynamorio.lib .
  .\..\lib64\ntdll_imports.lib kernel32.lib user32.lib gdi32.lib winspool.lib shell32.lib ole32.lib oleaut32.lib uuid.l
  ib comdlg32.lib advapi32.lib /MANIFEST /MANIFESTUAC:"level='asInvoker' uiAccess='false'" /manifest:embed /DEBUG /PDB:
  "C:/Users/hacker/source/repos/buildx64/dynamorio/api/bin/modxfer.pdb" /SUBSYSTEM:CONSOLE /TLBID:1 /DYNAMICBASE /NXCOM
  PAT /IMPLIB:"C:/Users/hacker/source/repos/buildx64/dynamorio/api/bin/modxfer.lib" /MACHINE:X64  /machine:x64 /subsyst
  em:console,5.02 /opt:ref /opt:icf /pdbcompress /opt:ref /opt:icf /pdbcompress /nodefaultlib /base:0x72000000 /dynamic
  base:no /DLL modxfer.dir\Debug\modxfer.obj
  modxfer.dir\Debug\utils.obj
LINK : warning LNK4075: ignoring '/INCREMENTAL' due to '/OPT:ICF' specification [C:\Users\hacker\source\repos\buildx64\
dynamorio\api\samples\modxfer.vcxproj]
     Creating library C:/Users/hacker/source/repos/buildx64/dynamorio/api/bin/modxfer.lib and object C:/Users/hacker/so
  urce/repos/buildx64/dynamorio/api/bin/modxfer.exp
LINK : warning LNK4281: undesirable base address 0x72000000 for x64 image; set base address above 4GB for best ASLR opt
imization [C:\Users\hacker\source\repos\buildx64\dynamorio\api\samples\modxfer.vcxproj]
  modxfer.vcxproj -> C:\Users\hacker\source\repos\buildx64\dynamorio\api\bin\modxfer.dll
PostBuildEvent:
  setlocal
  "C:\Program Files\CMake\bin\cmake.exe" -E echo "Usage: pass to drconfig or drrun: -c C:/Users/hacker/source/repos/bui
  ldx64/dynamorio/api/samples/../bin/modxfer.dll"
  if %errorlevel% neq 0 goto :cmEnd
  :cmEnd
  endlocal & call :cmErrorLevel %errorlevel% & goto :cmDone
  :cmErrorLevel
  exit /b %1
  :cmDone
  if %errorlevel% neq 0 goto :VCEnd
  :VCEnd
  Usage: pass to drconfig or drrun: -c C:/Users/hacker/source/repos/buildx64/dynamorio/api/samples/../bin/modxfer.dll
FinalizeBuildStatus:
  Deleting file "modxfer.dir\Debug\modxfer.tlog\unsuccessfulbuild".
  Touching "modxfer.dir\Debug\modxfer.tlog\modxfer.lastbuildstate".
Done Building Project "C:\Users\hacker\source\repos\buildx64\dynamorio\api\samples\modxfer.vcxproj" (default targets).

Project "C:\Users\hacker\source\repos\buildx64\ALL_BUILD.vcxproj" (1) is building "C:\Users\hacker\source\repos\buildx6
4\dynamorio\api\samples\modxfer_app2lib.vcxproj" (102) on node 1 (default targets).
PrepareForBuild:
  Creating directory "modxfer_app2lib.dir\Debug\".
  Structured output is enabled. The formatting of compiler diagnostics will reflect the error hierarchy. See https://ak
  a.ms/cpp/structured-output for more details.
  Creating directory "modxfer_app2lib.dir\Debug\modxfer_app2lib.tlog\".
InitializeBuildStatus:
  Creating "modxfer_app2lib.dir\Debug\modxfer_app2lib.tlog\unsuccessfulbuild" because "AlwaysCreate" was specified.
  Touching "modxfer_app2lib.dir\Debug\modxfer_app2lib.tlog\unsuccessfulbuild".
CustomBuild:
  Building Custom Rule C:/Users/hacker/source/repos/drltrace/drltrace_src/dynamorio/api/samples/CMakeLists.txt
ClCompile:
  C:\Program Files\Microsoft Visual Studio\2022\Community\VC\Tools\MSVC\14.39.33519\bin\HostX64\x64\CL.exe /c /IC:\User
  s\hacker\source\repos\buildx64\dynamorio /IC:\Users\hacker\source\repos\buildx64\dynamorio\cmake\..\include /IC:\User
  s\hacker\source\repos\buildx64\dynamorio\api\samples\..\..\ext\include /Zi /nologo /W4 /WX /diagnostics:column /MP /O
  2 /D _WINDLL /D _MBCS /D DEBUG /D X86_64 /D WINDOWS /D SHOW_SYMBOLS /D _CRT_SECURE_NO_WARNINGS /D "CMAKE_INTDIR=\"Deb
  ug\"" /D modxfer_app2lib_EXPORTS /GF /MTd /GS- /fp:precise /Zc:wchar_t /Zc:forScope /Zc:inline /Fo"modxfer_app2lib.di
  r\Debug\\" /Fd"modxfer_app2lib.dir\Debug\vc143.pdb" /external:W4 /Gd /TC /wd4100 /wd4127 /wd4054 /errorReport:queue
  /FS C:\Users\hacker\source\repos\drltrace\drltrace_src\dynamorio\api\samples\modxfer_app2lib.c
  modxfer_app2lib.c
Link:
  C:\Program Files\Microsoft Visual Studio\2022\Community\VC\Tools\MSVC\14.39.33519\bin\HostX64\x64\link.exe /ERRORREPO
  RT:QUEUE /OUT:"C:\Users\hacker\source\repos\buildx64\dynamorio\api\bin\modxfer_app2lib.dll" /INCREMENTAL /ILK:"modxfe
  r_app2lib.dir\Debug\modxfer_app2lib.ilk" /NOLOGO libcmtd.lib libvcruntimed.lib libucrtd.lib ..\..\ext\lib64\debug\drm
  gr.lib ..\..\lib64\debug\dynamorio.lib kernel32.lib user32.lib gdi32.lib winspool.lib shell32.lib ole32.lib oleaut32.
  lib uuid.lib comdlg32.lib advapi32.lib /MANIFEST /MANIFESTUAC:"level='asInvoker' uiAccess='false'" /manifest:embed /D
  EBUG /PDB:"C:/Users/hacker/source/repos/buildx64/dynamorio/api/bin/modxfer_app2lib.pdb" /SUBSYSTEM:CONSOLE /TLBID:1 /
  DYNAMICBASE /NXCOMPAT /IMPLIB:"C:/Users/hacker/source/repos/buildx64/dynamorio/api/bin/modxfer_app2lib.lib" /MACHINE:
  X64  /machine:x64 /subsystem:console,5.02 /opt:ref /opt:icf /pdbcompress /opt:ref /opt:icf /pdbcompress /nodefaultlib
   /base:0x72000000 /dynamicbase:no /DLL modxfer_app2lib.dir\Debug\modxfer_app2lib.obj
LINK : warning LNK4075: ignoring '/INCREMENTAL' due to '/OPT:ICF' specification [C:\Users\hacker\source\repos\buildx64\
dynamorio\api\samples\modxfer_app2lib.vcxproj]
     Creating library C:/Users/hacker/source/repos/buildx64/dynamorio/api/bin/modxfer_app2lib.lib and object C:/Users/h
  acker/source/repos/buildx64/dynamorio/api/bin/modxfer_app2lib.exp
LINK : warning LNK4281: undesirable base address 0x72000000 for x64 image; set base address above 4GB for best ASLR opt
imization [C:\Users\hacker\source\repos\buildx64\dynamorio\api\samples\modxfer_app2lib.vcxproj]
  modxfer_app2lib.vcxproj -> C:\Users\hacker\source\repos\buildx64\dynamorio\api\bin\modxfer_app2lib.dll
PostBuildEvent:
  setlocal
  "C:\Program Files\CMake\bin\cmake.exe" -E echo "Usage: pass to drconfig or drrun: -c C:/Users/hacker/source/repos/bui
  ldx64/dynamorio/api/samples/../bin/modxfer_app2lib.dll"
  if %errorlevel% neq 0 goto :cmEnd
  :cmEnd
  endlocal & call :cmErrorLevel %errorlevel% & goto :cmDone
  :cmErrorLevel
  exit /b %1
  :cmDone
  if %errorlevel% neq 0 goto :VCEnd
  :VCEnd
  Usage: pass to drconfig or drrun: -c C:/Users/hacker/source/repos/buildx64/dynamorio/api/samples/../bin/modxfer_app2l
  ib.dll
FinalizeBuildStatus:
  Deleting file "modxfer_app2lib.dir\Debug\modxfer_app2lib.tlog\unsuccessfulbuild".
  Touching "modxfer_app2lib.dir\Debug\modxfer_app2lib.tlog\modxfer_app2lib.lastbuildstate".
Done Building Project "C:\Users\hacker\source\repos\buildx64\dynamorio\api\samples\modxfer_app2lib.vcxproj" (default ta
rgets).

Project "C:\Users\hacker\source\repos\buildx64\ALL_BUILD.vcxproj" (1) is building "C:\Users\hacker\source\repos\buildx6
4\dynamorio\clients\drcachesim\opcode_mix_launcher.vcxproj" (103) on node 1 (default targets).
PrepareForBuild:
  Creating directory "opcode_mix_launcher.dir\Debug\".
  Structured output is enabled. The formatting of compiler diagnostics will reflect the error hierarchy. See https://ak
  a.ms/cpp/structured-output for more details.
  Creating directory "opcode_mix_launcher.dir\Debug\opcode_m.E7D0BE11.tlog\".
InitializeBuildStatus:
  Creating "opcode_mix_launcher.dir\Debug\opcode_m.E7D0BE11.tlog\unsuccessfulbuild" because "AlwaysCreate" was specifie
  d.
  Touching "opcode_mix_launcher.dir\Debug\opcode_m.E7D0BE11.tlog\unsuccessfulbuild".
CustomBuild:
  Building Custom Rule C:/Users/hacker/source/repos/drltrace/drltrace_src/dynamorio/clients/drcachesim/CMakeLists.txt
ClCompile:
  C:\Program Files\Microsoft Visual Studio\2022\Community\VC\Tools\MSVC\14.39.33519\bin\HostX64\x64\CL.exe /c /IC:\User
  s\hacker\source\repos\buildx64\dynamorio /IC:\Users\hacker\source\repos\buildx64\dynamorio\cmake\..\include /IC:\User
  s\hacker\source\repos\buildx64\dynamorio\ext\include /IC:\Users\hacker\source\repos\drltrace\drltrace_src\dynamorio\c
  lients\drcachesim\common /IC:\Users\hacker\source\repos\drltrace\drltrace_src\dynamorio\clients\drcachesim\reader /IC
  :\Users\hacker\source\repos\drltrace\drltrace_src\dynamorio\clients\drcachesim\tracer /IC:\Users\hacker\source\repos\
  drltrace\drltrace_src\dynamorio\clients\drcachesim /Zi /nologo /W4 /WX /diagnostics:column /MP /Od /D _MBCS /D DEBUG
  /D X64 /D X86_64 /D WINDOWS /D SHOW_SYMBOLS /D _CRT_SECURE_NO_WARNINGS /D "CMAKE_INTDIR=\"Debug\"" /GF /EHsc /MTd /GS
  - /fp:precise /Zc:wchar_t /Zc:forScope /Zc:inline /Fo"opcode_mix_launcher.dir\Debug\\" /Fd"opcode_mix_launcher.dir\De
  bug\vc143.pdb" /external:W4 /Gd /TP /wd4100 /wd4127 /wd4054 /errorReport:queue  /FS C:\Users\hacker\source\repos\drlt
  race\drltrace_src\dynamorio\clients\drcachesim\tools\opcode_mix_launcher.cpp
  opcode_mix_launcher.cpp
Link:
  C:\Program Files\Microsoft Visual Studio\2022\Community\VC\Tools\MSVC\14.39.33519\bin\HostX64\x64\link.exe /ERRORREPO
  RT:QUEUE /OUT:"C:\Users\hacker\source\repos\buildx64\dynamorio\clients\bin64\opcode_mix_launcher.exe" /INCREMENTAL /I
  LK:"opcode_mix_launcher.dir\Debug\opcode_mix_launcher.ilk" /NOLOGO ..\lib64\debug\drmemtrace_analyzer.lib ..\lib64\de
  bug\drmemtrace_opcode_mix.lib ..\lib64\debug\drmemtrace_raw2trace.lib ..\..\ext\lib64\debug\drcovlib_static.lib ..\..
  \lib64\drfrontendlib.lib libcmtd.lib libvcruntimed.lib libucrtd.lib libcpmtd.lib libcmtd.lib libvcruntimed.lib libucr
  td.lib ..\..\lib64\debug\dynamorio_static.lib ..\lib64\debug\directory_iterator.lib ..\..\lib64\drfrontendlib.lib ..\
  ..\ext\lib64\debug\drutil_static.lib ..\..\ext\lib64\debug\drx_static.lib ..\..\ext\lib64\debug\drreg_static.lib ..\.
  .\ext\lib64\debug\drcontainers.lib ..\..\ext\lib64\debug\drmgr_static.lib ..\..\lib64\debug\dynamorio.lib libcmtd.lib
   ..\..\lib64\drlibc.lib ..\..\lib64\ntdll_imports.lib kernel32.lib user32.lib gdi32.lib winspool.lib shell32.lib ole3
  2.lib oleaut32.lib uuid.lib comdlg32.lib advapi32.lib /MANIFEST /MANIFESTUAC:"level='asInvoker' uiAccess='false'" /ma
  nifest:embed /DEBUG /PDB:"C:/Users/hacker/source/repos/buildx64/dynamorio/clients/bin64/opcode_mix_launcher.pdb" /SUB
  SYSTEM:CONSOLE /TLBID:1 /DYNAMICBASE /NXCOMPAT /IMPLIB:"C:/Users/hacker/source/repos/buildx64/dynamorio/clients/lib64
  /debug/opcode_mix_launcher.lib" /MACHINE:X64  /machine:x64 /subsystem:console,5.02 /opt:ref /opt:icf /pdbcompress /no
  defaultlib:libcmt opcode_mix_launcher.dir\Debug\opcode_mix_launcher.obj
LINK : warning LNK4075: ignoring '/INCREMENTAL' due to '/OPT:ICF' specification [C:\Users\hacker\source\repos\buildx64\
dynamorio\clients\drcachesim\opcode_mix_launcher.vcxproj]
     Creating library C:/Users/hacker/source/repos/buildx64/dynamorio/clients/lib64/debug/opcode_mix_launcher.lib and o
  bject C:/Users/hacker/source/repos/buildx64/dynamorio/clients/lib64/debug/opcode_mix_launcher.exp
  opcode_mix_launcher.vcxproj -> C:\Users\hacker\source\repos\buildx64\dynamorio\clients\bin64\opcode_mix_launcher.exe
FinalizeBuildStatus:
  Deleting file "opcode_mix_launcher.dir\Debug\opcode_m.E7D0BE11.tlog\unsuccessfulbuild".
  Touching "opcode_mix_launcher.dir\Debug\opcode_m.E7D0BE11.tlog\opcode_mix_launcher.lastbuildstate".
Done Building Project "C:\Users\hacker\source\repos\buildx64\dynamorio\clients\drcachesim\opcode_mix_launcher.vcxproj"
(default targets).

Project "C:\Users\hacker\source\repos\buildx64\ALL_BUILD.vcxproj" (1) is building "C:\Users\hacker\source\repos\buildx6
4\dynamorio\api\samples\opcodes.vcxproj" (104) on node 1 (default targets).
PrepareForBuild:
  Creating directory "opcodes.dir\Debug\".
  Structured output is enabled. The formatting of compiler diagnostics will reflect the error hierarchy. See https://ak
  a.ms/cpp/structured-output for more details.
  Creating directory "opcodes.dir\Debug\opcodes.tlog\".
InitializeBuildStatus:
  Creating "opcodes.dir\Debug\opcodes.tlog\unsuccessfulbuild" because "AlwaysCreate" was specified.
  Touching "opcodes.dir\Debug\opcodes.tlog\unsuccessfulbuild".
CustomBuild:
  Building Custom Rule C:/Users/hacker/source/repos/drltrace/drltrace_src/dynamorio/api/samples/CMakeLists.txt
ClCompile:
  C:\Program Files\Microsoft Visual Studio\2022\Community\VC\Tools\MSVC\14.39.33519\bin\HostX64\x64\CL.exe /c /IC:\User
  s\hacker\source\repos\buildx64\dynamorio /IC:\Users\hacker\source\repos\buildx64\dynamorio\cmake\..\include /IC:\User
  s\hacker\source\repos\buildx64\dynamorio\api\samples\..\..\ext\include /Zi /nologo /W4 /WX /diagnostics:column /MP /O
  2 /D _WINDLL /D _MBCS /D DEBUG /D X86_64 /D WINDOWS /D SHOW_SYMBOLS /D _CRT_SECURE_NO_WARNINGS /D "CMAKE_INTDIR=\"Deb
  ug\"" /D opcodes_EXPORTS /GF /MTd /GS- /fp:precise /Zc:wchar_t /Zc:forScope /Zc:inline /Fo"opcodes.dir\Debug\\" /Fd"o
  pcodes.dir\Debug\vc143.pdb" /external:W4 /Gd /TC /wd4100 /wd4127 /wd4054 /errorReport:queue  /FS C:\Users\hacker\sour
  ce\repos\drltrace\drltrace_src\dynamorio\api\samples\opcodes.c
  opcodes.c
Link:
  C:\Program Files\Microsoft Visual Studio\2022\Community\VC\Tools\MSVC\14.39.33519\bin\HostX64\x64\link.exe /ERRORREPO
  RT:QUEUE /OUT:"C:\Users\hacker\source\repos\buildx64\dynamorio\api\bin\opcodes.dll" /INCREMENTAL /ILK:"opcodes.dir\De
  bug\opcodes.ilk" /NOLOGO libcmtd.lib libvcruntimed.lib libucrtd.lib ..\..\ext\lib64\debug\drx.lib ..\..\ext\lib64\deb
  ug\drreg.lib ..\..\ext\lib64\debug\drmgr.lib ..\..\ext\lib64\debug\drcontainers.lib ..\..\lib64\debug\dynamorio.lib .
  .\..\lib64\ntdll_imports.lib kernel32.lib user32.lib gdi32.lib winspool.lib shell32.lib ole32.lib oleaut32.lib uuid.l
  ib comdlg32.lib advapi32.lib /MANIFEST /MANIFESTUAC:"level='asInvoker' uiAccess='false'" /manifest:embed /DEBUG /PDB:
  "C:/Users/hacker/source/repos/buildx64/dynamorio/api/bin/opcodes.pdb" /SUBSYSTEM:CONSOLE /TLBID:1 /DYNAMICBASE /NXCOM
  PAT /IMPLIB:"C:/Users/hacker/source/repos/buildx64/dynamorio/api/bin/opcodes.lib" /MACHINE:X64  /machine:x64 /subsyst
  em:console,5.02 /opt:ref /opt:icf /pdbcompress /opt:ref /opt:icf /pdbcompress /nodefaultlib /base:0x72000000 /dynamic
  base:no /DLL opcodes.dir\Debug\opcodes.obj
LINK : warning LNK4075: ignoring '/INCREMENTAL' due to '/OPT:ICF' specification [C:\Users\hacker\source\repos\buildx64\
dynamorio\api\samples\opcodes.vcxproj]
     Creating library C:/Users/hacker/source/repos/buildx64/dynamorio/api/bin/opcodes.lib and object C:/Users/hacker/so
  urce/repos/buildx64/dynamorio/api/bin/opcodes.exp
LINK : warning LNK4281: undesirable base address 0x72000000 for x64 image; set base address above 4GB for best ASLR opt
imization [C:\Users\hacker\source\repos\buildx64\dynamorio\api\samples\opcodes.vcxproj]
  opcodes.vcxproj -> C:\Users\hacker\source\repos\buildx64\dynamorio\api\bin\opcodes.dll
PostBuildEvent:
  setlocal
  "C:\Program Files\CMake\bin\cmake.exe" -E echo "Usage: pass to drconfig or drrun: -c C:/Users/hacker/source/repos/bui
  ldx64/dynamorio/api/samples/../bin/opcodes.dll"
  if %errorlevel% neq 0 goto :cmEnd
  :cmEnd
  endlocal & call :cmErrorLevel %errorlevel% & goto :cmDone
  :cmErrorLevel
  exit /b %1
  :cmDone
  if %errorlevel% neq 0 goto :VCEnd
  :VCEnd
  Usage: pass to drconfig or drrun: -c C:/Users/hacker/source/repos/buildx64/dynamorio/api/samples/../bin/opcodes.dll
FinalizeBuildStatus:
  Deleting file "opcodes.dir\Debug\opcodes.tlog\unsuccessfulbuild".
  Touching "opcodes.dir\Debug\opcodes.tlog\opcodes.lastbuildstate".
Done Building Project "C:\Users\hacker\source\repos\buildx64\dynamorio\api\samples\opcodes.vcxproj" (default targets).

Project "C:\Users\hacker\source\repos\buildx64\ALL_BUILD.vcxproj" (1) is building "C:\Users\hacker\source\repos\buildx6
4\dynamorio\api\samples\prefetch.vcxproj" (105) on node 1 (default targets).
PrepareForBuild:
  Creating directory "prefetch.dir\Debug\".
  Structured output is enabled. The formatting of compiler diagnostics will reflect the error hierarchy. See https://ak
  a.ms/cpp/structured-output for more details.
  Creating directory "prefetch.dir\Debug\prefetch.tlog\".
InitializeBuildStatus:
  Creating "prefetch.dir\Debug\prefetch.tlog\unsuccessfulbuild" because "AlwaysCreate" was specified.
  Touching "prefetch.dir\Debug\prefetch.tlog\unsuccessfulbuild".
CustomBuild:
  Building Custom Rule C:/Users/hacker/source/repos/drltrace/drltrace_src/dynamorio/api/samples/CMakeLists.txt
ClCompile:
  C:\Program Files\Microsoft Visual Studio\2022\Community\VC\Tools\MSVC\14.39.33519\bin\HostX64\x64\CL.exe /c /IC:\User
  s\hacker\source\repos\buildx64\dynamorio /IC:\Users\hacker\source\repos\buildx64\dynamorio\cmake\..\include /IC:\User
  s\hacker\source\repos\buildx64\dynamorio\api\samples\..\..\ext\include /Zi /nologo /W4 /WX /diagnostics:column /MP /O
  2 /D _WINDLL /D _MBCS /D DEBUG /D X86_64 /D WINDOWS /D SHOW_SYMBOLS /D _CRT_SECURE_NO_WARNINGS /D "CMAKE_INTDIR=\"Deb
  ug\"" /D prefetch_EXPORTS /GF /MTd /GS- /fp:precise /Zc:wchar_t /Zc:forScope /Zc:inline /Fo"prefetch.dir\Debug\\" /Fd
  "prefetch.dir\Debug\vc143.pdb" /external:W4 /Gd /TC /wd4100 /wd4127 /wd4054 /errorReport:queue  /FS C:\Users\hacker\s
  ource\repos\drltrace\drltrace_src\dynamorio\api\samples\prefetch.c
  prefetch.c
Link:
  C:\Program Files\Microsoft Visual Studio\2022\Community\VC\Tools\MSVC\14.39.33519\bin\HostX64\x64\link.exe /ERRORREPO
  RT:QUEUE /OUT:"C:\Users\hacker\source\repos\buildx64\dynamorio\api\bin\prefetch.dll" /INCREMENTAL /ILK:"prefetch.dir\
  Debug\prefetch.ilk" /NOLOGO libcmtd.lib libvcruntimed.lib libucrtd.lib ..\..\ext\lib64\debug\drmgr.lib ..\..\lib64\de
  bug\dynamorio.lib kernel32.lib user32.lib gdi32.lib winspool.lib shell32.lib ole32.lib oleaut32.lib uuid.lib comdlg32
  .lib advapi32.lib /MANIFEST /MANIFESTUAC:"level='asInvoker' uiAccess='false'" /manifest:embed /DEBUG /PDB:"C:/Users/h
  acker/source/repos/buildx64/dynamorio/api/bin/prefetch.pdb" /SUBSYSTEM:CONSOLE /TLBID:1 /DYNAMICBASE /NXCOMPAT /IMPLI
  B:"C:/Users/hacker/source/repos/buildx64/dynamorio/api/bin/prefetch.lib" /MACHINE:X64  /machine:x64 /subsystem:consol
  e,5.02 /opt:ref /opt:icf /pdbcompress /opt:ref /opt:icf /pdbcompress /nodefaultlib /base:0x72000000 /dynamicbase:no /
  DLL prefetch.dir\Debug\prefetch.obj
LINK : warning LNK4075: ignoring '/INCREMENTAL' due to '/OPT:ICF' specification [C:\Users\hacker\source\repos\buildx64\
dynamorio\api\samples\prefetch.vcxproj]
     Creating library C:/Users/hacker/source/repos/buildx64/dynamorio/api/bin/prefetch.lib and object C:/Users/hacker/s
  ource/repos/buildx64/dynamorio/api/bin/prefetch.exp
LINK : warning LNK4281: undesirable base address 0x72000000 for x64 image; set base address above 4GB for best ASLR opt
imization [C:\Users\hacker\source\repos\buildx64\dynamorio\api\samples\prefetch.vcxproj]
  prefetch.vcxproj -> C:\Users\hacker\source\repos\buildx64\dynamorio\api\bin\prefetch.dll
PostBuildEvent:
  setlocal
  "C:\Program Files\CMake\bin\cmake.exe" -E echo "Usage: pass to drconfig or drrun: -c C:/Users/hacker/source/repos/bui
  ldx64/dynamorio/api/samples/../bin/prefetch.dll"
  if %errorlevel% neq 0 goto :cmEnd
  :cmEnd
  endlocal & call :cmErrorLevel %errorlevel% & goto :cmDone
  :cmErrorLevel
  exit /b %1
  :cmDone
  if %errorlevel% neq 0 goto :VCEnd
  :VCEnd
  Usage: pass to drconfig or drrun: -c C:/Users/hacker/source/repos/buildx64/dynamorio/api/samples/../bin/prefetch.dll
FinalizeBuildStatus:
  Deleting file "prefetch.dir\Debug\prefetch.tlog\unsuccessfulbuild".
  Touching "prefetch.dir\Debug\prefetch.tlog\prefetch.lastbuildstate".
Done Building Project "C:\Users\hacker\source\repos\buildx64\dynamorio\api\samples\prefetch.vcxproj" (default targets).

Project "C:\Users\hacker\source\repos\buildx64\ALL_BUILD.vcxproj" (1) is building "C:\Users\hacker\source\repos\buildx6
4\dynamorio\tools\run_in_bg.vcxproj" (106) on node 1 (default targets).
PrepareForBuild:
  Creating directory "run_in_bg.dir\Debug\".
  Structured output is enabled. The formatting of compiler diagnostics will reflect the error hierarchy. See https://ak
  a.ms/cpp/structured-output for more details.
  Creating directory "run_in_bg.dir\Debug\run_in_bg.tlog\".
InitializeBuildStatus:
  Creating "run_in_bg.dir\Debug\run_in_bg.tlog\unsuccessfulbuild" because "AlwaysCreate" was specified.
  Touching "run_in_bg.dir\Debug\run_in_bg.tlog\unsuccessfulbuild".
CustomBuild:
  Building Custom Rule C:/Users/hacker/source/repos/drltrace/drltrace_src/dynamorio/tools/CMakeLists.txt
ClCompile:
  C:\Program Files\Microsoft Visual Studio\2022\Community\VC\Tools\MSVC\14.39.33519\bin\HostX64\x64\CL.exe /c /IC:\User
  s\hacker\source\repos\buildx64\dynamorio /IC:\Users\hacker\source\repos\drltrace\drltrace_src\dynamorio\libutil /IC:\
  Users\hacker\source\repos\drltrace\drltrace_src\dynamorio\core /IC:\Users\hacker\source\repos\drltrace\drltrace_src\d
  ynamorio\core\lib /Zi /nologo /W3 /WX /diagnostics:column /MP /Od /D _MBCS /D SHOW_SYMBOLS /D NOT_DYNAMORIO_CORE /D W
  IN32 /D "CMAKE_INTDIR=\"Debug\"" /GF /MTd /GS- /fp:precise /Zc:wchar_t /Zc:forScope /Zc:inline /Fo"run_in_bg.dir\Debu
  g\\" /Fd"run_in_bg.dir\Debug\vc143.pdb" /external:W3 /Gd /TC /errorReport:queue  /FS C:\Users\hacker\source\repos\drl
  trace\drltrace_src\dynamorio\tools\run_in_bg.c
  run_in_bg.c
Link:
  C:\Program Files\Microsoft Visual Studio\2022\Community\VC\Tools\MSVC\14.39.33519\bin\HostX64\x64\link.exe /ERRORREPO
  RT:QUEUE /OUT:"C:\Users\hacker\source\repos\buildx64\dynamorio\bin64\run_in_bg.exe" /INCREMENTAL /ILK:"run_in_bg.dir\
  Debug\run_in_bg.ilk" /NOLOGO ..\lib64\ntdll_imports.lib kernel32.lib user32.lib gdi32.lib winspool.lib shell32.lib ol
  e32.lib oleaut32.lib uuid.lib comdlg32.lib advapi32.lib /MANIFEST /MANIFESTUAC:"level='asInvoker' uiAccess='false'" /
  manifest:embed /DEBUG /PDB:"C:/Users/hacker/source/repos/buildx64/dynamorio/bin64/run_in_bg.pdb" /SUBSYSTEM:CONSOLE /
  TLBID:1 /DYNAMICBASE /NXCOMPAT /IMPLIB:"C:/Users/hacker/source/repos/buildx64/dynamorio/lib64/run_in_bg.lib" /MACHINE
  :X64  /machine:x64 /subsystem:console,5.02 /opt:ref /opt:icf /pdbcompress run_in_bg.dir\Debug\run_in_bg.obj
LINK : warning LNK4075: ignoring '/INCREMENTAL' due to '/OPT:ICF' specification [C:\Users\hacker\source\repos\buildx64\
dynamorio\tools\run_in_bg.vcxproj]
  run_in_bg.vcxproj -> C:\Users\hacker\source\repos\buildx64\dynamorio\bin64\run_in_bg.exe
FinalizeBuildStatus:
  Deleting file "run_in_bg.dir\Debug\run_in_bg.tlog\unsuccessfulbuild".
  Touching "run_in_bg.dir\Debug\run_in_bg.tlog\run_in_bg.lastbuildstate".
Done Building Project "C:\Users\hacker\source\repos\buildx64\dynamorio\tools\run_in_bg.vcxproj" (default targets).

Project "C:\Users\hacker\source\repos\buildx64\ALL_BUILD.vcxproj" (1) is building "C:\Users\hacker\source\repos\buildx6
4\dynamorio\api\samples\signal.vcxproj" (107) on node 1 (default targets).
PrepareForBuild:
  Creating directory "signal.dir\Debug\".
  Structured output is enabled. The formatting of compiler diagnostics will reflect the error hierarchy. See https://ak
  a.ms/cpp/structured-output for more details.
  Creating directory "signal.dir\Debug\signal.tlog\".
InitializeBuildStatus:
  Creating "signal.dir\Debug\signal.tlog\unsuccessfulbuild" because "AlwaysCreate" was specified.
  Touching "signal.dir\Debug\signal.tlog\unsuccessfulbuild".
CustomBuild:
  Building Custom Rule C:/Users/hacker/source/repos/drltrace/drltrace_src/dynamorio/api/samples/CMakeLists.txt
ClCompile:
  C:\Program Files\Microsoft Visual Studio\2022\Community\VC\Tools\MSVC\14.39.33519\bin\HostX64\x64\CL.exe /c /IC:\User
  s\hacker\source\repos\buildx64\dynamorio /IC:\Users\hacker\source\repos\buildx64\dynamorio\cmake\..\include /IC:\User
  s\hacker\source\repos\buildx64\dynamorio\api\samples\..\..\ext\include /Zi /nologo /W4 /WX /diagnostics:column /MP /O
  2 /D _WINDLL /D _MBCS /D DEBUG /D X86_64 /D WINDOWS /D SHOW_SYMBOLS /D _CRT_SECURE_NO_WARNINGS /D "CMAKE_INTDIR=\"Deb
  ug\"" /D signal_EXPORTS /GF /MTd /GS- /fp:precise /Zc:wchar_t /Zc:forScope /Zc:inline /Fo"signal.dir\Debug\\" /Fd"sig
  nal.dir\Debug\vc143.pdb" /external:W4 /Gd /TC /wd4100 /wd4127 /wd4054 /errorReport:queue  /FS C:\Users\hacker\source\
  repos\drltrace\drltrace_src\dynamorio\api\samples\signal.c
  signal.c
Link:
  C:\Program Files\Microsoft Visual Studio\2022\Community\VC\Tools\MSVC\14.39.33519\bin\HostX64\x64\link.exe /ERRORREPO
  RT:QUEUE /OUT:"C:\Users\hacker\source\repos\buildx64\dynamorio\api\bin\signal.dll" /INCREMENTAL /ILK:"signal.dir\Debu
  g\signal.ilk" /NOLOGO libcmtd.lib libvcruntimed.lib libucrtd.lib ..\..\ext\lib64\debug\drmgr.lib ..\..\lib64\debug\dy
  namorio.lib kernel32.lib user32.lib gdi32.lib winspool.lib shell32.lib ole32.lib oleaut32.lib uuid.lib comdlg32.lib a
  dvapi32.lib /MANIFEST /MANIFESTUAC:"level='asInvoker' uiAccess='false'" /manifest:embed /DEBUG /PDB:"C:/Users/hacker/
  source/repos/buildx64/dynamorio/api/bin/signal.pdb" /SUBSYSTEM:CONSOLE /TLBID:1 /DYNAMICBASE /NXCOMPAT /IMPLIB:"C:/Us
  ers/hacker/source/repos/buildx64/dynamorio/api/bin/signal.lib" /MACHINE:X64  /machine:x64 /subsystem:console,5.02 /op
  t:ref /opt:icf /pdbcompress /opt:ref /opt:icf /pdbcompress /nodefaultlib /base:0x72000000 /dynamicbase:no /DLL signal
  .dir\Debug\signal.obj
LINK : warning LNK4075: ignoring '/INCREMENTAL' due to '/OPT:ICF' specification [C:\Users\hacker\source\repos\buildx64\
dynamorio\api\samples\signal.vcxproj]
     Creating library C:/Users/hacker/source/repos/buildx64/dynamorio/api/bin/signal.lib and object C:/Users/hacker/sou
  rce/repos/buildx64/dynamorio/api/bin/signal.exp
LINK : warning LNK4281: undesirable base address 0x72000000 for x64 image; set base address above 4GB for best ASLR opt
imization [C:\Users\hacker\source\repos\buildx64\dynamorio\api\samples\signal.vcxproj]
  signal.vcxproj -> C:\Users\hacker\source\repos\buildx64\dynamorio\api\bin\signal.dll
PostBuildEvent:
  setlocal
  "C:\Program Files\CMake\bin\cmake.exe" -E echo "Usage: pass to drconfig or drrun: -c C:/Users/hacker/source/repos/bui
  ldx64/dynamorio/api/samples/../bin/signal.dll"
  if %errorlevel% neq 0 goto :cmEnd
  :cmEnd
  endlocal & call :cmErrorLevel %errorlevel% & goto :cmDone
  :cmErrorLevel
  exit /b %1
  :cmDone
  if %errorlevel% neq 0 goto :VCEnd
  :VCEnd
  Usage: pass to drconfig or drrun: -c C:/Users/hacker/source/repos/buildx64/dynamorio/api/samples/../bin/signal.dll
FinalizeBuildStatus:
  Deleting file "signal.dir\Debug\signal.tlog\unsuccessfulbuild".
  Touching "signal.dir\Debug\signal.tlog\signal.lastbuildstate".
Done Building Project "C:\Users\hacker\source\repos\buildx64\dynamorio\api\samples\signal.vcxproj" (default targets).

Project "C:\Users\hacker\source\repos\buildx64\ALL_BUILD.vcxproj" (1) is building "C:\Users\hacker\source\repos\buildx6
4\dynamorio\api\samples\stats.vcxproj" (108) on node 1 (default targets).
PrepareForBuild:
  Creating directory "stats.dir\Debug\".
  Structured output is enabled. The formatting of compiler diagnostics will reflect the error hierarchy. See https://ak
  a.ms/cpp/structured-output for more details.
  Creating directory "stats.dir\Debug\stats.tlog\".
InitializeBuildStatus:
  Creating "stats.dir\Debug\stats.tlog\unsuccessfulbuild" because "AlwaysCreate" was specified.
  Touching "stats.dir\Debug\stats.tlog\unsuccessfulbuild".
CustomBuild:
  Building Custom Rule C:/Users/hacker/source/repos/drltrace/drltrace_src/dynamorio/api/samples/CMakeLists.txt
ClCompile:
  C:\Program Files\Microsoft Visual Studio\2022\Community\VC\Tools\MSVC\14.39.33519\bin\HostX64\x64\CL.exe /c /IC:\User
  s\hacker\source\repos\buildx64\dynamorio /IC:\Users\hacker\source\repos\buildx64\dynamorio\cmake\..\include /IC:\User
  s\hacker\source\repos\buildx64\dynamorio\api\samples\..\..\ext\include /Zi /nologo /W4 /WX /diagnostics:column /MP /O
  2 /D _WINDLL /D _MBCS /D DEBUG /D X86_64 /D WINDOWS /D SHOW_SYMBOLS /D _CRT_SECURE_NO_WARNINGS /D "CMAKE_INTDIR=\"Deb
  ug\"" /D stats_EXPORTS /GF /MTd /GS- /fp:precise /Zc:wchar_t /Zc:forScope /Zc:inline /Fo"stats.dir\Debug\\" /Fd"stats
  .dir\Debug\vc143.pdb" /external:W4 /Gd /TC /wd4100 /wd4127 /wd4054 /errorReport:queue  /FS C:\Users\hacker\source\rep
  os\drltrace\drltrace_src\dynamorio\api\samples\stats.c C:\Users\hacker\source\repos\drltrace\drltrace_src\dynamorio\a
  pi\samples\utils.c
  stats.c
  utils.c
Link:
  C:\Program Files\Microsoft Visual Studio\2022\Community\VC\Tools\MSVC\14.39.33519\bin\HostX64\x64\link.exe /ERRORREPO
  RT:QUEUE /OUT:"C:\Users\hacker\source\repos\buildx64\dynamorio\api\bin\stats.dll" /INCREMENTAL /ILK:"stats.dir\Debug\
  stats.ilk" /NOLOGO libcmtd.lib libvcruntimed.lib libucrtd.lib ..\..\ext\lib64\debug\drx.lib ..\..\ext\lib64\debug\drr
  eg.lib ..\..\ext\lib64\debug\drmgr.lib ..\..\ext\lib64\debug\drcontainers.lib ..\..\lib64\debug\dynamorio.lib ..\..\l
  ib64\ntdll_imports.lib kernel32.lib user32.lib gdi32.lib winspool.lib shell32.lib ole32.lib oleaut32.lib uuid.lib com
  dlg32.lib advapi32.lib /MANIFEST /MANIFESTUAC:"level='asInvoker' uiAccess='false'" /manifest:embed /DEBUG /PDB:"C:/Us
  ers/hacker/source/repos/buildx64/dynamorio/api/bin/stats.pdb" /SUBSYSTEM:CONSOLE /TLBID:1 /DYNAMICBASE /NXCOMPAT /IMP
  LIB:"C:/Users/hacker/source/repos/buildx64/dynamorio/api/bin/stats.lib" /MACHINE:X64  /machine:x64 /subsystem:console
  ,5.02 /opt:ref /opt:icf /pdbcompress /opt:ref /opt:icf /pdbcompress /nodefaultlib /base:0x72000000 /dynamicbase:no /D
  LL stats.dir\Debug\stats.obj
  stats.dir\Debug\utils.obj
LINK : warning LNK4075: ignoring '/INCREMENTAL' due to '/OPT:ICF' specification [C:\Users\hacker\source\repos\buildx64\
dynamorio\api\samples\stats.vcxproj]
     Creating library C:/Users/hacker/source/repos/buildx64/dynamorio/api/bin/stats.lib and object C:/Users/hacker/sour
  ce/repos/buildx64/dynamorio/api/bin/stats.exp
LINK : warning LNK4281: undesirable base address 0x72000000 for x64 image; set base address above 4GB for best ASLR opt
imization [C:\Users\hacker\source\repos\buildx64\dynamorio\api\samples\stats.vcxproj]
  stats.vcxproj -> C:\Users\hacker\source\repos\buildx64\dynamorio\api\bin\stats.dll
PostBuildEvent:
  setlocal
  "C:\Program Files\CMake\bin\cmake.exe" -E echo "Usage: pass to drconfig or drrun: -c C:/Users/hacker/source/repos/bui
  ldx64/dynamorio/api/samples/../bin/stats.dll"
  if %errorlevel% neq 0 goto :cmEnd
  :cmEnd
  endlocal & call :cmErrorLevel %errorlevel% & goto :cmDone
  :cmErrorLevel
  exit /b %1
  :cmDone
  if %errorlevel% neq 0 goto :VCEnd
  :VCEnd
  Usage: pass to drconfig or drrun: -c C:/Users/hacker/source/repos/buildx64/dynamorio/api/samples/../bin/stats.dll
FinalizeBuildStatus:
  Deleting file "stats.dir\Debug\stats.tlog\unsuccessfulbuild".
  Touching "stats.dir\Debug\stats.tlog\stats.lastbuildstate".
Done Building Project "C:\Users\hacker\source\repos\buildx64\dynamorio\api\samples\stats.vcxproj" (default targets).

Project "C:\Users\hacker\source\repos\buildx64\ALL_BUILD.vcxproj" (1) is building "C:\Users\hacker\source\repos\buildx6
4\dynamorio\api\samples\stl_test.vcxproj" (109) on node 1 (default targets).
PrepareForBuild:
  Creating directory "stl_test.dir\Debug\".
  Structured output is enabled. The formatting of compiler diagnostics will reflect the error hierarchy. See https://ak
  a.ms/cpp/structured-output for more details.
  Creating directory "stl_test.dir\Debug\stl_test.tlog\".
InitializeBuildStatus:
  Creating "stl_test.dir\Debug\stl_test.tlog\unsuccessfulbuild" because "AlwaysCreate" was specified.
  Touching "stl_test.dir\Debug\stl_test.tlog\unsuccessfulbuild".
CustomBuild:
  Building Custom Rule C:/Users/hacker/source/repos/drltrace/drltrace_src/dynamorio/api/samples/CMakeLists.txt
ClCompile:
  C:\Program Files\Microsoft Visual Studio\2022\Community\VC\Tools\MSVC\14.39.33519\bin\HostX64\x64\CL.exe /c /IC:\User
  s\hacker\source\repos\buildx64\dynamorio /IC:\Users\hacker\source\repos\buildx64\dynamorio\cmake\..\include /IC:\User
  s\hacker\source\repos\buildx64\dynamorio\api\samples\..\..\ext\include /Zi /nologo /W4 /WX /diagnostics:column /MP /O
  2 /D _WINDLL /D _MBCS /D DEBUG /D X86_64 /D WINDOWS /D SHOW_SYMBOLS /D _CRT_SECURE_NO_WARNINGS /D "CMAKE_INTDIR=\"Deb
  ug\"" /D stl_test_EXPORTS /GF /EHsc /MTd /GS- /fp:precise /Zc:wchar_t /Zc:forScope /Zc:inline /Fo"stl_test.dir\Debug\
  \" /Fd"stl_test.dir\Debug\vc143.pdb" /external:W4 /Gd /TP /wd4100 /wd4127 /wd4054 /errorReport:queue  /FS C:\Users\ha
  cker\source\repos\drltrace\drltrace_src\dynamorio\api\samples\stl_test.cpp
  stl_test.cpp
Link:
  C:\Program Files\Microsoft Visual Studio\2022\Community\VC\Tools\MSVC\14.39.33519\bin\HostX64\x64\link.exe /ERRORREPO
  RT:QUEUE /OUT:"C:\Users\hacker\source\repos\buildx64\dynamorio\api\bin\stl_test.dll" /INCREMENTAL /ILK:"stl_test.dir\
  Debug\stl_test.ilk" /NOLOGO libcpmtd.lib libcmtd.lib libvcruntimed.lib libucrtd.lib ..\..\lib64\debug\dynamorio.lib k
  ernel32.lib user32.lib gdi32.lib winspool.lib shell32.lib ole32.lib oleaut32.lib uuid.lib comdlg32.lib advapi32.lib /
  MANIFEST /MANIFESTUAC:"level='asInvoker' uiAccess='false'" /manifest:embed /DEBUG /PDB:"C:/Users/hacker/source/repos/
  buildx64/dynamorio/api/bin/stl_test.pdb" /SUBSYSTEM:CONSOLE /TLBID:1 /DYNAMICBASE /NXCOMPAT /IMPLIB:"C:/Users/hacker/
  source/repos/buildx64/dynamorio/api/bin/stl_test.lib" /MACHINE:X64  /machine:x64 /subsystem:console,5.02 /opt:ref /op
  t:icf /pdbcompress /opt:ref /opt:icf /pdbcompress /nodefaultlib:libcmt /base:0x72000000 /dynamicbase:no /DLL stl_test
  .dir\Debug\stl_test.obj
LINK : warning LNK4075: ignoring '/INCREMENTAL' due to '/OPT:ICF' specification [C:\Users\hacker\source\repos\buildx64\
dynamorio\api\samples\stl_test.vcxproj]
     Creating library C:/Users/hacker/source/repos/buildx64/dynamorio/api/bin/stl_test.lib and object C:/Users/hacker/s
  ource/repos/buildx64/dynamorio/api/bin/stl_test.exp
LINK : warning LNK4281: undesirable base address 0x72000000 for x64 image; set base address above 4GB for best ASLR opt
imization [C:\Users\hacker\source\repos\buildx64\dynamorio\api\samples\stl_test.vcxproj]
  stl_test.vcxproj -> C:\Users\hacker\source\repos\buildx64\dynamorio\api\bin\stl_test.dll
PostBuildEvent:
  setlocal
  "C:\Program Files\CMake\bin\cmake.exe" -E echo "Usage: pass to drconfig or drrun: -c C:/Users/hacker/source/repos/bui
  ldx64/dynamorio/api/samples/../bin/stl_test.dll"
  if %errorlevel% neq 0 goto :cmEnd
  :cmEnd
  endlocal & call :cmErrorLevel %errorlevel% & goto :cmDone
  :cmErrorLevel
  exit /b %1
  :cmDone
  if %errorlevel% neq 0 goto :VCEnd
  :VCEnd
  Usage: pass to drconfig or drrun: -c C:/Users/hacker/source/repos/buildx64/dynamorio/api/samples/../bin/stl_test.dll
FinalizeBuildStatus:
  Deleting file "stl_test.dir\Debug\stl_test.tlog\unsuccessfulbuild".
  Touching "stl_test.dir\Debug\stl_test.tlog\stl_test.lastbuildstate".
Done Building Project "C:\Users\hacker\source\repos\buildx64\dynamorio\api\samples\stl_test.vcxproj" (default targets).

Project "C:\Users\hacker\source\repos\buildx64\ALL_BUILD.vcxproj" (1) is building "C:\Users\hacker\source\repos\buildx6
4\dynamorio\tools\svccntrl.vcxproj" (110) on node 1 (default targets).
PrepareForBuild:
  Creating directory "svccntrl.dir\Debug\".
  Structured output is enabled. The formatting of compiler diagnostics will reflect the error hierarchy. See https://ak
  a.ms/cpp/structured-output for more details.
  Creating directory "svccntrl.dir\Debug\svccntrl.tlog\".
InitializeBuildStatus:
  Creating "svccntrl.dir\Debug\svccntrl.tlog\unsuccessfulbuild" because "AlwaysCreate" was specified.
  Touching "svccntrl.dir\Debug\svccntrl.tlog\unsuccessfulbuild".
CustomBuild:
  Building Custom Rule C:/Users/hacker/source/repos/drltrace/drltrace_src/dynamorio/tools/CMakeLists.txt
ClCompile:
  C:\Program Files\Microsoft Visual Studio\2022\Community\VC\Tools\MSVC\14.39.33519\bin\HostX64\x64\CL.exe /c /IC:\User
  s\hacker\source\repos\buildx64\dynamorio /IC:\Users\hacker\source\repos\drltrace\drltrace_src\dynamorio\libutil /IC:\
  Users\hacker\source\repos\drltrace\drltrace_src\dynamorio\core /IC:\Users\hacker\source\repos\drltrace\drltrace_src\d
  ynamorio\core\lib /Zi /nologo /W3 /WX /diagnostics:column /MP /Od /D _UNICODE /D UNICODE /D UNICODE /D _UNICODE /D RC
  _IS_svccntrl /D SHOW_SYMBOLS /D NOT_DYNAMORIO_CORE /D WIN32 /D "CMAKE_INTDIR=\"Debug\"" /GF /MTd /GS- /fp:precise /Zc
  :wchar_t /Zc:forScope /Zc:inline /Fo"svccntrl.dir\Debug\\" /Fd"svccntrl.dir\Debug\vc143.pdb" /external:W3 /Gd /TC /wd
  4996 /errorReport:queue  /FS C:\Users\hacker\source\repos\drltrace\drltrace_src\dynamorio\tools\svccntrl.c
  svccntrl.c
ResourceCompile:
  C:\Program Files (x86)\Windows Kits\10\bin\10.0.22621.0\x64\rc.exe /D _UNICODE /D UNICODE /D WIN32 /D _DEBUG /D UNICO
  DE /D _UNICODE /D RC_IS_svccntrl /D SHOW_SYMBOLS /D NOT_DYNAMORIO_CORE /D "CMAKE_INTDIR=\\\"Debug\\\"" /l"0x0409" /IC
  :\Users\hacker\source\repos\buildx64\dynamorio /IC:\Users\hacker\source\repos\drltrace\drltrace_src\dynamorio\libutil
   /IC:\Users\hacker\source\repos\drltrace\drltrace_src\dynamorio\core /IC:\Users\hacker\source\repos\drltrace\drltrace
  _src\dynamorio\core\lib /nologo /fo"svccntrl.dir\Debug\resources.res" C:\Users\hacker\source\repos\drltrace\drltrace_
  src\dynamorio\core\win32\resources.rc
Link:
  C:\Program Files\Microsoft Visual Studio\2022\Community\VC\Tools\MSVC\14.39.33519\bin\HostX64\x64\link.exe /ERRORREPO
  RT:QUEUE /OUT:"C:\Users\hacker\source\repos\buildx64\dynamorio\bin64\svccntrl.exe" /INCREMENTAL /ILK:"svccntrl.dir\De
  bug\svccntrl.ilk" /NOLOGO ..\lib64\policy_static.lib user32.lib advapi32.lib pdh.lib imagehlp.lib shell32.lib kernel3
  2.lib user32.lib gdi32.lib winspool.lib shell32.lib ole32.lib oleaut32.lib uuid.lib comdlg32.lib advapi32.lib /MANIFE
  ST /MANIFESTUAC:"level='asInvoker' uiAccess='false'" /manifest:embed /DEBUG /PDB:"C:/Users/hacker/source/repos/buildx
  64/dynamorio/bin64/svccntrl.pdb" /SUBSYSTEM:CONSOLE /TLBID:1 /DYNAMICBASE /NXCOMPAT /IMPLIB:"C:/Users/hacker/source/r
  epos/buildx64/dynamorio/lib64/svccntrl.lib" /MACHINE:X64  /machine:x64 /subsystem:console,5.02 /opt:ref /opt:icf /pdb
  compress svccntrl.dir\Debug\resources.res
  svccntrl.dir\Debug\svccntrl.obj
LINK : warning LNK4075: ignoring '/INCREMENTAL' due to '/OPT:ICF' specification [C:\Users\hacker\source\repos\buildx64\
dynamorio\tools\svccntrl.vcxproj]
  svccntrl.vcxproj -> C:\Users\hacker\source\repos\buildx64\dynamorio\bin64\svccntrl.exe
FinalizeBuildStatus:
  Deleting file "svccntrl.dir\Debug\svccntrl.tlog\unsuccessfulbuild".
  Touching "svccntrl.dir\Debug\svccntrl.tlog\svccntrl.lastbuildstate".
Done Building Project "C:\Users\hacker\source\repos\buildx64\dynamorio\tools\svccntrl.vcxproj" (default targets).

Project "C:\Users\hacker\source\repos\buildx64\ALL_BUILD.vcxproj" (1) is building "C:\Users\hacker\source\repos\buildx6
4\dynamorio\api\samples\syscall.vcxproj" (111) on node 1 (default targets).
PrepareForBuild:
  Creating directory "syscall.dir\Debug\".
  Structured output is enabled. The formatting of compiler diagnostics will reflect the error hierarchy. See https://ak
  a.ms/cpp/structured-output for more details.
  Creating directory "syscall.dir\Debug\syscall.tlog\".
InitializeBuildStatus:
  Creating "syscall.dir\Debug\syscall.tlog\unsuccessfulbuild" because "AlwaysCreate" was specified.
  Touching "syscall.dir\Debug\syscall.tlog\unsuccessfulbuild".
CustomBuild:
  Building Custom Rule C:/Users/hacker/source/repos/drltrace/drltrace_src/dynamorio/api/samples/CMakeLists.txt
ClCompile:
  C:\Program Files\Microsoft Visual Studio\2022\Community\VC\Tools\MSVC\14.39.33519\bin\HostX64\x64\CL.exe /c /IC:\User
  s\hacker\source\repos\buildx64\dynamorio /IC:\Users\hacker\source\repos\buildx64\dynamorio\cmake\..\include /IC:\User
  s\hacker\source\repos\buildx64\dynamorio\api\samples\..\..\ext\include /Zi /nologo /W4 /WX /diagnostics:column /MP /O
  2 /D _WINDLL /D _MBCS /D DEBUG /D X86_64 /D WINDOWS /D SHOW_SYMBOLS /D _CRT_SECURE_NO_WARNINGS /D "CMAKE_INTDIR=\"Deb
  ug\"" /D syscall_EXPORTS /GF /MTd /GS- /fp:precise /Zc:wchar_t /Zc:forScope /Zc:inline /Fo"syscall.dir\Debug\\" /Fd"s
  yscall.dir\Debug\vc143.pdb" /external:W4 /Gd /TC /wd4100 /wd4127 /wd4054 /errorReport:queue  /FS C:\Users\hacker\sour
  ce\repos\drltrace\drltrace_src\dynamorio\api\samples\syscall.c
  syscall.c
Link:
  C:\Program Files\Microsoft Visual Studio\2022\Community\VC\Tools\MSVC\14.39.33519\bin\HostX64\x64\link.exe /ERRORREPO
  RT:QUEUE /OUT:"C:\Users\hacker\source\repos\buildx64\dynamorio\api\bin\syscall.dll" /INCREMENTAL /ILK:"syscall.dir\De
  bug\syscall.ilk" /NOLOGO libcmtd.lib libvcruntimed.lib libucrtd.lib ..\..\ext\lib64\debug\drmgr.lib ..\..\lib64\debug
  \dynamorio.lib kernel32.lib user32.lib gdi32.lib winspool.lib shell32.lib ole32.lib oleaut32.lib uuid.lib comdlg32.li
  b advapi32.lib /MANIFEST /MANIFESTUAC:"level='asInvoker' uiAccess='false'" /manifest:embed /DEBUG /PDB:"C:/Users/hack
  er/source/repos/buildx64/dynamorio/api/bin/syscall.pdb" /SUBSYSTEM:CONSOLE /TLBID:1 /DYNAMICBASE /NXCOMPAT /IMPLIB:"C
  :/Users/hacker/source/repos/buildx64/dynamorio/api/bin/syscall.lib" /MACHINE:X64  /machine:x64 /subsystem:console,5.0
  2 /opt:ref /opt:icf /pdbcompress /opt:ref /opt:icf /pdbcompress /nodefaultlib /base:0x72000000 /dynamicbase:no /DLL s
  yscall.dir\Debug\syscall.obj
LINK : warning LNK4075: ignoring '/INCREMENTAL' due to '/OPT:ICF' specification [C:\Users\hacker\source\repos\buildx64\
dynamorio\api\samples\syscall.vcxproj]
     Creating library C:/Users/hacker/source/repos/buildx64/dynamorio/api/bin/syscall.lib and object C:/Users/hacker/so
  urce/repos/buildx64/dynamorio/api/bin/syscall.exp
LINK : warning LNK4281: undesirable base address 0x72000000 for x64 image; set base address above 4GB for best ASLR opt
imization [C:\Users\hacker\source\repos\buildx64\dynamorio\api\samples\syscall.vcxproj]
  syscall.vcxproj -> C:\Users\hacker\source\repos\buildx64\dynamorio\api\bin\syscall.dll
PostBuildEvent:
  setlocal
  "C:\Program Files\CMake\bin\cmake.exe" -E echo "Usage: pass to drconfig or drrun: -c C:/Users/hacker/source/repos/bui
  ldx64/dynamorio/api/samples/../bin/syscall.dll"
  if %errorlevel% neq 0 goto :cmEnd
  :cmEnd
  endlocal & call :cmErrorLevel %errorlevel% & goto :cmDone
  :cmErrorLevel
  exit /b %1
  :cmDone
  if %errorlevel% neq 0 goto :VCEnd
  :VCEnd
  Usage: pass to drconfig or drrun: -c C:/Users/hacker/source/repos/buildx64/dynamorio/api/samples/../bin/syscall.dll
FinalizeBuildStatus:
  Deleting file "syscall.dir\Debug\syscall.tlog\unsuccessfulbuild".
  Touching "syscall.dir\Debug\syscall.tlog\syscall.lastbuildstate".
Done Building Project "C:\Users\hacker\source\repos\buildx64\dynamorio\api\samples\syscall.vcxproj" (default targets).

Project "C:\Users\hacker\source\repos\buildx64\ALL_BUILD.vcxproj" (1) is building "C:\Users\hacker\source\repos\buildx6
4\dynamorio\api\samples\tracedump.vcxproj" (112) on node 1 (default targets).
PrepareForBuild:
  Creating directory "tracedump.dir\Debug\".
  Structured output is enabled. The formatting of compiler diagnostics will reflect the error hierarchy. See https://ak
  a.ms/cpp/structured-output for more details.
  Creating directory "tracedump.dir\Debug\tracedump.tlog\".
InitializeBuildStatus:
  Creating "tracedump.dir\Debug\tracedump.tlog\unsuccessfulbuild" because "AlwaysCreate" was specified.
  Touching "tracedump.dir\Debug\tracedump.tlog\unsuccessfulbuild".
CustomBuild:
  Building Custom Rule C:/Users/hacker/source/repos/drltrace/drltrace_src/dynamorio/api/samples/CMakeLists.txt
ClCompile:
  C:\Program Files\Microsoft Visual Studio\2022\Community\VC\Tools\MSVC\14.39.33519\bin\HostX64\x64\CL.exe /c /IC:\User
  s\hacker\source\repos\buildx64\dynamorio /IC:\Users\hacker\source\repos\buildx64\dynamorio\cmake\..\include /IC:\User
  s\hacker\source\repos\buildx64\dynamorio\api\samples\..\..\ext\include /Zi /nologo /W4 /WX /diagnostics:column /MP /O
  2 /D _MBCS /D DEBUG /D DYNAMORIO_STANDALONE /D X86_64 /D WINDOWS /D SHOW_SYMBOLS /D _CRT_SECURE_NO_WARNINGS /D "CMAKE
  _INTDIR=\"Debug\"" /GF /MTd /GS- /fp:precise /Zc:wchar_t /Zc:forScope /Zc:inline /Fo"tracedump.dir\Debug\\" /Fd"trace
  dump.dir\Debug\vc143.pdb" /external:W4 /Gd /TC /wd4100 /wd4127 /wd4054 /errorReport:queue  /FS C:\Users\hacker\source
  \repos\drltrace\drltrace_src\dynamorio\api\samples\tracedump.c
  tracedump.c
Link:
  C:\Program Files\Microsoft Visual Studio\2022\Community\VC\Tools\MSVC\14.39.33519\bin\HostX64\x64\link.exe /ERRORREPO
  RT:QUEUE /OUT:"C:\Users\hacker\source\repos\buildx64\dynamorio\api\bin\tracedump.exe" /INCREMENTAL /ILK:"tracedump.di
  r\Debug\tracedump.ilk" /NOLOGO libcmtd.lib libvcruntimed.lib libucrtd.lib ..\..\lib64\debug\dynamorio.lib kernel32.li
  b user32.lib gdi32.lib winspool.lib shell32.lib ole32.lib oleaut32.lib uuid.lib comdlg32.lib advapi32.lib /MANIFEST /
  MANIFESTUAC:"level='asInvoker' uiAccess='false'" /manifest:embed /DEBUG /PDB:"C:/Users/hacker/source/repos/buildx64/d
  ynamorio/api/bin/tracedump.pdb" /SUBSYSTEM:CONSOLE /TLBID:1 /DYNAMICBASE /NXCOMPAT /IMPLIB:"C:/Users/hacker/source/re
  pos/buildx64/dynamorio/api/bin/tracedump.lib" /MACHINE:X64  /machine:x64 /subsystem:console,5.02 /opt:ref /opt:icf /p
  dbcompress /opt:ref /opt:icf /pdbcompress /nodefaultlib tracedump.dir\Debug\tracedump.obj
LINK : warning LNK4075: ignoring '/INCREMENTAL' due to '/OPT:ICF' specification [C:\Users\hacker\source\repos\buildx64\
dynamorio\api\samples\tracedump.vcxproj]
  tracedump.vcxproj -> C:\Users\hacker\source\repos\buildx64\dynamorio\api\bin\tracedump.exe
PostBuildEvent:
  setlocal
  "C:\Program Files\CMake\bin\cmake.exe" -E echo "Make sure the loader finds the dynamorio library (set PATH or copy to
   same directory)"
  if %errorlevel% neq 0 goto :cmEnd
  :cmEnd
  endlocal & call :cmErrorLevel %errorlevel% & goto :cmDone
  :cmErrorLevel
  exit /b %1
  :cmDone
  if %errorlevel% neq 0 goto :VCEnd
  :VCEnd
  Make sure the loader finds the dynamorio library (set PATH or copy to same directory)
FinalizeBuildStatus:
  Deleting file "tracedump.dir\Debug\tracedump.tlog\unsuccessfulbuild".
  Touching "tracedump.dir\Debug\tracedump.tlog\tracedump.lastbuildstate".
Done Building Project "C:\Users\hacker\source\repos\buildx64\dynamorio\api\samples\tracedump.vcxproj" (default targets)
.

Project "C:\Users\hacker\source\repos\buildx64\ALL_BUILD.vcxproj" (1) is building "C:\Users\hacker\source\repos\buildx6
4\dynamorio\tools\winstats.vcxproj" (113) on node 1 (default targets).
PrepareForBuild:
  Creating directory "winstats.dir\Debug\".
  Structured output is enabled. The formatting of compiler diagnostics will reflect the error hierarchy. See https://ak
  a.ms/cpp/structured-output for more details.
  Creating directory "winstats.dir\Debug\winstats.tlog\".
InitializeBuildStatus:
  Creating "winstats.dir\Debug\winstats.tlog\unsuccessfulbuild" because "AlwaysCreate" was specified.
  Touching "winstats.dir\Debug\winstats.tlog\unsuccessfulbuild".
CustomBuild:
  Building Custom Rule C:/Users/hacker/source/repos/drltrace/drltrace_src/dynamorio/tools/CMakeLists.txt
ClCompile:
  C:\Program Files\Microsoft Visual Studio\2022\Community\VC\Tools\MSVC\14.39.33519\bin\HostX64\x64\CL.exe /c /IC:\User
  s\hacker\source\repos\buildx64\dynamorio /IC:\Users\hacker\source\repos\drltrace\drltrace_src\dynamorio\libutil /IC:\
  Users\hacker\source\repos\drltrace\drltrace_src\dynamorio\core /IC:\Users\hacker\source\repos\drltrace\drltrace_src\d
  ynamorio\core\lib /Zi /nologo /W3 /WX /diagnostics:column /MP /Od /D _MBCS /D RC_IS_winstats /D SHOW_SYMBOLS /D NOT_D
  YNAMORIO_CORE /D WIN32 /D "CMAKE_INTDIR=\"Debug\"" /GF /MTd /GS- /fp:precise /Zc:wchar_t /Zc:forScope /Zc:inline /Fo"
  winstats.dir\Debug\\" /Fd"winstats.dir\Debug\vc143.pdb" /external:W3 /Gd /TC /wd4996 /errorReport:queue  /FS C:\Users
  \hacker\source\repos\drltrace\drltrace_src\dynamorio\tools\winstats.c
  winstats.c
ResourceCompile:
  C:\Program Files (x86)\Windows Kits\10\bin\10.0.22621.0\x64\rc.exe /D WIN32 /D _DEBUG /D RC_IS_winstats /D SHOW_SYMBO
  LS /D NOT_DYNAMORIO_CORE /D "CMAKE_INTDIR=\\\"Debug\\\"" /l"0x0409" /IC:\Users\hacker\source\repos\buildx64\dynamorio
   /IC:\Users\hacker\source\repos\drltrace\drltrace_src\dynamorio\libutil /IC:\Users\hacker\source\repos\drltrace\drltr
  ace_src\dynamorio\core /IC:\Users\hacker\source\repos\drltrace\drltrace_src\dynamorio\core\lib /nologo /fo"winstats.d
  ir\Debug\resources.res" C:\Users\hacker\source\repos\drltrace\drltrace_src\dynamorio\core\win32\resources.rc
Link:
  C:\Program Files\Microsoft Visual Studio\2022\Community\VC\Tools\MSVC\14.39.33519\bin\HostX64\x64\link.exe /ERRORREPO
  RT:QUEUE /OUT:"C:\Users\hacker\source\repos\buildx64\dynamorio\bin64\winstats.exe" /INCREMENTAL /ILK:"winstats.dir\De
  bug\winstats.ilk" /NOLOGO ..\lib64\policy_static.lib user32.lib advapi32.lib pdh.lib imagehlp.lib shell32.lib kernel3
  2.lib user32.lib gdi32.lib winspool.lib shell32.lib ole32.lib oleaut32.lib uuid.lib comdlg32.lib advapi32.lib /MANIFE
  ST /MANIFESTUAC:"level='asInvoker' uiAccess='false'" /manifest:embed /DEBUG /PDB:"C:/Users/hacker/source/repos/buildx
  64/dynamorio/bin64/winstats.pdb" /SUBSYSTEM:CONSOLE /TLBID:1 /DYNAMICBASE /NXCOMPAT /IMPLIB:"C:/Users/hacker/source/r
  epos/buildx64/dynamorio/lib64/winstats.lib" /MACHINE:X64  /machine:x64 /subsystem:console,5.02 /opt:ref /opt:icf /pdb
  compress winstats.dir\Debug\resources.res
  winstats.dir\Debug\winstats.obj
LINK : warning LNK4075: ignoring '/INCREMENTAL' due to '/OPT:ICF' specification [C:\Users\hacker\source\repos\buildx64\
dynamorio\tools\winstats.vcxproj]
  winstats.vcxproj -> C:\Users\hacker\source\repos\buildx64\dynamorio\bin64\winstats.exe
FinalizeBuildStatus:
  Deleting file "winstats.dir\Debug\winstats.tlog\unsuccessfulbuild".
  Touching "winstats.dir\Debug\winstats.tlog\winstats.lastbuildstate".
Done Building Project "C:\Users\hacker\source\repos\buildx64\dynamorio\tools\winstats.vcxproj" (default targets).

Project "C:\Users\hacker\source\repos\buildx64\ALL_BUILD.vcxproj" (1) is building "C:\Users\hacker\source\repos\buildx6
4\dynamorio\clients\standalone\winsysnums.vcxproj" (114) on node 1 (default targets).
PrepareForBuild:
  Creating directory "winsysnums.dir\Debug\".
  Structured output is enabled. The formatting of compiler diagnostics will reflect the error hierarchy. See https://ak
  a.ms/cpp/structured-output for more details.
  Creating directory "winsysnums.dir\Debug\winsysnums.tlog\".
InitializeBuildStatus:
  Creating "winsysnums.dir\Debug\winsysnums.tlog\unsuccessfulbuild" because "AlwaysCreate" was specified.
  Touching "winsysnums.dir\Debug\winsysnums.tlog\unsuccessfulbuild".
CustomBuild:
  Building Custom Rule C:/Users/hacker/source/repos/drltrace/drltrace_src/dynamorio/clients/standalone/CMakeLists.txt
ClCompile:
  C:\Program Files\Microsoft Visual Studio\2022\Community\VC\Tools\MSVC\14.39.33519\bin\HostX64\x64\CL.exe /c /IC:\User
  s\hacker\source\repos\buildx64\dynamorio /IC:\Users\hacker\source\repos\buildx64\dynamorio\cmake\..\include /IC:\User
  s\hacker\source\repos\buildx64\dynamorio\ext\include /Zi /nologo /W4 /WX /diagnostics:column /MP /Od /D _MBCS /D DEBU
  G /D X64 /D DYNAMORIO_STANDALONE /D X86_64 /D WINDOWS /D DR_REG_ENUM_COMPATIBILITY /D SHOW_SYMBOLS /D _CRT_SECURE_NO_
  WARNINGS /D "CMAKE_INTDIR=\"Debug\"" /GF /MTd /GS- /fp:precise /Zc:wchar_t /Zc:forScope /Zc:inline /Fo"winsysnums.dir
  \Debug\\" /Fd"winsysnums.dir\Debug\vc143.pdb" /external:W4 /Gd /TC /wd4100 /wd4127 /wd4054 /wd4100 /wd4127 /wd4054 /e
  rrorReport:queue  /FS C:\Users\hacker\source\repos\drltrace\drltrace_src\dynamorio\clients\standalone\winsysnums.c
  winsysnums.c
Link:
  C:\Program Files\Microsoft Visual Studio\2022\Community\VC\Tools\MSVC\14.39.33519\bin\HostX64\x64\link.exe /ERRORREPO
  RT:QUEUE /OUT:"C:\Users\hacker\source\repos\buildx64\dynamorio\clients\bin64\winsysnums.exe" /INCREMENTAL /ILK:"winsy
  snums.dir\Debug\winsysnums.ilk" /NOLOGO libcmtd.lib libvcruntimed.lib libucrtd.lib ..\..\ext\lib64\debug\drsyms.lib i
  magehlp.lib ..\..\lib64\debug\dynamorio.lib kernel32.lib user32.lib gdi32.lib winspool.lib shell32.lib ole32.lib olea
  ut32.lib uuid.lib comdlg32.lib advapi32.lib /MANIFEST /MANIFESTUAC:"level='asInvoker' uiAccess='false'" /manifest:emb
  ed /DEBUG /PDB:"C:/Users/hacker/source/repos/buildx64/dynamorio/clients/bin64/winsysnums.pdb" /SUBSYSTEM:CONSOLE /TLB
  ID:1 /DYNAMICBASE /NXCOMPAT /IMPLIB:"C:/Users/hacker/source/repos/buildx64/dynamorio/clients/lib64/debug/winsysnums.l
  ib" /MACHINE:X64  /machine:x64 /subsystem:console,5.02 /opt:ref /opt:icf /pdbcompress /opt:ref /opt:icf /pdbcompress
  /nodefaultlib winsysnums.dir\Debug\winsysnums.obj
LINK : warning LNK4075: ignoring '/INCREMENTAL' due to '/OPT:ICF' specification [C:\Users\hacker\source\repos\buildx64\
dynamorio\clients\standalone\winsysnums.vcxproj]
  winsysnums.vcxproj -> C:\Users\hacker\source\repos\buildx64\dynamorio\clients\bin64\winsysnums.exe
PostBuildEvent:
  setlocal
  "C:\Program Files\CMake\bin\cmake.exe" -E echo "Make sure the loader finds the dynamorio library (set PATH or copy to
   same directory)"
  if %errorlevel% neq 0 goto :cmEnd
  :cmEnd
  endlocal & call :cmErrorLevel %errorlevel% & goto :cmDone
  :cmErrorLevel
  exit /b %1
  :cmDone
  if %errorlevel% neq 0 goto :VCEnd
  :VCEnd
  Make sure the loader finds the dynamorio library (set PATH or copy to same directory)
FinalizeBuildStatus:
  Deleting file "winsysnums.dir\Debug\winsysnums.tlog\unsuccessfulbuild".
  Touching "winsysnums.dir\Debug\winsysnums.tlog\winsysnums.lastbuildstate".
Done Building Project "C:\Users\hacker\source\repos\buildx64\dynamorio\clients\standalone\winsysnums.vcxproj" (default
targets).

Project "C:\Users\hacker\source\repos\buildx64\ALL_BUILD.vcxproj" (1) is building "C:\Users\hacker\source\repos\buildx6
4\dynamorio\api\samples\wrap.vcxproj" (115) on node 1 (default targets).
PrepareForBuild:
  Creating directory "wrap.dir\Debug\".
  Structured output is enabled. The formatting of compiler diagnostics will reflect the error hierarchy. See https://ak
  a.ms/cpp/structured-output for more details.
  Creating directory "wrap.dir\Debug\wrap.tlog\".
InitializeBuildStatus:
  Creating "wrap.dir\Debug\wrap.tlog\unsuccessfulbuild" because "AlwaysCreate" was specified.
  Touching "wrap.dir\Debug\wrap.tlog\unsuccessfulbuild".
CustomBuild:
  Building Custom Rule C:/Users/hacker/source/repos/drltrace/drltrace_src/dynamorio/api/samples/CMakeLists.txt
ClCompile:
  C:\Program Files\Microsoft Visual Studio\2022\Community\VC\Tools\MSVC\14.39.33519\bin\HostX64\x64\CL.exe /c /IC:\User
  s\hacker\source\repos\buildx64\dynamorio /IC:\Users\hacker\source\repos\buildx64\dynamorio\cmake\..\include /IC:\User
  s\hacker\source\repos\buildx64\dynamorio\api\samples\..\..\ext\include /Zi /nologo /W4 /WX /diagnostics:column /MP /O
  2 /D _WINDLL /D _MBCS /D DEBUG /D X86_64 /D WINDOWS /D SHOW_SYMBOLS /D _CRT_SECURE_NO_WARNINGS /D "CMAKE_INTDIR=\"Deb
  ug\"" /D wrap_EXPORTS /GF /MTd /GS- /fp:precise /Zc:wchar_t /Zc:forScope /Zc:inline /Fo"wrap.dir\Debug\\" /Fd"wrap.di
  r\Debug\vc143.pdb" /external:W4 /Gd /TC /wd4100 /wd4127 /wd4054 /errorReport:queue  /FS C:\Users\hacker\source\repos\
  drltrace\drltrace_src\dynamorio\api\samples\wrap.c
  wrap.c
Link:
  C:\Program Files\Microsoft Visual Studio\2022\Community\VC\Tools\MSVC\14.39.33519\bin\HostX64\x64\link.exe /ERRORREPO
  RT:QUEUE /OUT:"C:\Users\hacker\source\repos\buildx64\dynamorio\api\bin\wrap.dll" /INCREMENTAL /ILK:"wrap.dir\Debug\wr
  ap.ilk" /NOLOGO libcmtd.lib libvcruntimed.lib libucrtd.lib ..\..\ext\lib64\debug\drwrap.lib ..\..\ext\lib64\debug\drm
  gr.lib ..\..\ext\lib64\debug\drcontainers.lib ..\..\lib64\debug\dynamorio.lib kernel32.lib user32.lib gdi32.lib winsp
  ool.lib shell32.lib ole32.lib oleaut32.lib uuid.lib comdlg32.lib advapi32.lib /MANIFEST /MANIFESTUAC:"level='asInvoke
  r' uiAccess='false'" /manifest:embed /DEBUG /PDB:"C:/Users/hacker/source/repos/buildx64/dynamorio/api/bin/wrap.pdb" /
  SUBSYSTEM:CONSOLE /TLBID:1 /DYNAMICBASE /NXCOMPAT /IMPLIB:"C:/Users/hacker/source/repos/buildx64/dynamorio/api/bin/wr
  ap.lib" /MACHINE:X64  /machine:x64 /subsystem:console,5.02 /opt:ref /opt:icf /pdbcompress /opt:ref /opt:icf /pdbcompr
  ess /nodefaultlib /base:0x72000000 /dynamicbase:no /safeseh:no /DLL wrap.dir\Debug\wrap.obj
LINK : warning LNK4075: ignoring '/INCREMENTAL' due to '/OPT:ICF' specification [C:\Users\hacker\source\repos\buildx64\
dynamorio\api\samples\wrap.vcxproj]
     Creating library C:/Users/hacker/source/repos/buildx64/dynamorio/api/bin/wrap.lib and object C:/Users/hacker/sourc
  e/repos/buildx64/dynamorio/api/bin/wrap.exp
LINK : warning LNK4281: undesirable base address 0x72000000 for x64 image; set base address above 4GB for best ASLR opt
imization [C:\Users\hacker\source\repos\buildx64\dynamorio\api\samples\wrap.vcxproj]
  wrap.vcxproj -> C:\Users\hacker\source\repos\buildx64\dynamorio\api\bin\wrap.dll
PostBuildEvent:
  setlocal
  "C:\Program Files\CMake\bin\cmake.exe" -E echo "Usage: pass to drconfig or drrun: -c C:/Users/hacker/source/repos/bui
  ldx64/dynamorio/api/samples/../bin/wrap.dll"
  if %errorlevel% neq 0 goto :cmEnd
  :cmEnd
  endlocal & call :cmErrorLevel %errorlevel% & goto :cmDone
  :cmErrorLevel
  exit /b %1
  :cmDone
  if %errorlevel% neq 0 goto :VCEnd
  :VCEnd
  Usage: pass to drconfig or drrun: -c C:/Users/hacker/source/repos/buildx64/dynamorio/api/samples/../bin/wrap.dll
FinalizeBuildStatus:
  Deleting file "wrap.dir\Debug\wrap.tlog\unsuccessfulbuild".
  Touching "wrap.dir\Debug\wrap.tlog\wrap.lastbuildstate".
Done Building Project "C:\Users\hacker\source\repos\buildx64\dynamorio\api\samples\wrap.vcxproj" (default targets).

PrepareForBuild:
  Creating directory "X64\Debug\ALL_BUILD\".
  Structured output is enabled. The formatting of compiler diagnostics will reflect the error hierarchy. See https://ak
  a.ms/cpp/structured-output for more details.
  Creating directory "X64\Debug\ALL_BUILD\ALL_BUILD.tlog\".
InitializeBuildStatus:
  Creating "X64\Debug\ALL_BUILD\ALL_BUILD.tlog\unsuccessfulbuild" because "AlwaysCreate" was specified.
  Touching "X64\Debug\ALL_BUILD\ALL_BUILD.tlog\unsuccessfulbuild".
CustomBuild:
  Building Custom Rule C:/Users/hacker/source/repos/drltrace/drltrace_src/CMakeLists.txt
FinalizeBuildStatus:
  Deleting file "X64\Debug\ALL_BUILD\ALL_BUILD.tlog\unsuccessfulbuild".
  Touching "X64\Debug\ALL_BUILD\ALL_BUILD.tlog\ALL_BUILD.lastbuildstate".
Done Building Project "C:\Users\hacker\source\repos\buildx64\ALL_BUILD.vcxproj" (default targets).


Build succeeded.

"C:\Users\hacker\source\repos\buildx64\ALL_BUILD.vcxproj" (default target) (1) ->
"C:\Users\hacker\source\repos\buildx64\drconfiglib_copy_tgt.vcxproj" (default target) (3) ->
"C:\Users\hacker\source\repos\buildx64\dynamorio\libutil\drconfiglib.vcxproj" (default target) (4) ->
(Link target) ->
  LINK : warning LNK4075: ignoring '/INCREMENTAL' due to '/OPT:ICF' specification [C:\Users\hacker\source\repos\buildx6
4\dynamorio\libutil\drconfiglib.vcxproj]


"C:\Users\hacker\source\repos\buildx64\ALL_BUILD.vcxproj" (default target) (1) ->
"C:\Users\hacker\source\repos\buildx64\drdll_copy_tgt.vcxproj" (default target) (11) ->
"C:\Users\hacker\source\repos\buildx64\dynamorio\core\dynamorio.vcxproj" (default target) (12) ->
"C:\Users\hacker\source\repos\buildx64\dynamorio\core\ntdll_imports.vcxproj" (default target) (15) ->
  LINK : warning LNK4075: ignoring '/INCREMENTAL' due to '/OPT:ICF' specification [C:\Users\hacker\source\repos\buildx6
4\dynamorio\core\ntdll_imports.vcxproj]
  ntdll_imports.exp : warning LNK4070: /OUT:ntdll.dll directive in .EXP differs from output filename 'C:\Users\hacker\s
ource\repos\buildx64\dynamorio\lib64\ntdll_imports.dll'; ignoring directive [C:\Users\hacker\source\repos\buildx64\dyna
morio\core\ntdll_imports.vcxproj]


"C:\Users\hacker\source\repos\buildx64\ALL_BUILD.vcxproj" (default target) (1) ->
"C:\Users\hacker\source\repos\buildx64\drdll_copy_tgt.vcxproj" (default target) (11) ->
"C:\Users\hacker\source\repos\buildx64\dynamorio\core\dynamorio.vcxproj" (default target) (12) ->
  LINK : warning LNK4281: undesirable base address 0x15000000 for x64 image; set base address above 4GB for best ASLR o
ptimization [C:\Users\hacker\source\repos\buildx64\dynamorio\core\dynamorio.vcxproj]


"C:\Users\hacker\source\repos\buildx64\ALL_BUILD.vcxproj" (default target) (1) ->
"C:\Users\hacker\source\repos\buildx64\dynamorio\tools\DRcontrol.vcxproj" (default target) (19) ->
  LINK : warning LNK4075: ignoring '/INCREMENTAL' due to '/OPT:ICF' specification [C:\Users\hacker\source\repos\buildx6
4\dynamorio\tools\DRcontrol.vcxproj]


"C:\Users\hacker\source\repos\buildx64\ALL_BUILD.vcxproj" (default target) (1) ->
"C:\Users\hacker\source\repos\buildx64\dynamorio\tools\DRkill.vcxproj" (default target) (21) ->
  LINK : warning LNK4075: ignoring '/INCREMENTAL' due to '/OPT:ICF' specification [C:\Users\hacker\source\repos\buildx6
4\dynamorio\tools\DRkill.vcxproj]


"C:\Users\hacker\source\repos\buildx64\ALL_BUILD.vcxproj" (default target) (1) ->
"C:\Users\hacker\source\repos\buildx64\dynamorio\tools\DRload.vcxproj" (default target) (22) ->
  LINK : warning LNK4075: ignoring '/INCREMENTAL' due to '/OPT:ICF' specification [C:\Users\hacker\source\repos\buildx6
4\dynamorio\tools\DRload.vcxproj]


"C:\Users\hacker\source\repos\buildx64\ALL_BUILD.vcxproj" (default target) (1) ->
"C:\Users\hacker\source\repos\buildx64\dynamorio\tools\DRview.vcxproj" (default target) (23) ->
  LINK : warning LNK4075: ignoring '/INCREMENTAL' due to '/OPT:ICF' specification [C:\Users\hacker\source\repos\buildx6
4\dynamorio\tools\DRview.vcxproj]


"C:\Users\hacker\source\repos\buildx64\ALL_BUILD.vcxproj" (default target) (1) ->
"C:\Users\hacker\source\repos\buildx64\dynamorio\tools\balloon.vcxproj" (default target) (24) ->
  LINK : warning LNK4075: ignoring '/INCREMENTAL' due to '/OPT:ICF' specification [C:\Users\hacker\source\repos\buildx6
4\dynamorio\tools\balloon.vcxproj]


"C:\Users\hacker\source\repos\buildx64\ALL_BUILD.vcxproj" (default target) (1) ->
"C:\Users\hacker\source\repos\buildx64\dynamorio\api\samples\bbbuf.vcxproj" (default target) (25) ->
"C:\Users\hacker\source\repos\buildx64\dynamorio\ext\drmgr\drmgr.vcxproj" (default target) (27) ->
(ResourceCompile target) ->
  C:\Users\hacker\source\repos\buildx64\dynamorio\configure.h(52): warning RC4005: 'X64' : redefinition [C:\Users\hacke
r\source\repos\buildx64\dynamorio\ext\drmgr\drmgr.vcxproj]


"C:\Users\hacker\source\repos\buildx64\ALL_BUILD.vcxproj" (default target) (1) ->
"C:\Users\hacker\source\repos\buildx64\dynamorio\api\samples\bbbuf.vcxproj" (default target) (25) ->
"C:\Users\hacker\source\repos\buildx64\dynamorio\ext\drmgr\drmgr.vcxproj" (default target) (27) ->
(Link target) ->
  LINK : warning LNK4075: ignoring '/INCREMENTAL' due to '/OPT:ICF' specification [C:\Users\hacker\source\repos\buildx6
4\dynamorio\ext\drmgr\drmgr.vcxproj]
  LINK : warning LNK4281: undesirable base address 0x73000000 for x64 image; set base address above 4GB for best ASLR o
ptimization [C:\Users\hacker\source\repos\buildx64\dynamorio\ext\drmgr\drmgr.vcxproj]


"C:\Users\hacker\source\repos\buildx64\ALL_BUILD.vcxproj" (default target) (1) ->
"C:\Users\hacker\source\repos\buildx64\dynamorio\api\samples\bbbuf.vcxproj" (default target) (25) ->
"C:\Users\hacker\source\repos\buildx64\dynamorio\ext\drreg\drreg.vcxproj" (default target) (28) ->
(ResourceCompile target) ->
  C:\Users\hacker\source\repos\buildx64\dynamorio\configure.h(52): warning RC4005: 'X64' : redefinition [C:\Users\hacke
r\source\repos\buildx64\dynamorio\ext\drreg\drreg.vcxproj]


"C:\Users\hacker\source\repos\buildx64\ALL_BUILD.vcxproj" (default target) (1) ->
"C:\Users\hacker\source\repos\buildx64\dynamorio\api\samples\bbbuf.vcxproj" (default target) (25) ->
"C:\Users\hacker\source\repos\buildx64\dynamorio\ext\drreg\drreg.vcxproj" (default target) (28) ->
(Link target) ->
  LINK : warning LNK4075: ignoring '/INCREMENTAL' due to '/OPT:ICF' specification [C:\Users\hacker\source\repos\buildx6
4\dynamorio\ext\drreg\drreg.vcxproj]
  LINK : warning LNK4281: undesirable base address 0x78000000 for x64 image; set base address above 4GB for best ASLR o
ptimization [C:\Users\hacker\source\repos\buildx64\dynamorio\ext\drreg\drreg.vcxproj]


"C:\Users\hacker\source\repos\buildx64\ALL_BUILD.vcxproj" (default target) (1) ->
"C:\Users\hacker\source\repos\buildx64\dynamorio\api\samples\bbbuf.vcxproj" (default target) (25) ->
"C:\Users\hacker\source\repos\buildx64\dynamorio\ext\drx\drx.vcxproj" (default target) (29) ->
(ResourceCompile target) ->
  C:\Users\hacker\source\repos\buildx64\dynamorio\configure.h(52): warning RC4005: 'X64' : redefinition [C:\Users\hacke
r\source\repos\buildx64\dynamorio\ext\drx\drx.vcxproj]


"C:\Users\hacker\source\repos\buildx64\ALL_BUILD.vcxproj" (default target) (1) ->
"C:\Users\hacker\source\repos\buildx64\dynamorio\api\samples\bbbuf.vcxproj" (default target) (25) ->
"C:\Users\hacker\source\repos\buildx64\dynamorio\ext\drx\drx.vcxproj" (default target) (29) ->
(Link target) ->
  LINK : warning LNK4075: ignoring '/INCREMENTAL' due to '/OPT:ICF' specification [C:\Users\hacker\source\repos\buildx6
4\dynamorio\ext\drx\drx.vcxproj]
  LINK : warning LNK4281: undesirable base address 0x77000000 for x64 image; set base address above 4GB for best ASLR o
ptimization [C:\Users\hacker\source\repos\buildx64\dynamorio\ext\drx\drx.vcxproj]


"C:\Users\hacker\source\repos\buildx64\ALL_BUILD.vcxproj" (default target) (1) ->
"C:\Users\hacker\source\repos\buildx64\dynamorio\api\samples\bbbuf.vcxproj" (default target) (25) ->
  LINK : warning LNK4075: ignoring '/INCREMENTAL' due to '/OPT:ICF' specification [C:\Users\hacker\source\repos\buildx6
4\dynamorio\api\samples\bbbuf.vcxproj]
  LINK : warning LNK4281: undesirable base address 0x72000000 for x64 image; set base address above 4GB for best ASLR o
ptimization [C:\Users\hacker\source\repos\buildx64\dynamorio\api\samples\bbbuf.vcxproj]


"C:\Users\hacker\source\repos\buildx64\ALL_BUILD.vcxproj" (default target) (1) ->
"C:\Users\hacker\source\repos\buildx64\dynamorio\api\samples\bbcount.vcxproj" (default target) (30) ->
  LINK : warning LNK4075: ignoring '/INCREMENTAL' due to '/OPT:ICF' specification [C:\Users\hacker\source\repos\buildx6
4\dynamorio\api\samples\bbcount.vcxproj]
  LINK : warning LNK4281: undesirable base address 0x72000000 for x64 image; set base address above 4GB for best ASLR o
ptimization [C:\Users\hacker\source\repos\buildx64\dynamorio\api\samples\bbcount.vcxproj]


"C:\Users\hacker\source\repos\buildx64\ALL_BUILD.vcxproj" (default target) (1) ->
"C:\Users\hacker\source\repos\buildx64\dynamorio\api\samples\bbsize.vcxproj" (default target) (31) ->
  LINK : warning LNK4075: ignoring '/INCREMENTAL' due to '/OPT:ICF' specification [C:\Users\hacker\source\repos\buildx6
4\dynamorio\api\samples\bbsize.vcxproj]
  LINK : warning LNK4281: undesirable base address 0x72000000 for x64 image; set base address above 4GB for best ASLR o
ptimization [C:\Users\hacker\source\repos\buildx64\dynamorio\api\samples\bbsize.vcxproj]


"C:\Users\hacker\source\repos\buildx64\ALL_BUILD.vcxproj" (default target) (1) ->
"C:\Users\hacker\source\repos\buildx64\dynamorio\api\samples\cbr.vcxproj" (default target) (32) ->
  LINK : warning LNK4075: ignoring '/INCREMENTAL' due to '/OPT:ICF' specification [C:\Users\hacker\source\repos\buildx6
4\dynamorio\api\samples\cbr.vcxproj]
  LINK : warning LNK4281: undesirable base address 0x72000000 for x64 image; set base address above 4GB for best ASLR o
ptimization [C:\Users\hacker\source\repos\buildx64\dynamorio\api\samples\cbr.vcxproj]


"C:\Users\hacker\source\repos\buildx64\ALL_BUILD.vcxproj" (default target) (1) ->
"C:\Users\hacker\source\repos\buildx64\dynamorio\api\samples\cbrtrace.vcxproj" (default target) (33) ->
  LINK : warning LNK4075: ignoring '/INCREMENTAL' due to '/OPT:ICF' specification [C:\Users\hacker\source\repos\buildx6
4\dynamorio\api\samples\cbrtrace.vcxproj]
  LINK : warning LNK4281: undesirable base address 0x72000000 for x64 image; set base address above 4GB for best ASLR o
ptimization [C:\Users\hacker\source\repos\buildx64\dynamorio\api\samples\cbrtrace.vcxproj]


"C:\Users\hacker\source\repos\buildx64\ALL_BUILD.vcxproj" (default target) (1) ->
"C:\Users\hacker\source\repos\buildx64\dynamorio\tools\closewnd.vcxproj" (default target) (34) ->
  LINK : warning LNK4075: ignoring '/INCREMENTAL' due to '/OPT:ICF' specification [C:\Users\hacker\source\repos\buildx6
4\dynamorio\tools\closewnd.vcxproj]


"C:\Users\hacker\source\repos\buildx64\ALL_BUILD.vcxproj" (default target) (1) ->
"C:\Users\hacker\source\repos\buildx64\dynamorio\api\samples\countcalls.vcxproj" (default target) (35) ->
  LINK : warning LNK4075: ignoring '/INCREMENTAL' due to '/OPT:ICF' specification [C:\Users\hacker\source\repos\buildx6
4\dynamorio\api\samples\countcalls.vcxproj]
  LINK : warning LNK4281: undesirable base address 0x72000000 for x64 image; set base address above 4GB for best ASLR o
ptimization [C:\Users\hacker\source\repos\buildx64\dynamorio\api\samples\countcalls.vcxproj]


"C:\Users\hacker\source\repos\buildx64\ALL_BUILD.vcxproj" (default target) (1) ->
"C:\Users\hacker\source\repos\buildx64\dynamorio\tools\create_process.vcxproj" (default target) (36) ->
  LINK : warning LNK4075: ignoring '/INCREMENTAL' due to '/OPT:ICF' specification [C:\Users\hacker\source\repos\buildx6
4\dynamorio\tools\create_process.vcxproj]


"C:\Users\hacker\source\repos\buildx64\ALL_BUILD.vcxproj" (default target) (1) ->
"C:\Users\hacker\source\repos\buildx64\dynamorio\api\samples\div.vcxproj" (default target) (38) ->
  LINK : warning LNK4075: ignoring '/INCREMENTAL' due to '/OPT:ICF' specification [C:\Users\hacker\source\repos\buildx6
4\dynamorio\api\samples\div.vcxproj]
  LINK : warning LNK4281: undesirable base address 0x72000000 for x64 image; set base address above 4GB for best ASLR o
ptimization [C:\Users\hacker\source\repos\buildx64\dynamorio\api\samples\div.vcxproj]


"C:\Users\hacker\source\repos\buildx64\ALL_BUILD.vcxproj" (default target) (1) ->
"C:\Users\hacker\source\repos\buildx64\dynamorio\ext\drbbdup\drbbdup.vcxproj" (default target) (39) ->
  LINK : warning LNK4075: ignoring '/INCREMENTAL' due to '/OPT:ICF' specification [C:\Users\hacker\source\repos\buildx6
4\dynamorio\ext\drbbdup\drbbdup.vcxproj]
  LINK : warning LNK4281: undesirable base address 0x72000000 for x64 image; set base address above 4GB for best ASLR o
ptimization [C:\Users\hacker\source\repos\buildx64\dynamorio\ext\drbbdup\drbbdup.vcxproj]


"C:\Users\hacker\source\repos\buildx64\ALL_BUILD.vcxproj" (default target) (1) ->
"C:\Users\hacker\source\repos\buildx64\dynamorio\clients\drcachesim\drcachesim.vcxproj" (default target) (43) ->
  LINK : warning LNK4075: ignoring '/INCREMENTAL' due to '/OPT:ICF' specification [C:\Users\hacker\source\repos\buildx6
4\dynamorio\clients\drcachesim\drcachesim.vcxproj]


"C:\Users\hacker\source\repos\buildx64\ALL_BUILD.vcxproj" (default target) (1) ->
"C:\Users\hacker\source\repos\buildx64\dynamorio\clients\drcachesim\drcachesim_ops.vcxproj" (default target) (56) ->
  LINK : warning LNK4075: ignoring '/INCREMENTAL' due to '/OPT:ICF' specification [C:\Users\hacker\source\repos\buildx6
4\dynamorio\clients\drcachesim\drcachesim_ops.vcxproj]


"C:\Users\hacker\source\repos\buildx64\ALL_BUILD.vcxproj" (default target) (1) ->
"C:\Users\hacker\source\repos\buildx64\dynamorio\tools\drconfig.vcxproj" (default target) (57) ->
  LINK : warning LNK4075: ignoring '/INCREMENTAL' due to '/OPT:ICF' specification [C:\Users\hacker\source\repos\buildx6
4\dynamorio\tools\drconfig.vcxproj]


"C:\Users\hacker\source\repos\buildx64\ALL_BUILD.vcxproj" (default target) (1) ->
"C:\Users\hacker\source\repos\buildx64\dynamorio\clients\drcov\drcov.vcxproj" (default target) (58) ->
"C:\Users\hacker\source\repos\buildx64\dynamorio\ext\drcovlib\drcovlib.vcxproj" (default target) (59) ->
(ResourceCompile target) ->
  C:\Users\hacker\source\repos\buildx64\dynamorio\configure.h(52): warning RC4005: 'X64' : redefinition [C:\Users\hacke
r\source\repos\buildx64\dynamorio\ext\drcovlib\drcovlib.vcxproj]


"C:\Users\hacker\source\repos\buildx64\ALL_BUILD.vcxproj" (default target) (1) ->
"C:\Users\hacker\source\repos\buildx64\dynamorio\clients\drcov\drcov.vcxproj" (default target) (58) ->
"C:\Users\hacker\source\repos\buildx64\dynamorio\ext\drcovlib\drcovlib.vcxproj" (default target) (59) ->
(Link target) ->
  LINK : warning LNK4075: ignoring '/INCREMENTAL' due to '/OPT:ICF' specification [C:\Users\hacker\source\repos\buildx6
4\dynamorio\ext\drcovlib\drcovlib.vcxproj]
  LINK : warning LNK4281: undesirable base address 0x73800000 for x64 image; set base address above 4GB for best ASLR o
ptimization [C:\Users\hacker\source\repos\buildx64\dynamorio\ext\drcovlib\drcovlib.vcxproj]


"C:\Users\hacker\source\repos\buildx64\ALL_BUILD.vcxproj" (default target) (1) ->
"C:\Users\hacker\source\repos\buildx64\dynamorio\clients\drcov\drcov.vcxproj" (default target) (58) ->
  LINK : warning LNK4075: ignoring '/INCREMENTAL' due to '/OPT:ICF' specification [C:\Users\hacker\source\repos\buildx6
4\dynamorio\clients\drcov\drcov.vcxproj]
  LINK : warning LNK4281: undesirable base address 0x72000000 for x64 image; set base address above 4GB for best ASLR o
ptimization [C:\Users\hacker\source\repos\buildx64\dynamorio\clients\drcov\drcov.vcxproj]


"C:\Users\hacker\source\repos\buildx64\ALL_BUILD.vcxproj" (default target) (1) ->
"C:\Users\hacker\source\repos\buildx64\dynamorio\clients\drcov\drcov2lcov.vcxproj" (default target) (60) ->
  LINK : warning LNK4075: ignoring '/INCREMENTAL' due to '/OPT:ICF' specification [C:\Users\hacker\source\repos\buildx6
4\dynamorio\clients\drcov\drcov2lcov.vcxproj]


"C:\Users\hacker\source\repos\buildx64\ALL_BUILD.vcxproj" (default target) (1) ->
"C:\Users\hacker\source\repos\buildx64\dynamorio\clients\drcpusim\drcpusim.vcxproj" (default target) (63) ->
"C:\Users\hacker\source\repos\buildx64\dynamorio\ext\drutil\drutil.vcxproj" (default target) (64) ->
(ResourceCompile target) ->
  C:\Users\hacker\source\repos\buildx64\dynamorio\configure.h(52): warning RC4005: 'X64' : redefinition [C:\Users\hacke
r\source\repos\buildx64\dynamorio\ext\drutil\drutil.vcxproj]


"C:\Users\hacker\source\repos\buildx64\ALL_BUILD.vcxproj" (default target) (1) ->
"C:\Users\hacker\source\repos\buildx64\dynamorio\clients\drcpusim\drcpusim.vcxproj" (default target) (63) ->
"C:\Users\hacker\source\repos\buildx64\dynamorio\ext\drutil\drutil.vcxproj" (default target) (64) ->
(Link target) ->
  LINK : warning LNK4075: ignoring '/INCREMENTAL' due to '/OPT:ICF' specification [C:\Users\hacker\source\repos\buildx6
4\dynamorio\ext\drutil\drutil.vcxproj]
  LINK : warning LNK4281: undesirable base address 0x75000000 for x64 image; set base address above 4GB for best ASLR o
ptimization [C:\Users\hacker\source\repos\buildx64\dynamorio\ext\drutil\drutil.vcxproj]


"C:\Users\hacker\source\repos\buildx64\ALL_BUILD.vcxproj" (default target) (1) ->
"C:\Users\hacker\source\repos\buildx64\dynamorio\clients\drcpusim\drcpusim.vcxproj" (default target) (63) ->
  LINK : warning LNK4075: ignoring '/INCREMENTAL' due to '/OPT:ICF' specification [C:\Users\hacker\source\repos\buildx6
4\dynamorio\clients\drcpusim\drcpusim.vcxproj]
  LINK : warning LNK4281: undesirable base address 0x72000000 for x64 image; set base address above 4GB for best ASLR o
ptimization [C:\Users\hacker\source\repos\buildx64\dynamorio\clients\drcpusim\drcpusim.vcxproj]


"C:\Users\hacker\source\repos\buildx64\ALL_BUILD.vcxproj" (default target) (1) ->
"C:\Users\hacker\source\repos\buildx64\dynamorio\clients\drcpusim\drcpusim_ops.vcxproj" (default target) (65) ->
  LINK : warning LNK4075: ignoring '/INCREMENTAL' due to '/OPT:ICF' specification [C:\Users\hacker\source\repos\buildx6
4\dynamorio\clients\drcpusim\drcpusim_ops.vcxproj]


"C:\Users\hacker\source\repos\buildx64\ALL_BUILD.vcxproj" (default target) (1) ->
"C:\Users\hacker\source\repos\buildx64\dynamorio\clients\drdisas\drdisas.vcxproj" (default target) (66) ->
  LINK : warning LNK4075: ignoring '/INCREMENTAL' due to '/OPT:ICF' specification [C:\Users\hacker\source\repos\buildx6
4\dynamorio\clients\drdisas\drdisas.vcxproj]


"C:\Users\hacker\source\repos\buildx64\ALL_BUILD.vcxproj" (default target) (1) ->
"C:\Users\hacker\source\repos\buildx64\dynamorio\core\drearlyhelp1.vcxproj" (default target) (67) ->
"C:\Users\hacker\source\repos\buildx64\dynamorio\core\drearlyhelp2.vcxproj" (default target) (68) ->
  LINK : warning LNK4075: ignoring '/INCREMENTAL' due to '/OPT:ICF' specification [C:\Users\hacker\source\repos\buildx6
4\dynamorio\core\drearlyhelp2.vcxproj]
  LINK : warning LNK4281: undesirable base address 0x71110000 for x64 image; set base address above 4GB for best ASLR o
ptimization [C:\Users\hacker\source\repos\buildx64\dynamorio\core\drearlyhelp2.vcxproj]


"C:\Users\hacker\source\repos\buildx64\ALL_BUILD.vcxproj" (default target) (1) ->
"C:\Users\hacker\source\repos\buildx64\dynamorio\core\drearlyhelp1.vcxproj" (default target) (67) ->
  LINK : warning LNK4075: ignoring '/INCREMENTAL' due to '/OPT:ICF' specification [C:\Users\hacker\source\repos\buildx6
4\dynamorio\core\drearlyhelp1.vcxproj]
  LINK : warning LNK4281: undesirable base address 0x70FF0000 for x64 image; set base address above 4GB for best ASLR o
ptimization [C:\Users\hacker\source\repos\buildx64\dynamorio\core\drearlyhelp1.vcxproj]


"C:\Users\hacker\source\repos\buildx64\ALL_BUILD.vcxproj" (default target) (1) ->
"C:\Users\hacker\source\repos\buildx64\dynamorio\tools\drinject.vcxproj" (default target) (69) ->
  LINK : warning LNK4075: ignoring '/INCREMENTAL' due to '/OPT:ICF' specification [C:\Users\hacker\source\repos\buildx6
4\dynamorio\tools\drinject.vcxproj]


"C:\Users\hacker\source\repos\buildx64\ALL_BUILD.vcxproj" (default target) (1) ->
"C:\Users\hacker\source\repos\buildx64\drltrace.vcxproj" (default target) (70) ->
  LINK : warning LNK4075: ignoring '/INCREMENTAL' due to '/OPT:ICF' specification [C:\Users\hacker\source\repos\buildx6
4\drltrace.vcxproj]


"C:\Users\hacker\source\repos\buildx64\ALL_BUILD.vcxproj" (default target) (1) ->
"C:\Users\hacker\source\repos\buildx64\drltracelib.vcxproj" (default target) (71) ->
  LINK : warning LNK4075: ignoring '/INCREMENTAL' due to '/FORCE' specification [C:\Users\hacker\source\repos\buildx64\
drltracelib.vcxproj]
  LINK : warning LNK4281: undesirable base address 0x72000000 for x64 image; set base address above 4GB for best ASLR o
ptimization [C:\Users\hacker\source\repos\buildx64\drltracelib.vcxproj]


"C:\Users\hacker\source\repos\buildx64\ALL_BUILD.vcxproj" (default target) (1) ->
"C:\Users\hacker\source\repos\buildx64\dynamorio\clients\drcachesim\drmemtrace.vcxproj" (default target) (74) ->
"C:\Users\hacker\source\repos\buildx64\dynamorio\ext\drsyms\drsyms.vcxproj" (default target) (75) ->
(ResourceCompile target) ->
  C:\Users\hacker\source\repos\buildx64\dynamorio\configure.h(52): warning RC4005: 'X64' : redefinition [C:\Users\hacke
r\source\repos\buildx64\dynamorio\ext\drsyms\drsyms.vcxproj]


"C:\Users\hacker\source\repos\buildx64\ALL_BUILD.vcxproj" (default target) (1) ->
"C:\Users\hacker\source\repos\buildx64\dynamorio\clients\drcachesim\drmemtrace.vcxproj" (default target) (74) ->
"C:\Users\hacker\source\repos\buildx64\dynamorio\ext\drsyms\drsyms.vcxproj" (default target) (75) ->
(Link target) ->
  LINK : warning LNK4075: ignoring '/INCREMENTAL' due to '/OPT:ICF' specification [C:\Users\hacker\source\repos\buildx6
4\dynamorio\ext\drsyms\drsyms.vcxproj]
  LINK : warning LNK4281: undesirable base address 0x76000000 for x64 image; set base address above 4GB for best ASLR o
ptimization [C:\Users\hacker\source\repos\buildx64\dynamorio\ext\drsyms\drsyms.vcxproj]


"C:\Users\hacker\source\repos\buildx64\ALL_BUILD.vcxproj" (default target) (1) ->
"C:\Users\hacker\source\repos\buildx64\dynamorio\clients\drcachesim\drmemtrace.vcxproj" (default target) (74) ->
"C:\Users\hacker\source\repos\buildx64\dynamorio\ext\drwrap\drwrap.vcxproj" (default target) (76) ->
(ResourceCompile target) ->
  C:\Users\hacker\source\repos\buildx64\dynamorio\configure.h(52): warning RC4005: 'X64' : redefinition [C:\Users\hacke
r\source\repos\buildx64\dynamorio\ext\drwrap\drwrap.vcxproj]


"C:\Users\hacker\source\repos\buildx64\ALL_BUILD.vcxproj" (default target) (1) ->
"C:\Users\hacker\source\repos\buildx64\dynamorio\clients\drcachesim\drmemtrace.vcxproj" (default target) (74) ->
"C:\Users\hacker\source\repos\buildx64\dynamorio\ext\drwrap\drwrap.vcxproj" (default target) (76) ->
(Link target) ->
  LINK : warning LNK4075: ignoring '/INCREMENTAL' due to '/OPT:ICF' specification [C:\Users\hacker\source\repos\buildx6
4\dynamorio\ext\drwrap\drwrap.vcxproj]
  LINK : warning LNK4281: undesirable base address 0x74000000 for x64 image; set base address above 4GB for best ASLR o
ptimization [C:\Users\hacker\source\repos\buildx64\dynamorio\ext\drwrap\drwrap.vcxproj]


"C:\Users\hacker\source\repos\buildx64\ALL_BUILD.vcxproj" (default target) (1) ->
"C:\Users\hacker\source\repos\buildx64\dynamorio\clients\drcachesim\drmemtrace.vcxproj" (default target) (74) ->
  LINK : warning LNK4075: ignoring '/INCREMENTAL' due to '/OPT:ICF' specification [C:\Users\hacker\source\repos\buildx6
4\dynamorio\clients\drcachesim\drmemtrace.vcxproj]
  LINK : warning LNK4281: undesirable base address 0x72000000 for x64 image; set base address above 4GB for best ASLR o
ptimization [C:\Users\hacker\source\repos\buildx64\dynamorio\clients\drcachesim\drmemtrace.vcxproj]


"C:\Users\hacker\source\repos\buildx64\ALL_BUILD.vcxproj" (default target) (1) ->
"C:\Users\hacker\source\repos\buildx64\dynamorio\core\drpreinject.vcxproj" (default target) (79) ->
  LINK : warning LNK4281: undesirable base address 0x14000000 for x64 image; set base address above 4GB for best ASLR o
ptimization [C:\Users\hacker\source\repos\buildx64\dynamorio\core\drpreinject.vcxproj]


"C:\Users\hacker\source\repos\buildx64\ALL_BUILD.vcxproj" (default target) (1) ->
"C:\Users\hacker\source\repos\buildx64\dynamorio\clients\drcachesim\drraw2trace.vcxproj" (default target) (81) ->
  LINK : warning LNK4075: ignoring '/INCREMENTAL' due to '/OPT:ICF' specification [C:\Users\hacker\source\repos\buildx6
4\dynamorio\clients\drcachesim\drraw2trace.vcxproj]


"C:\Users\hacker\source\repos\buildx64\ALL_BUILD.vcxproj" (default target) (1) ->
"C:\Users\hacker\source\repos\buildx64\dynamorio\tools\drrun.vcxproj" (default target) (82) ->
  LINK : warning LNK4075: ignoring '/INCREMENTAL' due to '/OPT:ICF' specification [C:\Users\hacker\source\repos\buildx6
4\dynamorio\tools\drrun.vcxproj]


"C:\Users\hacker\source\repos\buildx64\ALL_BUILD.vcxproj" (default target) (1) ->
"C:\Users\hacker\source\repos\buildx64\dynamorio\ext\drsyms\drsyms_bench.vcxproj" (default target) (83) ->
  LINK : warning LNK4075: ignoring '/INCREMENTAL' due to '/OPT:ICF' specification [C:\Users\hacker\source\repos\buildx6
4\dynamorio\ext\drsyms\drsyms_bench.vcxproj]


"C:\Users\hacker\source\repos\buildx64\ALL_BUILD.vcxproj" (default target) (1) ->
"C:\Users\hacker\source\repos\buildx64\dynamorio\tools\dummy.vcxproj" (default target) (84) ->
  LINK : warning LNK4075: ignoring '/INCREMENTAL' due to '/OPT:ICF' specification [C:\Users\hacker\source\repos\buildx6
4\dynamorio\tools\dummy.vcxproj]


"C:\Users\hacker\source\repos\buildx64\ALL_BUILD.vcxproj" (default target) (1) ->
"C:\Users\hacker\source\repos\buildx64\dynamorio\libutil\dumpevts.vcxproj" (default target) (85) ->
  LINK : warning LNK4075: ignoring '/INCREMENTAL' due to '/OPT:ICF' specification [C:\Users\hacker\source\repos\buildx6
4\dynamorio\libutil\dumpevts.vcxproj]


"C:\Users\hacker\source\repos\buildx64\ALL_BUILD.vcxproj" (default target) (1) ->
"C:\Users\hacker\source\repos\buildx64\dynamorio\api\samples\empty.vcxproj" (default target) (87) ->
  LINK : warning LNK4075: ignoring '/INCREMENTAL' due to '/OPT:ICF' specification [C:\Users\hacker\source\repos\buildx6
4\dynamorio\api\samples\empty.vcxproj]
  LINK : warning LNK4281: undesirable base address 0x72000000 for x64 image; set base address above 4GB for best ASLR o
ptimization [C:\Users\hacker\source\repos\buildx64\dynamorio\api\samples\empty.vcxproj]


"C:\Users\hacker\source\repos\buildx64\ALL_BUILD.vcxproj" (default target) (1) ->
"C:\Users\hacker\source\repos\buildx64\dynamorio\clients\drcachesim\histogram_launcher.vcxproj" (default target) (88) -
>
  LINK : warning LNK4075: ignoring '/INCREMENTAL' due to '/OPT:ICF' specification [C:\Users\hacker\source\repos\buildx6
4\dynamorio\clients\drcachesim\histogram_launcher.vcxproj]


"C:\Users\hacker\source\repos\buildx64\ALL_BUILD.vcxproj" (default target) (1) ->
"C:\Users\hacker\source\repos\buildx64\dynamorio\api\samples\hot_bbcount.vcxproj" (default target) (89) ->
  LINK : warning LNK4075: ignoring '/INCREMENTAL' due to '/OPT:ICF' specification [C:\Users\hacker\source\repos\buildx6
4\dynamorio\api\samples\hot_bbcount.vcxproj]
  LINK : warning LNK4281: undesirable base address 0x72000000 for x64 image; set base address above 4GB for best ASLR o
ptimization [C:\Users\hacker\source\repos\buildx64\dynamorio\api\samples\hot_bbcount.vcxproj]


"C:\Users\hacker\source\repos\buildx64\ALL_BUILD.vcxproj" (default target) (1) ->
"C:\Users\hacker\source\repos\buildx64\dynamorio\api\samples\inc2add.vcxproj" (default target) (90) ->
  LINK : warning LNK4075: ignoring '/INCREMENTAL' due to '/OPT:ICF' specification [C:\Users\hacker\source\repos\buildx6
4\dynamorio\api\samples\inc2add.vcxproj]
  LINK : warning LNK4281: undesirable base address 0x72000000 for x64 image; set base address above 4GB for best ASLR o
ptimization [C:\Users\hacker\source\repos\buildx64\dynamorio\api\samples\inc2add.vcxproj]


"C:\Users\hacker\source\repos\buildx64\ALL_BUILD.vcxproj" (default target) (1) ->
"C:\Users\hacker\source\repos\buildx64\dynamorio\api\samples\inline.vcxproj" (default target) (91) ->
  LINK : warning LNK4075: ignoring '/INCREMENTAL' due to '/OPT:ICF' specification [C:\Users\hacker\source\repos\buildx6
4\dynamorio\api\samples\inline.vcxproj]
  LINK : warning LNK4281: undesirable base address 0x72000000 for x64 image; set base address above 4GB for best ASLR o
ptimization [C:\Users\hacker\source\repos\buildx64\dynamorio\api\samples\inline.vcxproj]


"C:\Users\hacker\source\repos\buildx64\ALL_BUILD.vcxproj" (default target) (1) ->
"C:\Users\hacker\source\repos\buildx64\dynamorio\api\samples\inscount.vcxproj" (default target) (92) ->
  LINK : warning LNK4075: ignoring '/INCREMENTAL' due to '/OPT:ICF' specification [C:\Users\hacker\source\repos\buildx6
4\dynamorio\api\samples\inscount.vcxproj]
  LINK : warning LNK4281: undesirable base address 0x72000000 for x64 image; set base address above 4GB for best ASLR o
ptimization [C:\Users\hacker\source\repos\buildx64\dynamorio\api\samples\inscount.vcxproj]


"C:\Users\hacker\source\repos\buildx64\ALL_BUILD.vcxproj" (default target) (1) ->
"C:\Users\hacker\source\repos\buildx64\dynamorio\api\samples\instrace_simple.vcxproj" (default target) (93) ->
  LINK : warning LNK4075: ignoring '/INCREMENTAL' due to '/OPT:ICF' specification [C:\Users\hacker\source\repos\buildx6
4\dynamorio\api\samples\instrace_simple.vcxproj]
  LINK : warning LNK4281: undesirable base address 0x72000000 for x64 image; set base address above 4GB for best ASLR o
ptimization [C:\Users\hacker\source\repos\buildx64\dynamorio\api\samples\instrace_simple.vcxproj]


"C:\Users\hacker\source\repos\buildx64\ALL_BUILD.vcxproj" (default target) (1) ->
"C:\Users\hacker\source\repos\buildx64\dynamorio\api\samples\instrace_x86_binary.vcxproj" (default target) (94) ->
  LINK : warning LNK4075: ignoring '/INCREMENTAL' due to '/OPT:ICF' specification [C:\Users\hacker\source\repos\buildx6
4\dynamorio\api\samples\instrace_x86_binary.vcxproj]
  LINK : warning LNK4281: undesirable base address 0x72000000 for x64 image; set base address above 4GB for best ASLR o
ptimization [C:\Users\hacker\source\repos\buildx64\dynamorio\api\samples\instrace_x86_binary.vcxproj]


"C:\Users\hacker\source\repos\buildx64\ALL_BUILD.vcxproj" (default target) (1) ->
"C:\Users\hacker\source\repos\buildx64\dynamorio\api\samples\instrace_x86_text.vcxproj" (default target) (95) ->
  LINK : warning LNK4075: ignoring '/INCREMENTAL' due to '/OPT:ICF' specification [C:\Users\hacker\source\repos\buildx6
4\dynamorio\api\samples\instrace_x86_text.vcxproj]
  LINK : warning LNK4281: undesirable base address 0x72000000 for x64 image; set base address above 4GB for best ASLR o
ptimization [C:\Users\hacker\source\repos\buildx64\dynamorio\api\samples\instrace_x86_text.vcxproj]


"C:\Users\hacker\source\repos\buildx64\ALL_BUILD.vcxproj" (default target) (1) ->
"C:\Users\hacker\source\repos\buildx64\dynamorio\api\samples\instrcalls.vcxproj" (default target) (96) ->
  LINK : warning LNK4075: ignoring '/INCREMENTAL' due to '/OPT:ICF' specification [C:\Users\hacker\source\repos\buildx6
4\dynamorio\api\samples\instrcalls.vcxproj]
  LINK : warning LNK4281: undesirable base address 0x72000000 for x64 image; set base address above 4GB for best ASLR o
ptimization [C:\Users\hacker\source\repos\buildx64\dynamorio\api\samples\instrcalls.vcxproj]


"C:\Users\hacker\source\repos\buildx64\ALL_BUILD.vcxproj" (default target) (1) ->
"C:\Users\hacker\source\repos\buildx64\dynamorio\api\samples\memtrace_simple.vcxproj" (default target) (97) ->
  LINK : warning LNK4075: ignoring '/INCREMENTAL' due to '/OPT:ICF' specification [C:\Users\hacker\source\repos\buildx6
4\dynamorio\api\samples\memtrace_simple.vcxproj]
  LINK : warning LNK4281: undesirable base address 0x72000000 for x64 image; set base address above 4GB for best ASLR o
ptimization [C:\Users\hacker\source\repos\buildx64\dynamorio\api\samples\memtrace_simple.vcxproj]


"C:\Users\hacker\source\repos\buildx64\ALL_BUILD.vcxproj" (default target) (1) ->
"C:\Users\hacker\source\repos\buildx64\dynamorio\api\samples\memtrace_x86_binary.vcxproj" (default target) (98) ->
  LINK : warning LNK4075: ignoring '/INCREMENTAL' due to '/OPT:ICF' specification [C:\Users\hacker\source\repos\buildx6
4\dynamorio\api\samples\memtrace_x86_binary.vcxproj]
  LINK : warning LNK4281: undesirable base address 0x72000000 for x64 image; set base address above 4GB for best ASLR o
ptimization [C:\Users\hacker\source\repos\buildx64\dynamorio\api\samples\memtrace_x86_binary.vcxproj]


"C:\Users\hacker\source\repos\buildx64\ALL_BUILD.vcxproj" (default target) (1) ->
"C:\Users\hacker\source\repos\buildx64\dynamorio\api\samples\memtrace_x86_text.vcxproj" (default target) (99) ->
  LINK : warning LNK4075: ignoring '/INCREMENTAL' due to '/OPT:ICF' specification [C:\Users\hacker\source\repos\buildx6
4\dynamorio\api\samples\memtrace_x86_text.vcxproj]
  LINK : warning LNK4281: undesirable base address 0x72000000 for x64 image; set base address above 4GB for best ASLR o
ptimization [C:\Users\hacker\source\repos\buildx64\dynamorio\api\samples\memtrace_x86_text.vcxproj]


"C:\Users\hacker\source\repos\buildx64\ALL_BUILD.vcxproj" (default target) (1) ->
"C:\Users\hacker\source\repos\buildx64\dynamorio\api\samples\memval_simple.vcxproj" (default target) (100) ->
  LINK : warning LNK4075: ignoring '/INCREMENTAL' due to '/OPT:ICF' specification [C:\Users\hacker\source\repos\buildx6
4\dynamorio\api\samples\memval_simple.vcxproj]
  LINK : warning LNK4281: undesirable base address 0x72000000 for x64 image; set base address above 4GB for best ASLR o
ptimization [C:\Users\hacker\source\repos\buildx64\dynamorio\api\samples\memval_simple.vcxproj]


"C:\Users\hacker\source\repos\buildx64\ALL_BUILD.vcxproj" (default target) (1) ->
"C:\Users\hacker\source\repos\buildx64\dynamorio\api\samples\modxfer.vcxproj" (default target) (101) ->
  LINK : warning LNK4075: ignoring '/INCREMENTAL' due to '/OPT:ICF' specification [C:\Users\hacker\source\repos\buildx6
4\dynamorio\api\samples\modxfer.vcxproj]
  LINK : warning LNK4281: undesirable base address 0x72000000 for x64 image; set base address above 4GB for best ASLR o
ptimization [C:\Users\hacker\source\repos\buildx64\dynamorio\api\samples\modxfer.vcxproj]


"C:\Users\hacker\source\repos\buildx64\ALL_BUILD.vcxproj" (default target) (1) ->
"C:\Users\hacker\source\repos\buildx64\dynamorio\api\samples\modxfer_app2lib.vcxproj" (default target) (102) ->
  LINK : warning LNK4075: ignoring '/INCREMENTAL' due to '/OPT:ICF' specification [C:\Users\hacker\source\repos\buildx6
4\dynamorio\api\samples\modxfer_app2lib.vcxproj]
  LINK : warning LNK4281: undesirable base address 0x72000000 for x64 image; set base address above 4GB for best ASLR o
ptimization [C:\Users\hacker\source\repos\buildx64\dynamorio\api\samples\modxfer_app2lib.vcxproj]


"C:\Users\hacker\source\repos\buildx64\ALL_BUILD.vcxproj" (default target) (1) ->
"C:\Users\hacker\source\repos\buildx64\dynamorio\clients\drcachesim\opcode_mix_launcher.vcxproj" (default target) (103)
 ->
  LINK : warning LNK4075: ignoring '/INCREMENTAL' due to '/OPT:ICF' specification [C:\Users\hacker\source\repos\buildx6
4\dynamorio\clients\drcachesim\opcode_mix_launcher.vcxproj]


"C:\Users\hacker\source\repos\buildx64\ALL_BUILD.vcxproj" (default target) (1) ->
"C:\Users\hacker\source\repos\buildx64\dynamorio\api\samples\opcodes.vcxproj" (default target) (104) ->
  LINK : warning LNK4075: ignoring '/INCREMENTAL' due to '/OPT:ICF' specification [C:\Users\hacker\source\repos\buildx6
4\dynamorio\api\samples\opcodes.vcxproj]
  LINK : warning LNK4281: undesirable base address 0x72000000 for x64 image; set base address above 4GB for best ASLR o
ptimization [C:\Users\hacker\source\repos\buildx64\dynamorio\api\samples\opcodes.vcxproj]


"C:\Users\hacker\source\repos\buildx64\ALL_BUILD.vcxproj" (default target) (1) ->
"C:\Users\hacker\source\repos\buildx64\dynamorio\api\samples\prefetch.vcxproj" (default target) (105) ->
  LINK : warning LNK4075: ignoring '/INCREMENTAL' due to '/OPT:ICF' specification [C:\Users\hacker\source\repos\buildx6
4\dynamorio\api\samples\prefetch.vcxproj]
  LINK : warning LNK4281: undesirable base address 0x72000000 for x64 image; set base address above 4GB for best ASLR o
ptimization [C:\Users\hacker\source\repos\buildx64\dynamorio\api\samples\prefetch.vcxproj]


"C:\Users\hacker\source\repos\buildx64\ALL_BUILD.vcxproj" (default target) (1) ->
"C:\Users\hacker\source\repos\buildx64\dynamorio\tools\run_in_bg.vcxproj" (default target) (106) ->
  LINK : warning LNK4075: ignoring '/INCREMENTAL' due to '/OPT:ICF' specification [C:\Users\hacker\source\repos\buildx6
4\dynamorio\tools\run_in_bg.vcxproj]


"C:\Users\hacker\source\repos\buildx64\ALL_BUILD.vcxproj" (default target) (1) ->
"C:\Users\hacker\source\repos\buildx64\dynamorio\api\samples\signal.vcxproj" (default target) (107) ->
  LINK : warning LNK4075: ignoring '/INCREMENTAL' due to '/OPT:ICF' specification [C:\Users\hacker\source\repos\buildx6
4\dynamorio\api\samples\signal.vcxproj]
  LINK : warning LNK4281: undesirable base address 0x72000000 for x64 image; set base address above 4GB for best ASLR o
ptimization [C:\Users\hacker\source\repos\buildx64\dynamorio\api\samples\signal.vcxproj]


"C:\Users\hacker\source\repos\buildx64\ALL_BUILD.vcxproj" (default target) (1) ->
"C:\Users\hacker\source\repos\buildx64\dynamorio\api\samples\stats.vcxproj" (default target) (108) ->
  LINK : warning LNK4075: ignoring '/INCREMENTAL' due to '/OPT:ICF' specification [C:\Users\hacker\source\repos\buildx6
4\dynamorio\api\samples\stats.vcxproj]
  LINK : warning LNK4281: undesirable base address 0x72000000 for x64 image; set base address above 4GB for best ASLR o
ptimization [C:\Users\hacker\source\repos\buildx64\dynamorio\api\samples\stats.vcxproj]


"C:\Users\hacker\source\repos\buildx64\ALL_BUILD.vcxproj" (default target) (1) ->
"C:\Users\hacker\source\repos\buildx64\dynamorio\api\samples\stl_test.vcxproj" (default target) (109) ->
  LINK : warning LNK4075: ignoring '/INCREMENTAL' due to '/OPT:ICF' specification [C:\Users\hacker\source\repos\buildx6
4\dynamorio\api\samples\stl_test.vcxproj]
  LINK : warning LNK4281: undesirable base address 0x72000000 for x64 image; set base address above 4GB for best ASLR o
ptimization [C:\Users\hacker\source\repos\buildx64\dynamorio\api\samples\stl_test.vcxproj]


"C:\Users\hacker\source\repos\buildx64\ALL_BUILD.vcxproj" (default target) (1) ->
"C:\Users\hacker\source\repos\buildx64\dynamorio\tools\svccntrl.vcxproj" (default target) (110) ->
  LINK : warning LNK4075: ignoring '/INCREMENTAL' due to '/OPT:ICF' specification [C:\Users\hacker\source\repos\buildx6
4\dynamorio\tools\svccntrl.vcxproj]


"C:\Users\hacker\source\repos\buildx64\ALL_BUILD.vcxproj" (default target) (1) ->
"C:\Users\hacker\source\repos\buildx64\dynamorio\api\samples\syscall.vcxproj" (default target) (111) ->
  LINK : warning LNK4075: ignoring '/INCREMENTAL' due to '/OPT:ICF' specification [C:\Users\hacker\source\repos\buildx6
4\dynamorio\api\samples\syscall.vcxproj]
  LINK : warning LNK4281: undesirable base address 0x72000000 for x64 image; set base address above 4GB for best ASLR o
ptimization [C:\Users\hacker\source\repos\buildx64\dynamorio\api\samples\syscall.vcxproj]


"C:\Users\hacker\source\repos\buildx64\ALL_BUILD.vcxproj" (default target) (1) ->
"C:\Users\hacker\source\repos\buildx64\dynamorio\api\samples\tracedump.vcxproj" (default target) (112) ->
  LINK : warning LNK4075: ignoring '/INCREMENTAL' due to '/OPT:ICF' specification [C:\Users\hacker\source\repos\buildx6
4\dynamorio\api\samples\tracedump.vcxproj]


"C:\Users\hacker\source\repos\buildx64\ALL_BUILD.vcxproj" (default target) (1) ->
"C:\Users\hacker\source\repos\buildx64\dynamorio\tools\winstats.vcxproj" (default target) (113) ->
  LINK : warning LNK4075: ignoring '/INCREMENTAL' due to '/OPT:ICF' specification [C:\Users\hacker\source\repos\buildx6
4\dynamorio\tools\winstats.vcxproj]


"C:\Users\hacker\source\repos\buildx64\ALL_BUILD.vcxproj" (default target) (1) ->
"C:\Users\hacker\source\repos\buildx64\dynamorio\clients\standalone\winsysnums.vcxproj" (default target) (114) ->
  LINK : warning LNK4075: ignoring '/INCREMENTAL' due to '/OPT:ICF' specification [C:\Users\hacker\source\repos\buildx6
4\dynamorio\clients\standalone\winsysnums.vcxproj]


"C:\Users\hacker\source\repos\buildx64\ALL_BUILD.vcxproj" (default target) (1) ->
"C:\Users\hacker\source\repos\buildx64\dynamorio\api\samples\wrap.vcxproj" (default target) (115) ->
  LINK : warning LNK4075: ignoring '/INCREMENTAL' due to '/OPT:ICF' specification [C:\Users\hacker\source\repos\buildx6
4\dynamorio\api\samples\wrap.vcxproj]
  LINK : warning LNK4281: undesirable base address 0x72000000 for x64 image; set base address above 4GB for best ASLR o
ptimization [C:\Users\hacker\source\repos\buildx64\dynamorio\api\samples\wrap.vcxproj]

    125 Warning(s)
    0 Error(s)

Time Elapsed 00:00:59.85