=== FUNCTION CALL DEPENDENCY ANALYSIS ===

Total function calls: 13083
Total dependency groups: 259

GROUP 1 (12572 blocks):
--------------------------------------------------
  Block 1: ntdll.dll!RtlUserThreadStart

  Block 2: KERNEL32.dll!BaseThreadInitThunk

  Block 5: KERNELBASE.dll!GetModuleHandleW

  Block 6: msvcrt.dll!__set_app_type

  Block 7: KERNELBASE.dll!GetModuleHandleW

  Block 8: KERNEL32.dll!SetUnhandledExceptionFilter

  Block 9: KERNELBASE.dll!SetUnhandledExceptionFilter

  Block 10: KERNELBASE.dll!VirtualQueryEx

  Block 11: ntdll.dll!ZwQueryVirtualMemory

  Block 12: ntdll.dll!ZwQueryVirtualMemory

  Block 13: ntdll.dll!ZwQueryVirtualMemory

  Block 14: ntdll.dll!RtlAllocateHeap

  Block 15: ntdll.dll!RtlLeaveCriticalSection

  Block 16: ntdll.dll!RtlEncodePointer

  Block 17: ntdll.dll!RtlAcquireSRWLockExclusive

  Block 18: ntdll.dll!RtlReleaseSRWLockExclusive

  Block 22: KERNELBASE.dll!GetModuleFileNameW

  Block 23: ntdll.dll!LdrGetDllFullName

  Block 24: ntdll.dll!RtlCopyUnicodeString

  Block 25: ntdll.dll!memmove

  Block 26: ntdll.dll!RtlSetLastWin32Error

  Block 27: msvcrt.dll!malloc

  Block 28: ntdll.dll!RtlAllocateHeap

  Block 29: ntdll.dll!RtlLeaveCriticalSection

  Block 30: KERNELBASE.dll!GetEnvironmentStringsW

  Block 31: ntdll.dll!RtlAcquirePebLock

  Block 32: ntdll.dll!RtlEnterCriticalSection

  Block 33: ntdll.dll!RtlAllocateHeap

  Block 34: ntdll.dll!ZwAllocateVirtualMemory

  Block 35: ntdll.dll!RtlGetCurrentServiceSessionId

  Block 36: ntdll.dll!RtlGetCurrentServiceSessionId

  Block 37: ntdll.dll!RtlGetCurrentServiceSessionId

  Block 38: ntdll.dll!RtlLeaveCriticalSection

  Block 39: ntdll.dll!memmove

  Block 40: ntdll.dll!RtlReleasePebLock

  Block 41: ntdll.dll!RtlLeaveCriticalSection

  Block 42: msvcrt.dll!malloc

  Block 43: ntdll.dll!RtlAllocateHeap

  Block 44: ntdll.dll!ZwAllocateVirtualMemory

  Block 45: ntdll.dll!RtlGetCurrentServiceSessionId

  Block 46: ntdll.dll!RtlGetCurrentServiceSessionId

  Block 47: ntdll.dll!RtlGetCurrentServiceSessionId

  Block 48: ntdll.dll!RtlLeaveCriticalSection

  Block 49: msvcrt.dll!memmove

  Block 50: KERNELBASE.dll!FreeEnvironmentStringsW

  Block 51: ntdll.dll!RtlFreeHeap

  Block 52: ntdll.dll!RtlTryEnterCriticalSection

  Block 53: ntdll.dll!RtlAllocateHeap

  Block 54: ntdll.dll!ZwAllocateVirtualMemory

  Block 55: ntdll.dll!ZwAllocateVirtualMemory

  Block 56: ntdll.dll!RtlGetCurrentServiceSessionId

  Block 57: ntdll.dll!RtlGetCurrentServiceSessionId

  Block 58: ntdll.dll!RtlGetCurrentServiceSessionId

  Block 59: ntdll.dll!RtlLeaveCriticalSection

  Block 60: ntdll.dll!memset

  Block 61: msvcrt.dll!wcscpy_s

  Block 62: msvcrt.dll!wcscpy_s

  Block 63: msvcrt.dll!wcscpy_s

  Block 64: msvcrt.dll!wcscpy_s

  Block 65: msvcrt.dll!wcscpy_s

  Block 66: msvcrt.dll!wcscpy_s

  Block 67: msvcrt.dll!wcscpy_s

  Block 68: msvcrt.dll!wcscpy_s

  Block 69: msvcrt.dll!wcscpy_s

  Block 71: msvcrt.dll!wcscpy_s

  Block 72: msvcrt.dll!wcscpy_s

  Block 74: msvcrt.dll!wcscpy_s

  Block 75: msvcrt.dll!wcscpy_s

  Block 76: msvcrt.dll!wcscpy_s

  Block 77: msvcrt.dll!wcscpy_s

  Block 78: msvcrt.dll!wcscpy_s

  Block 79: msvcrt.dll!wcscpy_s

  Block 80: msvcrt.dll!wcscpy_s

  Block 82: msvcrt.dll!wcscpy_s

  Block 85: msvcrt.dll!wcscpy_s

  Block 86: msvcrt.dll!wcscpy_s

  Block 87: msvcrt.dll!wcscpy_s

  Block 88: msvcrt.dll!wcscpy_s

  Block 89: msvcrt.dll!wcscpy_s

  Block 90: msvcrt.dll!wcscpy_s

  Block 92: msvcrt.dll!wcscpy_s

  Block 93: msvcrt.dll!wcscpy_s

  Block 94: msvcrt.dll!wcscpy_s

  Block 96: msvcrt.dll!wcscpy_s

  Block 97: msvcrt.dll!wcscpy_s

  Block 98: msvcrt.dll!wcscpy_s

  Block 99: msvcrt.dll!wcscpy_s

  Block 100: msvcrt.dll!wcscpy_s

  Block 101: msvcrt.dll!wcscpy_s

  Block 102: msvcrt.dll!wcscpy_s

  Block 104: msvcrt.dll!wcscpy_s

  Block 105: msvcrt.dll!wcscpy_s

  Block 106: msvcrt.dll!wcscpy_s

  Block 107: msvcrt.dll!wcscpy_s

  Block 108: msvcrt.dll!wcscpy_s

  Block 109: msvcrt.dll!wcscpy_s

  Block 110: msvcrt.dll!wcscpy_s

  Block 111: msvcrt.dll!wcscpy_s

  Block 112: msvcrt.dll!wcscpy_s

  Block 113: msvcrt.dll!wcscpy_s

  Block 114: msvcrt.dll!wcscpy_s

  Block 115: msvcrt.dll!wcscpy_s

  Block 116: msvcrt.dll!wcscpy_s

  Block 118: msvcrt.dll!wcscpy_s

  Block 119: msvcrt.dll!wcscpy_s

  Block 120: msvcrt.dll!wcscpy_s

  Block 121: msvcrt.dll!wcscpy_s

  Block 122: msvcrt.dll!wcscpy_s

  Block 123: msvcrt.dll!wcscpy_s

  Block 124: msvcrt.dll!wcscpy_s

  Block 125: msvcrt.dll!wcscpy_s

  Block 126: msvcrt.dll!wcscpy_s

  Block 127: msvcrt.dll!wcscpy_s

  Block 128: msvcrt.dll!wcscpy_s

  Block 129: msvcrt.dll!wcscpy_s

  Block 130: msvcrt.dll!wcscpy_s

  Block 131: msvcrt.dll!wcscpy_s

  Block 132: msvcrt.dll!wcscpy_s

  Block 133: msvcrt.dll!wcscpy_s

  Block 135: msvcrt.dll!wcscpy_s

  Block 136: msvcrt.dll!wcscpy_s

  Block 137: msvcrt.dll!wcscpy_s

  Block 138: msvcrt.dll!wcscpy_s

  Block 139: msvcrt.dll!wcscpy_s

  Block 141: msvcrt.dll!free

  Block 142: ntdll.dll!RtlFreeHeap

  Block 143: ntdll.dll!RtlTryEnterCriticalSection

  Block 144: ntdll.dll!EtwEventRegister

  Block 145: ntdll.dll!EtwNotificationRegister

  Block 146: ntdll.dll!RtlInterlockedPopEntrySList

  Block 147: ntdll.dll!ExpInterlockedPopEntrySListResume

  Block 148: ntdll.dll!RtlAllocateHeap

  Block 149: ntdll.dll!memset

  Block 150: ntdll.dll!RtlAcquireSRWLockExclusive

  Block 151: ntdll.dll!memset

  Block 153: ntdll.dll!ZwTraceControl

  Block 154: ntdll.dll!RtlAcquireSRWLockExclusive

  Block 155: ntdll.dll!memcmp

  Block 156: ntdll.dll!memcmp

  Block 157: ntdll.dll!memcmp

  Block 158: ntdll.dll!memcmp

  Block 159: ntdll.dll!memcmp

  Block 160: ntdll.dll!memcmp

  Block 161: ntdll.dll!RtlRbInsertNodeEx

  Block 162: ntdll.dll!RtlReleaseSRWLockExclusive

  Block 163: ntdll.dll!RtlAcquireSRWLockExclusive

  Block 164: ntdll.dll!RtlReleaseSRWLockExclusive

  Block 165: ntdll.dll!RtlReleaseSRWLockExclusive

  Block 166: ntdll.dll!EtwEventSetInformation

  Block 167: ntdll.dll!RtlAcquireSRWLockExclusive

  Block 169: ntdll.dll!ZwTraceControl

  Block 170: ntdll.dll!RtlReleaseSRWLockExclusive

  Block 172: KERNELBASE.dll!ResolveDelayLoadedAPI

  Block 173: ntdll.dll!LdrResolveDelayLoadedAPI

  Block 174: ntdll.dll!RtlAcquireSRWLockExclusive

  Block 175: ntdll.dll!RtlReleaseSRWLockExclusive

  Block 176: ntdll.dll!memset

  Block 177: ntdll.dll!RtlInitString

  Block 178: ntdll.dll!RtlxOemStringToUnicodeSize

  Block 179: ntdll.dll!RtlMultiByteToUnicodeSize

  Block 180: ntdll.dll!RtlAnsiStringToUnicodeString

  Block 181: ntdll.dll!RtlActivateActivationContextUnsafeFast

  Block 182: ntdll.dll!RtlDosApplyFileIsolationRedirection_Ustr

  Block 183: ntdll.dll!RtlFindCharInUnicodeString

  Block 185: ntdll.dll!RtlFindActivationContextSectionString

  Block 186: ntdll.dll!bsearch

  Block 187: ntdll.dll!RtlHashUnicodeString

  Block 188: ntdll.dll!bsearch

  Block 189: ntdll.dll!bsearch

  Block 191: ntdll.dll!memset

  Block 192: ntdll.dll!memmove

  Block 193: ntdll.dll!RtlAcquireSRWLockExclusive

  Block 194: ntdll.dll!RtlReleaseSRWLockExclusive

  Block 195: ntdll.dll!RtlGetCurrentServiceSessionId

  Block 196: ntdll.dll!RtlEnterCriticalSection

  Block 197: ntdll.dll!RtlLeaveCriticalSection

  Block 198: ntdll.dll!ZwSetInformationProcess

  Block 199: ntdll.dll!ZwQueryInformationThread

  Block 200: ntdll.dll!TpWaitForWork

  Block 202: ntdll.dll!TpReleaseWork

  Block 203: ntdll.dll!RtlReleaseActivationContext

  Block 204: ntdll.dll!RtlAcquireSRWLockExclusive

  Block 205: ntdll.dll!RtlReleaseSRWLockExclusive

  Block 206: ntdll.dll!RtlFreeHeap

  Block 207: ntdll.dll!RtlTryEnterCriticalSection

  Block 208: ntdll.dll!RtlAcquireSRWLockExclusive

  Block 209: ntdll.dll!RtlReleaseSRWLockExclusive

  Block 210: ntdll.dll!RtlGetCurrentServiceSessionId

  Block 211: ntdll.dll!RtlAllocateHeap

  Block 212: ntdll.dll!RtlLeaveCriticalSection

  Block 213: ntdll.dll!memset

  Block 214: ntdll.dll!memmove

  Block 215: ntdll.dll!RtlAllocateHeap

  Block 216: ntdll.dll!memset

  Block 217: ntdll.dll!RtlAllocateHeap

  Block 218: ntdll.dll!memset

  Block 219: ntdll.dll!ZwOpenSection

  Block 220: ntdll.dll!RtlAllocateHeap

  Block 221: ntdll.dll!RtlAppendUnicodeStringToString

  Block 222: ntdll.dll!memmove

  Block 223: ntdll.dll!RtlAppendUnicodeToString

  Block 224: ntdll.dll!memmove

  Block 225: ntdll.dll!RtlAppendUnicodeStringToString

  Block 226: ntdll.dll!memmove

  Block 227: ntdll.dll!RtlInitUnicodeStringEx

  Block 228: ntdll.dll!RtlHashUnicodeString

  Block 229: ntdll.dll!RtlAcquireSRWLockExclusive

  Block 230: ntdll.dll!RtlReleaseSRWLockExclusive

  Block 231: ntdll.dll!RtlEqualUnicodeString

  Block 232: ntdll.dll!ZwMapViewOfSection

  Block 233: ntdll.dll!RtlImageNtHeaderEx

  Block 234: ntdll.dll!RtlAcquireSRWLockExclusive

  Block 236: ntdll.dll!RtlRbInsertNodeEx

  Block 237: ntdll.dll!RtlReleaseSRWLockExclusive

  Block 238: ntdll.dll!RtlIsCriticalSectionLockedByThread

  Block 239: ntdll.dll!RtlImageNtHeaderEx

  Block 240: ntdll.dll!RtlImageNtHeaderEx

  Block 241: ntdll.dll!RtlImageNtHeaderEx

  Block 242: ntdll.dll!RtlIsProcessorFeaturePresent

  Block 243: ntdll.dll!RtlImageNtHeaderEx

  Block 244: ntdll.dll!RtlImageNtHeaderEx

  Block 245: ntdll.dll!RtlImageNtHeaderEx

  Block 246: ntdll.dll!RtlImageRvaToSection

  Block 247: ntdll.dll!ZwQueryPerformanceCounter

  Block 248: ntdll.dll!RtlImageNtHeaderEx

  Block 249: ntdll.dll!ZwProtectVirtualMemory

  Block 250: ntdll.dll!LdrControlFlowGuardEnforced

  Block 251: ntdll.dll!LdrControlFlowGuardEnforced

  Block 252: ntdll.dll!ZwProtectVirtualMemory

  Block 253: ntdll.dll!LdrControlFlowGuardEnforced

  Block 254: ntdll.dll!ZwProtectVirtualMemory

  Block 255: ntdll.dll!ZwProtectVirtualMemory

  Block 256: ntdll.dll!LdrControlFlowGuardEnforced

  Block 257: ntdll.dll!ZwProtectVirtualMemory

  Block 258: ntdll.dll!RtlImageNtHeaderEx

  Block 259: ntdll.dll!RtlAcquireSRWLockExclusive

  Block 260: ntdll.dll!RtlAcquireSRWLockExclusive

  Block 261: ntdll.dll!ZwProtectVirtualMemory

  Block 262: ntdll.dll!RtlReleaseSRWLockExclusive

  Block 264: ntdll.dll!RtlAcquireSRWLockExclusive

  Block 265: ntdll.dll!ZwProtectVirtualMemory

  Block 266: ntdll.dll!RtlReleaseSRWLockExclusive

  Block 267: ntdll.dll!RtlReleaseSRWLockExclusive

  Block 268: ntdll.dll!RtlAcquireSRWLockExclusive

  Block 269: ntdll.dll!RtlReleaseSRWLockExclusive

  Block 270: ntdll.dll!RtlGetCurrentServiceSessionId

  Block 271: ntdll.dll!RtlGetCurrentServiceSessionId

  Block 272: KERNELBASE.dll!InitOnceExecuteOnce

  Block 273: ntdll.dll!RtlRunOnceExecuteOnce

  Block 274: ntdll.dll!LdrResFindResourceDirectory

  Block 275: ntdll.dll!LdrResSearchResource

  Block 276: ntdll.dll!RtlGetCurrentServiceSessionId

  Block 277: ntdll.dll!memmove

  Block 278: ntdll.dll!LdrpResGetMappingSize

  Block 279: ntdll.dll!RtlGetCurrentServiceSessionId

  Block 280: ntdll.dll!RtlImageNtHeaderEx

  Block 281: ntdll.dll!RtlGetCurrentServiceSessionId

  Block 282: ntdll.dll!RtlGetCurrentServiceSessionId

  Block 283: ntdll.dll!LdrpResGetResourceDirectory

  Block 284: ntdll.dll!RtlGetCurrentServiceSessionId

  Block 285: ntdll.dll!RtlImageNtHeaderEx

  Block 287: ntdll.dll!RtlGetCurrentServiceSessionId

  Block 288: ntdll.dll!RtlGetCurrentServiceSessionId

  Block 289: ntdll.dll!RtlGetCurrentServiceSessionId

  Block 290: ntdll.dll!RtlGetCurrentServiceSessionId

  Block 291: ntdll.dll!RtlImageNtHeaderEx

  Block 292: ntdll.dll!RtlImageNtHeaderEx

  Block 293: ntdll.dll!RtlImageNtHeaderEx

  Block 294: ntdll.dll!RtlImageNtHeaderEx

  Block 295: ntdll.dll!ZwProtectVirtualMemory

  Block 296: ntdll.dll!RtlImageNtHeaderEx

  Block 297: ntdll.dll!RtlAllocateHeap

  Block 298: ntdll.dll!RtlLeaveCriticalSection

  Block 299: ntdll.dll!memset

  Block 300: ntdll.dll!RtlAnsiStringToUnicodeString

  Block 301: ntdll.dll!RtlDosApplyFileIsolationRedirection_Ustr

  Block 302: ntdll.dll!RtlFindCharInUnicodeString

  Block 304: ntdll.dll!RtlFindActivationContextSectionString

  Block 305: ntdll.dll!bsearch

  Block 306: ntdll.dll!RtlHashUnicodeString

  Block 307: ntdll.dll!bsearch

  Block 308: ntdll.dll!bsearch

  Block 310: ntdll.dll!memset

  Block 311: ntdll.dll!memmove

  Block 312: ntdll.dll!RtlAllocateHeap

  Block 313: ntdll.dll!RtlAcquireSRWLockExclusive

  Block 314: ntdll.dll!RtlEqualUnicodeString

  Block 315: ntdll.dll!RtlReleaseSRWLockExclusive

  Block 316: ntdll.dll!RtlGetCurrentServiceSessionId

  Block 317: ntdll.dll!RtlAcquireSRWLockExclusive

  Block 318: ntdll.dll!RtlAcquireSRWLockExclusive

  Block 319: ntdll.dll!RtlDeactivateActivationContextUnsafeFast

  Block 320: ntdll.dll!RtlAnsiStringToUnicodeString

  Block 321: ntdll.dll!RtlCompareUnicodeStrings

  Block 322: ntdll.dll!memmove

  Block 323: ntdll.dll!memmove

  Block 324: ntdll.dll!RtlAcquireSRWLockExclusive

  Block 325: ntdll.dll!RtlGetCurrentServiceSessionId

  Block 326: ntdll.dll!RtlAcquireSRWLockExclusive

  Block 327: ntdll.dll!RtlAcquireSRWLockExclusive

  Block 328: ntdll.dll!RtlDeactivateActivationContextUnsafeFast

  Block 329: ntdll.dll!RtlAnsiStringToUnicodeString

  Block 330: ntdll.dll!RtlCompareUnicodeStrings

  Block 331: ntdll.dll!memmove

  Block 332: ntdll.dll!memmove

  Block 333: ntdll.dll!RtlAcquireSRWLockExclusive

  Block 334: ntdll.dll!RtlGetCurrentServiceSessionId

  Block 335: ntdll.dll!RtlAcquireSRWLockExclusive

  Block 336: ntdll.dll!RtlAcquireSRWLockExclusive

  Block 337: ntdll.dll!RtlDeactivateActivationContextUnsafeFast

  Block 338: ntdll.dll!RtlAnsiStringToUnicodeString

  Block 339: ntdll.dll!RtlCompareUnicodeStrings

  Block 340: ntdll.dll!memmove

  Block 341: ntdll.dll!memmove

  Block 342: ntdll.dll!RtlAcquireSRWLockExclusive

  Block 343: ntdll.dll!RtlGetCurrentServiceSessionId

  Block 344: ntdll.dll!RtlAcquireSRWLockExclusive

  Block 345: ntdll.dll!RtlAcquireSRWLockExclusive

  Block 346: ntdll.dll!RtlDeactivateActivationContextUnsafeFast

  Block 347: ntdll.dll!RtlAnsiStringToUnicodeString

  Block 348: ntdll.dll!RtlCompareUnicodeStrings

  Block 349: ntdll.dll!memmove

  Block 350: ntdll.dll!memmove

  Block 351: ntdll.dll!RtlAcquireSRWLockExclusive

  Block 352: ntdll.dll!RtlGetCurrentServiceSessionId

  Block 353: ntdll.dll!RtlAcquireSRWLockExclusive

  Block 354: ntdll.dll!RtlAcquireSRWLockExclusive

  Block 355: ntdll.dll!RtlDeactivateActivationContextUnsafeFast

  Block 356: ntdll.dll!RtlAnsiStringToUnicodeString

  Block 357: ntdll.dll!RtlCompareUnicodeStrings

  Block 358: ntdll.dll!memmove

  Block 359: ntdll.dll!memmove

  Block 360: ntdll.dll!RtlAcquireSRWLockExclusive

  Block 361: ntdll.dll!RtlGetCurrentServiceSessionId

  Block 362: ntdll.dll!RtlAcquireSRWLockExclusive

  Block 363: ntdll.dll!RtlAcquireSRWLockExclusive

  Block 364: ntdll.dll!RtlDeactivateActivationContextUnsafeFast

  Block 365: ntdll.dll!RtlAnsiStringToUnicodeString

  Block 366: ntdll.dll!RtlCompareUnicodeStrings

  Block 367: ntdll.dll!memmove

  Block 368: ntdll.dll!memmove

  Block 369: ntdll.dll!RtlAcquireSRWLockExclusive

  Block 370: ntdll.dll!RtlGetCurrentServiceSessionId

  Block 371: ntdll.dll!RtlAcquireSRWLockExclusive

  Block 372: ntdll.dll!RtlAcquireSRWLockExclusive

  Block 373: ntdll.dll!RtlDeactivateActivationContextUnsafeFast

  Block 374: ntdll.dll!RtlAnsiStringToUnicodeString

  Block 375: ntdll.dll!RtlCompareUnicodeStrings

  Block 376: ntdll.dll!RtlCompareUnicodeStrings

  Block 377: ntdll.dll!memmove

  Block 378: ntdll.dll!memmove

  Block 379: ntdll.dll!RtlAcquireSRWLockExclusive

  Block 380: ntdll.dll!RtlGetCurrentServiceSessionId

  Block 381: ntdll.dll!RtlAcquireSRWLockExclusive

  Block 382: ntdll.dll!RtlAcquireSRWLockExclusive

  Block 383: ntdll.dll!RtlDeactivateActivationContextUnsafeFast

  Block 384: ntdll.dll!RtlAnsiStringToUnicodeString

  Block 385: ntdll.dll!RtlCompareUnicodeStrings

  Block 386: ntdll.dll!RtlCompareUnicodeStrings

  Block 387: ntdll.dll!memmove

  Block 388: ntdll.dll!memmove

  Block 389: ntdll.dll!RtlAcquireSRWLockExclusive

  Block 390: ntdll.dll!RtlGetCurrentServiceSessionId

  Block 391: ntdll.dll!RtlAcquireSRWLockExclusive

  Block 392: ntdll.dll!RtlAcquireSRWLockExclusive

  Block 393: ntdll.dll!RtlDeactivateActivationContextUnsafeFast

  Block 394: ntdll.dll!RtlAnsiStringToUnicodeString

  Block 395: ntdll.dll!RtlCompareUnicodeStrings

  Block 396: ntdll.dll!memmove

  Block 397: ntdll.dll!memmove

  Block 398: ntdll.dll!RtlAcquireSRWLockExclusive

  Block 399: ntdll.dll!RtlGetCurrentServiceSessionId

  Block 400: ntdll.dll!RtlAcquireSRWLockExclusive

  Block 401: ntdll.dll!RtlAcquireSRWLockExclusive

  Block 402: ntdll.dll!RtlDeactivateActivationContextUnsafeFast

  Block 403: ntdll.dll!RtlAnsiStringToUnicodeString

  Block 404: ntdll.dll!RtlCompareUnicodeStrings

  Block 405: ntdll.dll!memmove

  Block 406: ntdll.dll!memmove

  Block 407: ntdll.dll!RtlAcquireSRWLockExclusive

  Block 408: ntdll.dll!RtlGetCurrentServiceSessionId

  Block 409: ntdll.dll!RtlAcquireSRWLockExclusive

  Block 410: ntdll.dll!RtlAcquireSRWLockExclusive

  Block 411: ntdll.dll!RtlDeactivateActivationContextUnsafeFast

  Block 412: ntdll.dll!RtlAnsiStringToUnicodeString

  Block 413: ntdll.dll!RtlCompareUnicodeStrings

  Block 414: ntdll.dll!memmove

  Block 415: ntdll.dll!memmove

  Block 416: ntdll.dll!RtlAcquireSRWLockExclusive

  Block 417: ntdll.dll!RtlGetCurrentServiceSessionId

  Block 418: ntdll.dll!RtlAcquireSRWLockExclusive

  Block 419: ntdll.dll!RtlAcquireSRWLockExclusive

  Block 420: ntdll.dll!RtlDeactivateActivationContextUnsafeFast

  Block 421: ntdll.dll!RtlAnsiStringToUnicodeString

  Block 422: ntdll.dll!RtlCompareUnicodeStrings

  Block 423: ntdll.dll!memmove

  Block 424: ntdll.dll!memmove

  Block 425: ntdll.dll!RtlAcquireSRWLockExclusive

  Block 426: ntdll.dll!RtlGetCurrentServiceSessionId

  Block 427: ntdll.dll!RtlAcquireSRWLockExclusive

  Block 428: ntdll.dll!RtlAcquireSRWLockExclusive

  Block 429: ntdll.dll!RtlDeactivateActivationContextUnsafeFast

  Block 430: ntdll.dll!RtlAnsiStringToUnicodeString

  Block 431: ntdll.dll!RtlCompareUnicodeStrings

  Block 432: ntdll.dll!memmove

  Block 433: ntdll.dll!memmove

  Block 434: ntdll.dll!RtlAcquireSRWLockExclusive

  Block 435: ntdll.dll!RtlGetCurrentServiceSessionId

  Block 436: ntdll.dll!RtlAcquireSRWLockExclusive

  Block 437: ntdll.dll!RtlAcquireSRWLockExclusive

  Block 438: ntdll.dll!RtlDeactivateActivationContextUnsafeFast

  Block 439: ntdll.dll!RtlAnsiStringToUnicodeString

  Block 440: ntdll.dll!RtlCompareUnicodeStrings

  Block 441: ntdll.dll!memmove

  Block 442: ntdll.dll!memmove

  Block 443: ntdll.dll!RtlAcquireSRWLockExclusive

  Block 444: ntdll.dll!RtlGetCurrentServiceSessionId

  Block 445: ntdll.dll!RtlAcquireSRWLockExclusive

  Block 446: ntdll.dll!RtlAcquireSRWLockExclusive

  Block 447: ntdll.dll!RtlDeactivateActivationContextUnsafeFast

  Block 448: ntdll.dll!RtlAnsiStringToUnicodeString

  Block 449: ntdll.dll!RtlCompareUnicodeStrings

  Block 450: ntdll.dll!memmove

  Block 451: ntdll.dll!memmove

  Block 452: ntdll.dll!RtlAcquireSRWLockExclusive

  Block 453: ntdll.dll!RtlGetCurrentServiceSessionId

  Block 454: ntdll.dll!RtlAcquireSRWLockExclusive

  Block 455: ntdll.dll!RtlAcquireSRWLockExclusive

  Block 456: ntdll.dll!RtlDeactivateActivationContextUnsafeFast

  Block 457: ntdll.dll!RtlAnsiStringToUnicodeString

  Block 458: ntdll.dll!RtlCompareUnicodeStrings

  Block 459: ntdll.dll!memmove

  Block 460: ntdll.dll!memmove

  Block 461: ntdll.dll!RtlAcquireSRWLockExclusive

  Block 462: ntdll.dll!RtlGetCurrentServiceSessionId

  Block 463: ntdll.dll!RtlAcquireSRWLockExclusive

  Block 464: ntdll.dll!RtlAcquireSRWLockExclusive

  Block 465: ntdll.dll!RtlDeactivateActivationContextUnsafeFast

  Block 466: ntdll.dll!RtlAnsiStringToUnicodeString

  Block 467: ntdll.dll!RtlCompareUnicodeStrings

  Block 468: ntdll.dll!memmove

  Block 469: ntdll.dll!memmove

  Block 470: ntdll.dll!RtlAcquireSRWLockExclusive

  Block 471: ntdll.dll!RtlGetCurrentServiceSessionId

  Block 472: ntdll.dll!RtlAcquireSRWLockExclusive

  Block 473: ntdll.dll!RtlAcquireSRWLockExclusive

  Block 474: ntdll.dll!RtlDeactivateActivationContextUnsafeFast

  Block 475: ntdll.dll!RtlAnsiStringToUnicodeString

  Block 476: ntdll.dll!RtlCompareUnicodeStrings

  Block 477: ntdll.dll!memmove

  Block 478: ntdll.dll!memmove

  Block 479: ntdll.dll!RtlAcquireSRWLockExclusive

  Block 480: ntdll.dll!RtlGetCurrentServiceSessionId

  Block 481: ntdll.dll!RtlAcquireSRWLockExclusive

  Block 482: ntdll.dll!RtlAcquireSRWLockExclusive

  Block 483: ntdll.dll!RtlDeactivateActivationContextUnsafeFast

  Block 484: ntdll.dll!RtlAnsiStringToUnicodeString

  Block 485: ntdll.dll!RtlCompareUnicodeStrings

  Block 486: ntdll.dll!memmove

  Block 487: ntdll.dll!memmove

  Block 488: ntdll.dll!RtlAcquireSRWLockExclusive

  Block 489: ntdll.dll!RtlGetCurrentServiceSessionId

  Block 490: ntdll.dll!RtlAcquireSRWLockExclusive

  Block 491: ntdll.dll!RtlAcquireSRWLockExclusive

  Block 492: ntdll.dll!RtlDeactivateActivationContextUnsafeFast

  Block 493: ntdll.dll!RtlAnsiStringToUnicodeString

  Block 494: ntdll.dll!RtlCompareUnicodeStrings

  Block 495: ntdll.dll!memmove

  Block 496: ntdll.dll!memmove

  Block 497: ntdll.dll!RtlAcquireSRWLockExclusive

  Block 498: ntdll.dll!RtlGetCurrentServiceSessionId

  Block 499: ntdll.dll!RtlAcquireSRWLockExclusive

  Block 500: ntdll.dll!RtlAcquireSRWLockExclusive

  Block 501: ntdll.dll!RtlDeactivateActivationContextUnsafeFast

  Block 502: ntdll.dll!RtlAnsiStringToUnicodeString

  Block 503: ntdll.dll!RtlCompareUnicodeStrings

  Block 504: ntdll.dll!memmove

  Block 505: ntdll.dll!memmove

  Block 506: ntdll.dll!RtlAcquireSRWLockExclusive

  Block 507: ntdll.dll!RtlGetCurrentServiceSessionId

  Block 508: ntdll.dll!RtlAcquireSRWLockExclusive

  Block 509: ntdll.dll!RtlAcquireSRWLockExclusive

  Block 510: ntdll.dll!RtlDeactivateActivationContextUnsafeFast

  Block 511: ntdll.dll!RtlAnsiStringToUnicodeString

  Block 512: ntdll.dll!RtlCompareUnicodeStrings

  Block 513: ntdll.dll!memmove

  Block 514: ntdll.dll!memmove

  Block 515: ntdll.dll!RtlAcquireSRWLockExclusive

  Block 516: ntdll.dll!RtlGetCurrentServiceSessionId

  Block 517: ntdll.dll!RtlAcquireSRWLockExclusive

  Block 518: ntdll.dll!RtlAcquireSRWLockExclusive

  Block 519: ntdll.dll!RtlDeactivateActivationContextUnsafeFast

  Block 520: ntdll.dll!RtlAnsiStringToUnicodeString

  Block 521: ntdll.dll!RtlCompareUnicodeStrings

  Block 522: ntdll.dll!memmove

  Block 523: ntdll.dll!memmove

  Block 524: ntdll.dll!RtlAcquireSRWLockExclusive

  Block 525: ntdll.dll!RtlGetCurrentServiceSessionId

  Block 526: ntdll.dll!RtlAcquireSRWLockExclusive

  Block 527: ntdll.dll!RtlAcquireSRWLockExclusive

  Block 528: ntdll.dll!RtlDeactivateActivationContextUnsafeFast

  Block 529: ntdll.dll!RtlAnsiStringToUnicodeString

  Block 530: ntdll.dll!RtlCompareUnicodeStrings

  Block 531: ntdll.dll!memmove

  Block 532: ntdll.dll!memmove

  Block 533: ntdll.dll!RtlAcquireSRWLockExclusive

  Block 534: ntdll.dll!RtlGetCurrentServiceSessionId

  Block 535: ntdll.dll!RtlAcquireSRWLockExclusive

  Block 536: ntdll.dll!RtlAcquireSRWLockExclusive

  Block 537: ntdll.dll!RtlDeactivateActivationContextUnsafeFast

  Block 538: ntdll.dll!RtlAnsiStringToUnicodeString

  Block 539: ntdll.dll!RtlCompareUnicodeStrings

  Block 540: ntdll.dll!memmove

  Block 541: ntdll.dll!memmove

  Block 542: ntdll.dll!RtlAcquireSRWLockExclusive

  Block 543: ntdll.dll!RtlGetCurrentServiceSessionId

  Block 544: ntdll.dll!RtlAcquireSRWLockExclusive

  Block 545: ntdll.dll!RtlAcquireSRWLockExclusive

  Block 546: ntdll.dll!RtlDeactivateActivationContextUnsafeFast

  Block 547: ntdll.dll!RtlAnsiStringToUnicodeString

  Block 548: ntdll.dll!RtlDosApplyFileIsolationRedirection_Ustr

  Block 549: ntdll.dll!RtlFindCharInUnicodeString

  Block 551: ntdll.dll!RtlFindActivationContextSectionString

  Block 552: ntdll.dll!bsearch

  Block 553: ntdll.dll!RtlHashUnicodeString

  Block 554: ntdll.dll!bsearch

  Block 555: ntdll.dll!bsearch

  Block 557: ntdll.dll!memset

  Block 558: ntdll.dll!memmove

  Block 559: ntdll.dll!RtlAcquireSRWLockExclusive

  Block 560: ntdll.dll!RtlEqualUnicodeString

  Block 561: ntdll.dll!RtlReleaseSRWLockExclusive

  Block 562: ntdll.dll!RtlGetCurrentServiceSessionId

  Block 563: ntdll.dll!RtlAcquireSRWLockExclusive

  Block 564: ntdll.dll!RtlAcquireSRWLockExclusive

  Block 565: ntdll.dll!RtlDeactivateActivationContextUnsafeFast

  Block 566: ntdll.dll!RtlAnsiStringToUnicodeString

  Block 567: ntdll.dll!RtlCompareUnicodeStrings

  Block 568: ntdll.dll!memmove

  Block 569: ntdll.dll!memmove

  Block 570: ntdll.dll!RtlAcquireSRWLockExclusive

  Block 571: ntdll.dll!RtlGetCurrentServiceSessionId

  Block 572: ntdll.dll!RtlAcquireSRWLockExclusive

  Block 573: ntdll.dll!RtlAcquireSRWLockExclusive

  Block 574: ntdll.dll!RtlDeactivateActivationContextUnsafeFast

  Block 575: ntdll.dll!RtlAnsiStringToUnicodeString

  Block 576: ntdll.dll!RtlCompareUnicodeStrings

  Block 577: ntdll.dll!memmove

  Block 578: ntdll.dll!memmove

  Block 579: ntdll.dll!RtlAcquireSRWLockExclusive

  Block 580: ntdll.dll!RtlGetCurrentServiceSessionId

  Block 581: ntdll.dll!RtlAcquireSRWLockExclusive

  Block 582: ntdll.dll!RtlAcquireSRWLockExclusive

  Block 583: ntdll.dll!RtlDeactivateActivationContextUnsafeFast

  Block 584: ntdll.dll!RtlAnsiStringToUnicodeString

  Block 585: ntdll.dll!RtlCompareUnicodeStrings

  Block 586: ntdll.dll!memmove

  Block 587: ntdll.dll!memmove

  Block 588: ntdll.dll!RtlAcquireSRWLockExclusive

  Block 589: ntdll.dll!RtlGetCurrentServiceSessionId

  Block 590: ntdll.dll!RtlAcquireSRWLockExclusive

  Block 591: ntdll.dll!RtlAcquireSRWLockExclusive

  Block 592: ntdll.dll!RtlDeactivateActivationContextUnsafeFast

  Block 593: ntdll.dll!RtlAnsiStringToUnicodeString

  Block 594: ntdll.dll!RtlCompareUnicodeStrings

  Block 595: ntdll.dll!memmove

  Block 596: ntdll.dll!memmove

  Block 597: ntdll.dll!RtlAcquireSRWLockExclusive

  Block 598: ntdll.dll!RtlGetCurrentServiceSessionId

  Block 599: ntdll.dll!RtlAcquireSRWLockExclusive

  Block 600: ntdll.dll!RtlAcquireSRWLockExclusive

  Block 601: ntdll.dll!RtlDeactivateActivationContextUnsafeFast

  Block 602: ntdll.dll!RtlAnsiStringToUnicodeString

  Block 603: ntdll.dll!RtlCompareUnicodeStrings

  Block 604: ntdll.dll!RtlCompareUnicodeStrings

  Block 605: ntdll.dll!memmove

  Block 606: ntdll.dll!memmove

  Block 607: ntdll.dll!RtlAcquireSRWLockExclusive

  Block 608: ntdll.dll!RtlGetCurrentServiceSessionId

  Block 609: ntdll.dll!RtlAcquireSRWLockExclusive

  Block 610: ntdll.dll!RtlAcquireSRWLockExclusive

  Block 611: ntdll.dll!RtlDeactivateActivationContextUnsafeFast

  Block 612: ntdll.dll!RtlAnsiStringToUnicodeString

  Block 613: ntdll.dll!RtlCompareUnicodeStrings

  Block 614: ntdll.dll!RtlCompareUnicodeStrings

  Block 615: ntdll.dll!memmove

  Block 616: ntdll.dll!memmove

  Block 617: ntdll.dll!RtlAcquireSRWLockExclusive

  Block 618: ntdll.dll!RtlGetCurrentServiceSessionId

  Block 619: ntdll.dll!RtlAcquireSRWLockExclusive

  Block 620: ntdll.dll!RtlAcquireSRWLockExclusive

  Block 621: ntdll.dll!RtlDeactivateActivationContextUnsafeFast

  Block 622: ntdll.dll!RtlAnsiStringToUnicodeString

  Block 623: ntdll.dll!RtlCompareUnicodeStrings

  Block 624: ntdll.dll!memmove

  Block 625: ntdll.dll!memmove

  Block 626: ntdll.dll!RtlAcquireSRWLockExclusive

  Block 627: ntdll.dll!RtlGetCurrentServiceSessionId

  Block 628: ntdll.dll!RtlAcquireSRWLockExclusive

  Block 629: ntdll.dll!RtlAcquireSRWLockExclusive

  Block 630: ntdll.dll!RtlDeactivateActivationContextUnsafeFast

  Block 631: ntdll.dll!RtlAnsiStringToUnicodeString

  Block 632: ntdll.dll!RtlCompareUnicodeStrings

  Block 633: ntdll.dll!memmove

  Block 634: ntdll.dll!memmove

  Block 635: ntdll.dll!RtlAcquireSRWLockExclusive

  Block 636: ntdll.dll!RtlGetCurrentServiceSessionId

  Block 637: ntdll.dll!RtlAcquireSRWLockExclusive

  Block 638: ntdll.dll!RtlAcquireSRWLockExclusive

  Block 639: ntdll.dll!RtlDeactivateActivationContextUnsafeFast

  Block 640: ntdll.dll!RtlAnsiStringToUnicodeString

  Block 641: ntdll.dll!RtlCompareUnicodeStrings

  Block 642: ntdll.dll!memmove

  Block 643: ntdll.dll!memmove

  Block 644: ntdll.dll!RtlAcquireSRWLockExclusive

  Block 645: ntdll.dll!RtlGetCurrentServiceSessionId

  Block 646: ntdll.dll!RtlAcquireSRWLockExclusive

  Block 647: ntdll.dll!RtlAcquireSRWLockExclusive

  Block 648: ntdll.dll!RtlDeactivateActivationContextUnsafeFast

  Block 649: ntdll.dll!RtlAnsiStringToUnicodeString

  Block 650: ntdll.dll!RtlCompareUnicodeStrings

  Block 651: ntdll.dll!memmove

  Block 652: ntdll.dll!memmove

  Block 653: ntdll.dll!RtlAcquireSRWLockExclusive

  Block 654: ntdll.dll!RtlGetCurrentServiceSessionId

  Block 655: ntdll.dll!RtlAcquireSRWLockExclusive

  Block 656: ntdll.dll!RtlAcquireSRWLockExclusive

  Block 657: ntdll.dll!RtlDeactivateActivationContextUnsafeFast

  Block 658: ntdll.dll!RtlAnsiStringToUnicodeString

  Block 659: ntdll.dll!RtlCompareUnicodeStrings

  Block 660: ntdll.dll!memmove

  Block 661: ntdll.dll!memmove

  Block 662: ntdll.dll!RtlAcquireSRWLockExclusive

  Block 663: ntdll.dll!RtlGetCurrentServiceSessionId

  Block 664: ntdll.dll!RtlAcquireSRWLockExclusive

  Block 665: ntdll.dll!RtlAcquireSRWLockExclusive

  Block 666: ntdll.dll!RtlDeactivateActivationContextUnsafeFast

  Block 667: ntdll.dll!RtlAnsiStringToUnicodeString

  Block 668: ntdll.dll!RtlCompareUnicodeStrings

  Block 669: ntdll.dll!memmove

  Block 670: ntdll.dll!memmove

  Block 671: ntdll.dll!RtlAcquireSRWLockExclusive

  Block 672: ntdll.dll!RtlGetCurrentServiceSessionId

  Block 673: ntdll.dll!RtlAcquireSRWLockExclusive

  Block 674: ntdll.dll!RtlAcquireSRWLockExclusive

  Block 675: ntdll.dll!RtlDeactivateActivationContextUnsafeFast

  Block 676: ntdll.dll!RtlAnsiStringToUnicodeString

  Block 677: ntdll.dll!RtlCompareUnicodeStrings

  Block 678: ntdll.dll!memmove

  Block 679: ntdll.dll!memmove

  Block 680: ntdll.dll!RtlAcquireSRWLockExclusive

  Block 681: ntdll.dll!RtlGetCurrentServiceSessionId

  Block 682: ntdll.dll!RtlAcquireSRWLockExclusive

  Block 683: ntdll.dll!RtlAcquireSRWLockExclusive

  Block 684: ntdll.dll!RtlDeactivateActivationContextUnsafeFast

  Block 685: ntdll.dll!RtlAnsiStringToUnicodeString

  Block 686: ntdll.dll!RtlCompareUnicodeStrings

  Block 687: ntdll.dll!memmove

  Block 688: ntdll.dll!memmove

  Block 689: ntdll.dll!RtlAcquireSRWLockExclusive

  Block 690: ntdll.dll!RtlGetCurrentServiceSessionId

  Block 691: ntdll.dll!RtlAcquireSRWLockExclusive

  Block 692: ntdll.dll!RtlAcquireSRWLockExclusive

  Block 693: ntdll.dll!RtlDeactivateActivationContextUnsafeFast

  Block 694: ntdll.dll!RtlAnsiStringToUnicodeString

  Block 695: ntdll.dll!RtlCompareUnicodeStrings

  Block 696: ntdll.dll!memmove

  Block 697: ntdll.dll!memmove

  Block 698: ntdll.dll!RtlAcquireSRWLockExclusive

  Block 699: ntdll.dll!RtlGetCurrentServiceSessionId

  Block 700: ntdll.dll!RtlAcquireSRWLockExclusive

  Block 701: ntdll.dll!RtlAcquireSRWLockExclusive

  Block 702: ntdll.dll!RtlDeactivateActivationContextUnsafeFast

  Block 703: ntdll.dll!RtlAnsiStringToUnicodeString

  Block 704: ntdll.dll!RtlDosApplyFileIsolationRedirection_Ustr

  Block 705: ntdll.dll!RtlFindCharInUnicodeString

  Block 707: ntdll.dll!RtlFindActivationContextSectionString

  Block 708: ntdll.dll!bsearch

  Block 709: ntdll.dll!RtlHashUnicodeString

  Block 710: ntdll.dll!bsearch

  Block 711: ntdll.dll!bsearch

  Block 713: ntdll.dll!memset

  Block 714: ntdll.dll!memmove

  Block 715: ntdll.dll!RtlAcquireSRWLockExclusive

  Block 716: ntdll.dll!RtlReleaseSRWLockExclusive

  Block 717: ntdll.dll!RtlGetCurrentServiceSessionId

  Block 718: ntdll.dll!RtlAllocateHeap

  Block 719: ntdll.dll!RtlLeaveCriticalSection

  Block 720: ntdll.dll!memset

  Block 721: ntdll.dll!memmove

  Block 722: ntdll.dll!RtlAllocateHeap

  Block 723: ntdll.dll!memset

  Block 724: ntdll.dll!RtlAllocateHeap

  Block 727: ntdll.dll!RtlInterlockedPopEntrySList

  Block 728: ntdll.dll!ExpInterlockedPopEntrySListResume

  Block 729: ntdll.dll!RtlInterlockedPopEntrySList

  Block 730: ntdll.dll!ExpInterlockedPopEntrySListResume

  Block 731: ntdll.dll!RtlEnterCriticalSection

  Block 732: ntdll.dll!RtlAllocateHeap

  Block 733: ntdll.dll!RtlLeaveCriticalSection

  Block 734: ntdll.dll!RtlGetCurrentServiceSessionId

  Block 735: ntdll.dll!RtlInterlockedPopEntrySList

  Block 736: ntdll.dll!ExpInterlockedPopEntrySListResume

  Block 740: ntdll.dll!RtlGetCurrentServiceSessionId

  Block 741: ntdll.dll!memset

  Block 742: ntdll.dll!ZwOpenSection

  Block 743: ntdll.dll!RtlAllocateHeap

  Block 744: ntdll.dll!RtlAppendUnicodeStringToString

  Block 745: ntdll.dll!memmove

  Block 746: ntdll.dll!RtlAppendUnicodeToString

  Block 747: ntdll.dll!memmove

  Block 748: ntdll.dll!RtlAppendUnicodeStringToString

  Block 749: ntdll.dll!memmove

  Block 750: ntdll.dll!RtlInitUnicodeStringEx

  Block 751: ntdll.dll!RtlHashUnicodeString

  Block 752: ntdll.dll!RtlAcquireSRWLockExclusive

  Block 753: ntdll.dll!RtlReleaseSRWLockExclusive

  Block 754: ntdll.dll!RtlEqualUnicodeString

  Block 755: ntdll.dll!ZwMapViewOfSection

  Block 756: ntdll.dll!RtlImageNtHeaderEx

  Block 757: ntdll.dll!RtlAcquireSRWLockExclusive

  Block 759: ntdll.dll!RtlRbInsertNodeEx

  Block 760: ntdll.dll!RtlReleaseSRWLockExclusive

  Block 761: ntdll.dll!RtlIsCriticalSectionLockedByThread

  Block 762: ntdll.dll!RtlImageNtHeaderEx

  Block 763: ntdll.dll!RtlImageNtHeaderEx

  Block 764: ntdll.dll!RtlImageNtHeaderEx

  Block 765: ntdll.dll!RtlIsProcessorFeaturePresent

  Block 766: ntdll.dll!RtlImageNtHeaderEx

  Block 767: ntdll.dll!RtlImageNtHeaderEx

  Block 768: ntdll.dll!RtlImageNtHeaderEx

  Block 769: ntdll.dll!RtlImageRvaToSection

  Block 770: ntdll.dll!ZwQueryPerformanceCounter

  Block 771: ntdll.dll!RtlImageNtHeaderEx

  Block 772: ntdll.dll!ZwProtectVirtualMemory

  Block 773: ntdll.dll!LdrControlFlowGuardEnforced

  Block 774: ntdll.dll!LdrControlFlowGuardEnforced

  Block 775: ntdll.dll!ZwProtectVirtualMemory

  Block 776: ntdll.dll!LdrControlFlowGuardEnforced

  Block 777: ntdll.dll!ZwProtectVirtualMemory

  Block 778: ntdll.dll!ZwProtectVirtualMemory

  Block 779: ntdll.dll!LdrControlFlowGuardEnforced

  Block 780: ntdll.dll!ZwProtectVirtualMemory

  Block 781: ntdll.dll!RtlImageNtHeaderEx

  Block 782: ntdll.dll!RtlAcquireSRWLockExclusive

  Block 783: ntdll.dll!RtlAcquireSRWLockExclusive

  Block 784: ntdll.dll!ZwProtectVirtualMemory

  Block 785: ntdll.dll!RtlReleaseSRWLockExclusive

  Block 786: ntdll.dll!RtlAcquireSRWLockExclusive

  Block 787: ntdll.dll!ZwProtectVirtualMemory

  Block 788: ntdll.dll!RtlReleaseSRWLockExclusive

  Block 789: ntdll.dll!RtlReleaseSRWLockExclusive

  Block 790: ntdll.dll!RtlAcquireSRWLockExclusive

  Block 791: ntdll.dll!RtlReleaseSRWLockExclusive

  Block 792: ntdll.dll!RtlGetCurrentServiceSessionId

  Block 793: ntdll.dll!RtlGetCurrentServiceSessionId

  Block 794: KERNELBASE.dll!InitOnceExecuteOnce

  Block 795: ntdll.dll!RtlRunOnceExecuteOnce

  Block 796: ntdll.dll!LdrResFindResourceDirectory

  Block 797: ntdll.dll!LdrResSearchResource

  Block 798: ntdll.dll!RtlGetCurrentServiceSessionId

  Block 799: ntdll.dll!memmove

  Block 800: ntdll.dll!LdrpResGetMappingSize

  Block 801: ntdll.dll!RtlGetCurrentServiceSessionId

  Block 802: ntdll.dll!RtlImageNtHeaderEx

  Block 803: ntdll.dll!RtlGetCurrentServiceSessionId

  Block 804: ntdll.dll!RtlGetCurrentServiceSessionId

  Block 805: ntdll.dll!LdrpResGetResourceDirectory

  Block 806: ntdll.dll!RtlGetCurrentServiceSessionId

  Block 807: ntdll.dll!RtlImageNtHeaderEx

  Block 809: ntdll.dll!RtlGetCurrentServiceSessionId

  Block 810: ntdll.dll!RtlGetCurrentServiceSessionId

  Block 811: ntdll.dll!RtlGetCurrentServiceSessionId

  Block 812: ntdll.dll!RtlGetCurrentServiceSessionId

  Block 813: ntdll.dll!RtlImageNtHeaderEx

  Block 814: ntdll.dll!RtlImageNtHeaderEx

  Block 815: ntdll.dll!RtlImageNtHeaderEx

  Block 816: ntdll.dll!RtlImageNtHeaderEx

  Block 817: ntdll.dll!ZwProtectVirtualMemory

  Block 818: ntdll.dll!RtlImageNtHeaderEx

  Block 819: ntdll.dll!RtlAllocateHeap

  Block 820: ntdll.dll!RtlLeaveCriticalSection

  Block 821: ntdll.dll!memset

  Block 822: ntdll.dll!RtlAnsiStringToUnicodeString

  Block 823: ntdll.dll!RtlCompareUnicodeStrings

  Block 824: ntdll.dll!memmove

  Block 825: ntdll.dll!memmove

  Block 826: ntdll.dll!RtlAllocateHeap

  Block 827: ntdll.dll!RtlAcquireSRWLockExclusive

  Block 828: ntdll.dll!RtlGetCurrentServiceSessionId

  Block 829: ntdll.dll!RtlAcquireSRWLockExclusive

  Block 830: ntdll.dll!RtlAcquireSRWLockExclusive

  Block 831: ntdll.dll!RtlDeactivateActivationContextUnsafeFast

  Block 832: ntdll.dll!RtlAnsiStringToUnicodeString

  Block 833: ntdll.dll!RtlCompareUnicodeStrings

  Block 834: ntdll.dll!memmove

  Block 835: ntdll.dll!memmove

  Block 836: ntdll.dll!RtlAcquireSRWLockExclusive

  Block 837: ntdll.dll!RtlGetCurrentServiceSessionId

  Block 838: ntdll.dll!RtlAcquireSRWLockExclusive

  Block 839: ntdll.dll!RtlAcquireSRWLockExclusive

  Block 840: ntdll.dll!RtlDeactivateActivationContextUnsafeFast

  Block 841: ntdll.dll!RtlAnsiStringToUnicodeString

  Block 842: ntdll.dll!RtlCompareUnicodeStrings

  Block 843: ntdll.dll!memmove

  Block 844: ntdll.dll!memmove

  Block 845: ntdll.dll!RtlAcquireSRWLockExclusive

  Block 846: ntdll.dll!RtlGetCurrentServiceSessionId

  Block 847: ntdll.dll!RtlAcquireSRWLockExclusive

  Block 848: ntdll.dll!RtlAcquireSRWLockExclusive

  Block 849: ntdll.dll!RtlDeactivateActivationContextUnsafeFast

  Block 850: ntdll.dll!RtlAnsiStringToUnicodeString

  Block 851: ntdll.dll!RtlDosApplyFileIsolationRedirection_Ustr

  Block 852: ntdll.dll!RtlFindCharInUnicodeString

  Block 854: ntdll.dll!RtlFindActivationContextSectionString

  Block 855: ntdll.dll!bsearch

  Block 856: ntdll.dll!RtlHashUnicodeString

  Block 857: ntdll.dll!bsearch

  Block 858: ntdll.dll!bsearch

  Block 861: ntdll.dll!memmove

  Block 862: ntdll.dll!RtlAcquireSRWLockExclusive

  Block 863: ntdll.dll!RtlEqualUnicodeString

  Block 864: ntdll.dll!RtlReleaseSRWLockExclusive

  Block 865: ntdll.dll!RtlGetCurrentServiceSessionId

  Block 866: ntdll.dll!RtlAcquireSRWLockExclusive

  Block 867: ntdll.dll!RtlAcquireSRWLockExclusive

  Block 868: ntdll.dll!RtlDeactivateActivationContextUnsafeFast

  Block 869: ntdll.dll!RtlAnsiStringToUnicodeString

  Block 870: ntdll.dll!RtlDosApplyFileIsolationRedirection_Ustr

  Block 871: ntdll.dll!RtlFindCharInUnicodeString

  Block 873: ntdll.dll!RtlFindActivationContextSectionString

  Block 874: ntdll.dll!bsearch

  Block 875: ntdll.dll!RtlHashUnicodeString

  Block 876: ntdll.dll!bsearch

  Block 877: ntdll.dll!bsearch

  Block 880: ntdll.dll!memmove

  Block 881: ntdll.dll!RtlAcquireSRWLockExclusive

  Block 882: ntdll.dll!RtlEqualUnicodeString

  Block 883: ntdll.dll!RtlReleaseSRWLockExclusive

  Block 884: ntdll.dll!RtlGetCurrentServiceSessionId

  Block 885: ntdll.dll!RtlAcquireSRWLockExclusive

  Block 886: ntdll.dll!RtlAcquireSRWLockExclusive

  Block 887: ntdll.dll!RtlDeactivateActivationContextUnsafeFast

  Block 888: ntdll.dll!RtlAnsiStringToUnicodeString

  Block 889: ntdll.dll!RtlCompareUnicodeStrings

  Block 890: ntdll.dll!memmove

  Block 891: ntdll.dll!memmove

  Block 892: ntdll.dll!RtlAcquireSRWLockExclusive

  Block 893: ntdll.dll!RtlGetCurrentServiceSessionId

  Block 894: ntdll.dll!RtlAcquireSRWLockExclusive

  Block 895: ntdll.dll!RtlAcquireSRWLockExclusive

  Block 896: ntdll.dll!RtlDeactivateActivationContextUnsafeFast

  Block 897: ntdll.dll!RtlAnsiStringToUnicodeString

  Block 898: ntdll.dll!RtlCompareUnicodeStrings

  Block 899: ntdll.dll!memmove

  Block 900: ntdll.dll!memmove

  Block 901: ntdll.dll!RtlAcquireSRWLockExclusive

  Block 902: ntdll.dll!RtlGetCurrentServiceSessionId

  Block 903: ntdll.dll!RtlAcquireSRWLockExclusive

  Block 904: ntdll.dll!RtlAcquireSRWLockExclusive

  Block 905: ntdll.dll!RtlDeactivateActivationContextUnsafeFast

  Block 906: ntdll.dll!RtlAnsiStringToUnicodeString

  Block 907: ntdll.dll!RtlCompareUnicodeStrings

  Block 908: ntdll.dll!memmove

  Block 909: ntdll.dll!memmove

  Block 910: ntdll.dll!RtlAcquireSRWLockExclusive

  Block 911: ntdll.dll!RtlGetCurrentServiceSessionId

  Block 912: ntdll.dll!RtlAcquireSRWLockExclusive

  Block 913: ntdll.dll!RtlAcquireSRWLockExclusive

  Block 914: ntdll.dll!RtlDeactivateActivationContextUnsafeFast

  Block 915: ntdll.dll!RtlAnsiStringToUnicodeString

  Block 916: ntdll.dll!RtlCompareUnicodeStrings

  Block 917: ntdll.dll!memmove

  Block 918: ntdll.dll!memmove

  Block 919: ntdll.dll!RtlAcquireSRWLockExclusive

  Block 920: ntdll.dll!RtlGetCurrentServiceSessionId

  Block 921: ntdll.dll!RtlAcquireSRWLockExclusive

  Block 922: ntdll.dll!RtlAcquireSRWLockExclusive

  Block 923: ntdll.dll!RtlDeactivateActivationContextUnsafeFast

  Block 924: ntdll.dll!RtlAnsiStringToUnicodeString

  Block 925: ntdll.dll!RtlCompareUnicodeStrings

  Block 926: ntdll.dll!memmove

  Block 927: ntdll.dll!memmove

  Block 928: ntdll.dll!RtlAcquireSRWLockExclusive

  Block 929: ntdll.dll!RtlGetCurrentServiceSessionId

  Block 930: ntdll.dll!RtlAcquireSRWLockExclusive

  Block 931: ntdll.dll!RtlAcquireSRWLockExclusive

  Block 932: ntdll.dll!RtlDeactivateActivationContextUnsafeFast

  Block 933: ntdll.dll!RtlAnsiStringToUnicodeString

  Block 934: ntdll.dll!RtlCompareUnicodeStrings

  Block 935: ntdll.dll!memmove

  Block 936: ntdll.dll!memmove

  Block 937: ntdll.dll!RtlAcquireSRWLockExclusive

  Block 938: ntdll.dll!RtlGetCurrentServiceSessionId

  Block 939: ntdll.dll!RtlAcquireSRWLockExclusive

  Block 940: ntdll.dll!RtlAcquireSRWLockExclusive

  Block 941: ntdll.dll!RtlDeactivateActivationContextUnsafeFast

  Block 942: ntdll.dll!RtlAnsiStringToUnicodeString

  Block 943: ntdll.dll!RtlCompareUnicodeStrings

  Block 944: ntdll.dll!memmove

  Block 945: ntdll.dll!memmove

  Block 946: ntdll.dll!RtlAcquireSRWLockExclusive

  Block 947: ntdll.dll!RtlGetCurrentServiceSessionId

  Block 948: ntdll.dll!RtlAcquireSRWLockExclusive

  Block 949: ntdll.dll!RtlAcquireSRWLockExclusive

  Block 950: ntdll.dll!RtlDeactivateActivationContextUnsafeFast

  Block 951: ntdll.dll!RtlAnsiStringToUnicodeString

  Block 952: ntdll.dll!RtlCompareUnicodeStrings

  Block 953: ntdll.dll!memmove

  Block 954: ntdll.dll!memmove

  Block 955: ntdll.dll!RtlAcquireSRWLockExclusive

  Block 956: ntdll.dll!RtlGetCurrentServiceSessionId

  Block 957: ntdll.dll!RtlAcquireSRWLockExclusive

  Block 958: ntdll.dll!RtlAcquireSRWLockExclusive

  Block 959: ntdll.dll!RtlDeactivateActivationContextUnsafeFast

  Block 960: ntdll.dll!RtlAnsiStringToUnicodeString

  Block 961: ntdll.dll!RtlCompareUnicodeStrings

  Block 962: ntdll.dll!memmove

  Block 963: ntdll.dll!memmove

  Block 964: ntdll.dll!RtlAcquireSRWLockExclusive

  Block 965: ntdll.dll!RtlGetCurrentServiceSessionId

  Block 966: ntdll.dll!RtlAcquireSRWLockExclusive

  Block 967: ntdll.dll!RtlAcquireSRWLockExclusive

  Block 968: ntdll.dll!RtlDeactivateActivationContextUnsafeFast

  Block 969: ntdll.dll!RtlAnsiStringToUnicodeString

  Block 970: ntdll.dll!RtlCompareUnicodeStrings

  Block 971: ntdll.dll!memmove

  Block 972: ntdll.dll!memmove

  Block 973: ntdll.dll!RtlAcquireSRWLockExclusive

  Block 974: ntdll.dll!RtlGetCurrentServiceSessionId

  Block 975: ntdll.dll!RtlAcquireSRWLockExclusive

  Block 976: ntdll.dll!RtlAcquireSRWLockExclusive

  Block 977: ntdll.dll!RtlDeactivateActivationContextUnsafeFast

  Block 978: ntdll.dll!RtlAnsiStringToUnicodeString

  Block 979: ntdll.dll!RtlCompareUnicodeStrings

  Block 980: ntdll.dll!memmove

  Block 981: ntdll.dll!memmove

  Block 982: ntdll.dll!RtlAcquireSRWLockExclusive

  Block 983: ntdll.dll!RtlGetCurrentServiceSessionId

  Block 984: ntdll.dll!RtlAcquireSRWLockExclusive

  Block 985: ntdll.dll!RtlAcquireSRWLockExclusive

  Block 986: ntdll.dll!RtlDeactivateActivationContextUnsafeFast

  Block 987: ntdll.dll!RtlAnsiStringToUnicodeString

  Block 988: ntdll.dll!RtlCompareUnicodeStrings

  Block 989: ntdll.dll!memmove

  Block 990: ntdll.dll!memmove

  Block 991: ntdll.dll!RtlAcquireSRWLockExclusive

  Block 992: ntdll.dll!RtlGetCurrentServiceSessionId

  Block 993: ntdll.dll!RtlAcquireSRWLockExclusive

  Block 994: ntdll.dll!RtlAcquireSRWLockExclusive

  Block 995: ntdll.dll!RtlDeactivateActivationContextUnsafeFast

  Block 996: ntdll.dll!RtlAnsiStringToUnicodeString

  Block 997: ntdll.dll!RtlCompareUnicodeStrings

  Block 998: ntdll.dll!memmove

  Block 999: ntdll.dll!memmove

  Block 1000: ntdll.dll!RtlAcquireSRWLockExclusive

  Block 1001: ntdll.dll!RtlGetCurrentServiceSessionId

  Block 1002: ntdll.dll!RtlAcquireSRWLockExclusive

  Block 1003: ntdll.dll!RtlAcquireSRWLockExclusive

  Block 1004: ntdll.dll!RtlDeactivateActivationContextUnsafeFast

  Block 1005: ntdll.dll!RtlAnsiStringToUnicodeString

  Block 1006: ntdll.dll!RtlCompareUnicodeStrings

  Block 1007: ntdll.dll!memmove

  Block 1008: ntdll.dll!memmove

  Block 1009: ntdll.dll!RtlAcquireSRWLockExclusive

  Block 1010: ntdll.dll!RtlGetCurrentServiceSessionId

  Block 1011: ntdll.dll!RtlAcquireSRWLockExclusive

  Block 1012: ntdll.dll!RtlAcquireSRWLockExclusive

  Block 1013: ntdll.dll!RtlDeactivateActivationContextUnsafeFast

  Block 1014: ntdll.dll!RtlAnsiStringToUnicodeString

  Block 1015: ntdll.dll!RtlCompareUnicodeStrings

  Block 1016: ntdll.dll!RtlCompareUnicodeStrings

  Block 1017: ntdll.dll!memmove

  Block 1018: ntdll.dll!memmove

  Block 1019: ntdll.dll!RtlAcquireSRWLockExclusive

  Block 1020: ntdll.dll!RtlGetCurrentServiceSessionId

  Block 1021: ntdll.dll!RtlAcquireSRWLockExclusive

  Block 1022: ntdll.dll!RtlAcquireSRWLockExclusive

  Block 1023: ntdll.dll!RtlDeactivateActivationContextUnsafeFast

  Block 1024: ntdll.dll!RtlAnsiStringToUnicodeString

  Block 1025: ntdll.dll!RtlCompareUnicodeStrings

  Block 1026: ntdll.dll!RtlCompareUnicodeStrings

  Block 1027: ntdll.dll!memmove

  Block 1028: ntdll.dll!memmove

  Block 1029: ntdll.dll!RtlAcquireSRWLockExclusive

  Block 1030: ntdll.dll!RtlGetCurrentServiceSessionId

  Block 1031: ntdll.dll!RtlAcquireSRWLockExclusive

  Block 1032: ntdll.dll!RtlAcquireSRWLockExclusive

  Block 1033: ntdll.dll!RtlDeactivateActivationContextUnsafeFast

  Block 1034: ntdll.dll!RtlAnsiStringToUnicodeString

  Block 1035: ntdll.dll!RtlCompareUnicodeStrings

  Block 1036: ntdll.dll!memmove

  Block 1037: ntdll.dll!memmove

  Block 1038: ntdll.dll!RtlAcquireSRWLockExclusive

  Block 1039: ntdll.dll!RtlGetCurrentServiceSessionId

  Block 1040: ntdll.dll!RtlAcquireSRWLockExclusive

  Block 1041: ntdll.dll!RtlAcquireSRWLockExclusive

  Block 1042: ntdll.dll!RtlDeactivateActivationContextUnsafeFast

  Block 1043: ntdll.dll!RtlAnsiStringToUnicodeString

  Block 1044: ntdll.dll!RtlCompareUnicodeStrings

  Block 1045: ntdll.dll!memmove

  Block 1046: ntdll.dll!memmove

  Block 1047: ntdll.dll!RtlAcquireSRWLockExclusive

  Block 1048: ntdll.dll!RtlGetCurrentServiceSessionId

  Block 1049: ntdll.dll!RtlAcquireSRWLockExclusive

  Block 1050: ntdll.dll!RtlAcquireSRWLockExclusive

  Block 1051: ntdll.dll!RtlDeactivateActivationContextUnsafeFast

  Block 1052: ntdll.dll!RtlAnsiStringToUnicodeString

  Block 1053: ntdll.dll!RtlCompareUnicodeStrings

  Block 1054: ntdll.dll!memmove

  Block 1055: ntdll.dll!memmove

  Block 1056: ntdll.dll!RtlAcquireSRWLockExclusive

  Block 1057: ntdll.dll!RtlGetCurrentServiceSessionId

  Block 1058: ntdll.dll!RtlAcquireSRWLockExclusive

  Block 1059: ntdll.dll!RtlAcquireSRWLockExclusive

  Block 1060: ntdll.dll!RtlDeactivateActivationContextUnsafeFast

  Block 1061: ntdll.dll!RtlAnsiStringToUnicodeString

  Block 1062: ntdll.dll!RtlCompareUnicodeStrings

  Block 1063: ntdll.dll!memmove

  Block 1064: ntdll.dll!memmove

  Block 1065: ntdll.dll!RtlAcquireSRWLockExclusive

  Block 1066: ntdll.dll!RtlGetCurrentServiceSessionId

  Block 1067: ntdll.dll!RtlAcquireSRWLockExclusive

  Block 1068: ntdll.dll!RtlAcquireSRWLockExclusive

  Block 1069: ntdll.dll!RtlDeactivateActivationContextUnsafeFast

  Block 1070: ntdll.dll!RtlAnsiStringToUnicodeString

  Block 1071: ntdll.dll!RtlCompareUnicodeStrings

  Block 1072: ntdll.dll!memmove

  Block 1073: ntdll.dll!memmove

  Block 1074: ntdll.dll!RtlAcquireSRWLockExclusive

  Block 1075: ntdll.dll!RtlGetCurrentServiceSessionId

  Block 1076: ntdll.dll!RtlAcquireSRWLockExclusive

  Block 1077: ntdll.dll!RtlAcquireSRWLockExclusive

  Block 1078: ntdll.dll!RtlDeactivateActivationContextUnsafeFast

  Block 1079: ntdll.dll!RtlAnsiStringToUnicodeString

  Block 1080: ntdll.dll!RtlCompareUnicodeStrings

  Block 1081: ntdll.dll!memmove

  Block 1082: ntdll.dll!memmove

  Block 1083: ntdll.dll!RtlAcquireSRWLockExclusive

  Block 1084: ntdll.dll!RtlGetCurrentServiceSessionId

  Block 1085: ntdll.dll!RtlAcquireSRWLockExclusive

  Block 1086: ntdll.dll!RtlAcquireSRWLockExclusive

  Block 1087: ntdll.dll!RtlDeactivateActivationContextUnsafeFast

  Block 1088: ntdll.dll!RtlAnsiStringToUnicodeString

  Block 1089: ntdll.dll!RtlCompareUnicodeStrings

  Block 1090: ntdll.dll!memmove

  Block 1091: ntdll.dll!memmove

  Block 1092: ntdll.dll!RtlAcquireSRWLockExclusive

  Block 1093: ntdll.dll!RtlGetCurrentServiceSessionId

  Block 1094: ntdll.dll!RtlAcquireSRWLockExclusive

  Block 1095: ntdll.dll!RtlAcquireSRWLockExclusive

  Block 1096: ntdll.dll!RtlDeactivateActivationContextUnsafeFast

  Block 1097: ntdll.dll!RtlAnsiStringToUnicodeString

  Block 1098: ntdll.dll!RtlCompareUnicodeStrings

  Block 1099: ntdll.dll!memmove

  Block 1100: ntdll.dll!memmove

  Block 1101: ntdll.dll!RtlAcquireSRWLockExclusive

  Block 1102: ntdll.dll!RtlGetCurrentServiceSessionId

  Block 1103: ntdll.dll!RtlAcquireSRWLockExclusive

  Block 1104: ntdll.dll!RtlAcquireSRWLockExclusive

  Block 1105: ntdll.dll!RtlDeactivateActivationContextUnsafeFast

  Block 1106: ntdll.dll!RtlAnsiStringToUnicodeString

  Block 1107: ntdll.dll!RtlCompareUnicodeStrings

  Block 1108: ntdll.dll!memmove

  Block 1109: ntdll.dll!memmove

  Block 1110: ntdll.dll!RtlAcquireSRWLockExclusive

  Block 1111: ntdll.dll!RtlGetCurrentServiceSessionId

  Block 1112: ntdll.dll!RtlAcquireSRWLockExclusive

  Block 1113: ntdll.dll!RtlAcquireSRWLockExclusive

  Block 1114: ntdll.dll!RtlDeactivateActivationContextUnsafeFast

  Block 1115: ntdll.dll!RtlAnsiStringToUnicodeString

  Block 1116: ntdll.dll!RtlCompareUnicodeStrings

  Block 1117: ntdll.dll!memmove

  Block 1118: ntdll.dll!memmove

  Block 1119: ntdll.dll!RtlAcquireSRWLockExclusive

  Block 1120: ntdll.dll!RtlGetCurrentServiceSessionId

  Block 1121: ntdll.dll!RtlAcquireSRWLockExclusive

  Block 1122: ntdll.dll!RtlAcquireSRWLockExclusive

  Block 1123: ntdll.dll!RtlDeactivateActivationContextUnsafeFast

  Block 1124: ntdll.dll!RtlAnsiStringToUnicodeString

  Block 1125: ntdll.dll!RtlCompareUnicodeStrings

  Block 1126: ntdll.dll!memmove

  Block 1127: ntdll.dll!memmove

  Block 1128: ntdll.dll!RtlAcquireSRWLockExclusive

  Block 1129: ntdll.dll!RtlGetCurrentServiceSessionId

  Block 1130: ntdll.dll!RtlAcquireSRWLockExclusive

  Block 1131: ntdll.dll!RtlAcquireSRWLockExclusive

  Block 1132: ntdll.dll!RtlDeactivateActivationContextUnsafeFast

  Block 1133: ntdll.dll!RtlAnsiStringToUnicodeString

  Block 1134: ntdll.dll!RtlCompareUnicodeStrings

  Block 1135: ntdll.dll!RtlCompareUnicodeStrings

  Block 1136: ntdll.dll!memmove

  Block 1137: ntdll.dll!memmove

  Block 1138: ntdll.dll!RtlAcquireSRWLockExclusive

  Block 1139: ntdll.dll!RtlGetCurrentServiceSessionId

  Block 1140: ntdll.dll!RtlAcquireSRWLockExclusive

  Block 1141: ntdll.dll!RtlAcquireSRWLockExclusive

  Block 1142: ntdll.dll!RtlDeactivateActivationContextUnsafeFast

  Block 1143: ntdll.dll!RtlAnsiStringToUnicodeString

  Block 1144: ntdll.dll!RtlCompareUnicodeStrings

  Block 1145: ntdll.dll!memmove

  Block 1146: ntdll.dll!memmove

  Block 1147: ntdll.dll!RtlAcquireSRWLockExclusive

  Block 1148: ntdll.dll!RtlGetCurrentServiceSessionId

  Block 1149: ntdll.dll!RtlAcquireSRWLockExclusive

  Block 1150: ntdll.dll!RtlAcquireSRWLockExclusive

  Block 1151: ntdll.dll!RtlDeactivateActivationContextUnsafeFast

  Block 1152: ntdll.dll!RtlAnsiStringToUnicodeString

  Block 1153: ntdll.dll!RtlCompareUnicodeStrings

  Block 1154: ntdll.dll!memmove

  Block 1155: ntdll.dll!memmove

  Block 1156: ntdll.dll!RtlAcquireSRWLockExclusive

  Block 1157: ntdll.dll!RtlGetCurrentServiceSessionId

  Block 1158: ntdll.dll!RtlAcquireSRWLockExclusive

  Block 1159: ntdll.dll!RtlAcquireSRWLockExclusive

  Block 1160: ntdll.dll!RtlDeactivateActivationContextUnsafeFast

  Block 1161: ntdll.dll!RtlAnsiStringToUnicodeString

  Block 1162: ntdll.dll!RtlCompareUnicodeStrings

  Block 1163: ntdll.dll!memmove

  Block 1164: ntdll.dll!memmove

  Block 1165: ntdll.dll!RtlAcquireSRWLockExclusive

  Block 1166: ntdll.dll!RtlGetCurrentServiceSessionId

  Block 1167: ntdll.dll!RtlAcquireSRWLockExclusive

  Block 1168: ntdll.dll!RtlAcquireSRWLockExclusive

  Block 1169: ntdll.dll!RtlDeactivateActivationContextUnsafeFast

  Block 1170: ntdll.dll!RtlAnsiStringToUnicodeString

  Block 1171: ntdll.dll!RtlCompareUnicodeStrings

  Block 1172: ntdll.dll!memmove

  Block 1173: ntdll.dll!memmove

  Block 1174: ntdll.dll!RtlAcquireSRWLockExclusive

  Block 1175: ntdll.dll!RtlGetCurrentServiceSessionId

  Block 1176: ntdll.dll!RtlAcquireSRWLockExclusive

  Block 1177: ntdll.dll!RtlAcquireSRWLockExclusive

  Block 1178: ntdll.dll!RtlDeactivateActivationContextUnsafeFast

  Block 1179: ntdll.dll!RtlAnsiStringToUnicodeString

  Block 1180: ntdll.dll!RtlCompareUnicodeStrings

  Block 1181: ntdll.dll!memmove

  Block 1182: ntdll.dll!memmove

  Block 1183: ntdll.dll!RtlAcquireSRWLockExclusive

  Block 1184: ntdll.dll!RtlGetCurrentServiceSessionId

  Block 1185: ntdll.dll!RtlAcquireSRWLockExclusive

  Block 1186: ntdll.dll!RtlAcquireSRWLockExclusive

  Block 1187: ntdll.dll!RtlDeactivateActivationContextUnsafeFast

  Block 1188: ntdll.dll!RtlAnsiStringToUnicodeString

  Block 1189: ntdll.dll!RtlCompareUnicodeStrings

  Block 1190: ntdll.dll!memmove

  Block 1191: ntdll.dll!memmove

  Block 1192: ntdll.dll!RtlAcquireSRWLockExclusive

  Block 1193: ntdll.dll!RtlGetCurrentServiceSessionId

  Block 1194: ntdll.dll!RtlAcquireSRWLockExclusive

  Block 1195: ntdll.dll!RtlAcquireSRWLockExclusive

  Block 1196: ntdll.dll!RtlDeactivateActivationContextUnsafeFast

  Block 1197: ntdll.dll!RtlAnsiStringToUnicodeString

  Block 1198: ntdll.dll!RtlCompareUnicodeStrings

  Block 1199: ntdll.dll!memmove

  Block 1200: ntdll.dll!memmove

  Block 1201: ntdll.dll!RtlAcquireSRWLockExclusive

  Block 1202: ntdll.dll!RtlGetCurrentServiceSessionId

  Block 1203: ntdll.dll!RtlAcquireSRWLockExclusive

  Block 1204: ntdll.dll!RtlAcquireSRWLockExclusive

  Block 1205: ntdll.dll!RtlDeactivateActivationContextUnsafeFast

  Block 1206: ntdll.dll!RtlAnsiStringToUnicodeString

  Block 1207: ntdll.dll!RtlCompareUnicodeStrings

  Block 1208: ntdll.dll!memmove

  Block 1209: ntdll.dll!memmove

  Block 1210: ntdll.dll!RtlAcquireSRWLockExclusive

  Block 1211: ntdll.dll!RtlGetCurrentServiceSessionId

  Block 1212: ntdll.dll!RtlAcquireSRWLockExclusive

  Block 1213: ntdll.dll!RtlAcquireSRWLockExclusive

  Block 1214: ntdll.dll!RtlDeactivateActivationContextUnsafeFast

  Block 1215: ntdll.dll!RtlAnsiStringToUnicodeString

  Block 1216: ntdll.dll!RtlCompareUnicodeStrings

  Block 1217: ntdll.dll!memmove

  Block 1218: ntdll.dll!memmove

  Block 1219: ntdll.dll!RtlAcquireSRWLockExclusive

  Block 1220: ntdll.dll!RtlGetCurrentServiceSessionId

  Block 1221: ntdll.dll!RtlAcquireSRWLockExclusive

  Block 1222: ntdll.dll!RtlAcquireSRWLockExclusive

  Block 1223: ntdll.dll!RtlDeactivateActivationContextUnsafeFast

  Block 1224: ntdll.dll!RtlAnsiStringToUnicodeString

  Block 1225: ntdll.dll!RtlDosApplyFileIsolationRedirection_Ustr

  Block 1226: ntdll.dll!RtlFindCharInUnicodeString

  Block 1228: ntdll.dll!RtlFindActivationContextSectionString

  Block 1229: ntdll.dll!bsearch

  Block 1230: ntdll.dll!RtlHashUnicodeString

  Block 1231: ntdll.dll!bsearch

  Block 1232: ntdll.dll!bsearch

  Block 1235: ntdll.dll!memmove

  Block 1236: ntdll.dll!RtlAcquireSRWLockExclusive

  Block 1237: ntdll.dll!RtlEqualUnicodeString

  Block 1238: ntdll.dll!RtlReleaseSRWLockExclusive

  Block 1239: ntdll.dll!RtlGetCurrentServiceSessionId

  Block 1240: ntdll.dll!RtlAcquireSRWLockExclusive

  Block 1241: ntdll.dll!RtlAcquireSRWLockExclusive

  Block 1242: ntdll.dll!RtlDeactivateActivationContextUnsafeFast

  Block 1243: ntdll.dll!RtlAnsiStringToUnicodeString

  Block 1244: ntdll.dll!RtlCompareUnicodeStrings

  Block 1245: ntdll.dll!memmove

  Block 1246: ntdll.dll!memmove

  Block 1247: ntdll.dll!RtlAcquireSRWLockExclusive

  Block 1248: ntdll.dll!RtlGetCurrentServiceSessionId

  Block 1249: ntdll.dll!RtlAcquireSRWLockExclusive

  Block 1250: ntdll.dll!RtlAcquireSRWLockExclusive

  Block 1251: ntdll.dll!RtlDeactivateActivationContextUnsafeFast

  Block 1252: ntdll.dll!RtlAnsiStringToUnicodeString

  Block 1253: ntdll.dll!RtlCompareUnicodeStrings

  Block 1254: ntdll.dll!memmove

  Block 1255: ntdll.dll!memmove

  Block 1256: ntdll.dll!RtlAcquireSRWLockExclusive

  Block 1257: ntdll.dll!RtlGetCurrentServiceSessionId

  Block 1258: ntdll.dll!RtlAcquireSRWLockExclusive

  Block 1259: ntdll.dll!RtlAcquireSRWLockExclusive

  Block 1260: ntdll.dll!RtlDeactivateActivationContextUnsafeFast

  Block 1261: ntdll.dll!RtlAnsiStringToUnicodeString

  Block 1262: ntdll.dll!RtlCompareUnicodeStrings

  Block 1263: ntdll.dll!memmove

  Block 1264: ntdll.dll!memmove

  Block 1265: ntdll.dll!RtlAcquireSRWLockExclusive

  Block 1266: ntdll.dll!RtlGetCurrentServiceSessionId

  Block 1267: ntdll.dll!RtlAcquireSRWLockExclusive

  Block 1268: ntdll.dll!RtlAcquireSRWLockExclusive

  Block 1269: ntdll.dll!RtlDeactivateActivationContextUnsafeFast

  Block 1270: ntdll.dll!RtlAnsiStringToUnicodeString

  Block 1271: ntdll.dll!RtlCompareUnicodeStrings

  Block 1272: ntdll.dll!memmove

  Block 1273: ntdll.dll!memmove

  Block 1274: ntdll.dll!RtlAcquireSRWLockExclusive

  Block 1275: ntdll.dll!RtlGetCurrentServiceSessionId

  Block 1276: ntdll.dll!RtlAcquireSRWLockExclusive

  Block 1277: ntdll.dll!RtlAcquireSRWLockExclusive

  Block 1278: ntdll.dll!RtlDeactivateActivationContextUnsafeFast

  Block 1279: ntdll.dll!RtlAnsiStringToUnicodeString

  Block 1280: ntdll.dll!RtlCompareUnicodeStrings

  Block 1281: ntdll.dll!memmove

  Block 1282: ntdll.dll!memmove

  Block 1283: ntdll.dll!RtlAcquireSRWLockExclusive

  Block 1284: ntdll.dll!RtlGetCurrentServiceSessionId

  Block 1285: ntdll.dll!RtlAcquireSRWLockExclusive

  Block 1286: ntdll.dll!RtlAcquireSRWLockExclusive

  Block 1287: ntdll.dll!RtlDeactivateActivationContextUnsafeFast

  Block 1288: ntdll.dll!RtlAnsiStringToUnicodeString

  Block 1289: ntdll.dll!RtlCompareUnicodeStrings

  Block 1290: ntdll.dll!memmove

  Block 1291: ntdll.dll!memmove

  Block 1292: ntdll.dll!RtlAcquireSRWLockExclusive

  Block 1293: ntdll.dll!RtlGetCurrentServiceSessionId

  Block 1294: ntdll.dll!RtlAcquireSRWLockExclusive

  Block 1295: ntdll.dll!RtlAcquireSRWLockExclusive

  Block 1296: ntdll.dll!RtlDeactivateActivationContextUnsafeFast

  Block 1297: ntdll.dll!RtlAnsiStringToUnicodeString

  Block 1298: ntdll.dll!RtlCompareUnicodeStrings

  Block 1299: ntdll.dll!memmove

  Block 1300: ntdll.dll!memmove

  Block 1301: ntdll.dll!RtlAcquireSRWLockExclusive

  Block 1302: ntdll.dll!RtlGetCurrentServiceSessionId

  Block 1303: ntdll.dll!RtlAcquireSRWLockExclusive

  Block 1304: ntdll.dll!RtlAcquireSRWLockExclusive

  Block 1305: ntdll.dll!RtlDeactivateActivationContextUnsafeFast

  Block 1306: ntdll.dll!RtlAnsiStringToUnicodeString

  Block 1307: ntdll.dll!RtlCompareUnicodeStrings

  Block 1308: ntdll.dll!memmove

  Block 1309: ntdll.dll!memmove

  Block 1310: ntdll.dll!RtlAcquireSRWLockExclusive

  Block 1311: ntdll.dll!RtlGetCurrentServiceSessionId

  Block 1312: ntdll.dll!RtlAcquireSRWLockExclusive

  Block 1313: ntdll.dll!RtlAcquireSRWLockExclusive

  Block 1314: ntdll.dll!RtlDeactivateActivationContextUnsafeFast

  Block 1315: ntdll.dll!RtlFreeHeap

  Block 1316: ntdll.dll!RtlGetCurrentServiceSessionId

  Block 1317: ntdll.dll!RtlAcquireSRWLockExclusive

  Block 1318: ntdll.dll!RtlReleaseSRWLockExclusive

  Block 1319: ntdll.dll!RtlEnterCriticalSection

  Block 1320: ntdll.dll!RtlLeaveCriticalSection

  Block 1321: ntdll.dll!ZwClose

  Block 1322: ntdll.dll!RtlAcquireSRWLockExclusive

  Block 1323: ntdll.dll!RtlDeactivateActivationContextUnsafeFast

  Block 1324: ntdll.dll!RtlAnsiStringToUnicodeString

  Block 1325: ntdll.dll!RtlCompareUnicodeStrings

  Block 1326: ntdll.dll!memmove

  Block 1327: ntdll.dll!memmove

  Block 1328: ntdll.dll!RtlAllocateHeap

  Block 1329: ntdll.dll!RtlAcquireSRWLockExclusive

  Block 1330: ntdll.dll!RtlGetCurrentServiceSessionId

  Block 1331: ntdll.dll!RtlAcquireSRWLockExclusive

  Block 1332: ntdll.dll!RtlAcquireSRWLockExclusive

  Block 1333: ntdll.dll!RtlDeactivateActivationContextUnsafeFast

  Block 1334: ntdll.dll!RtlAnsiStringToUnicodeString

  Block 1335: ntdll.dll!RtlCompareUnicodeStrings

  Block 1336: ntdll.dll!memmove

  Block 1337: ntdll.dll!memmove

  Block 1338: ntdll.dll!RtlAcquireSRWLockExclusive

  Block 1339: ntdll.dll!RtlGetCurrentServiceSessionId

  Block 1340: ntdll.dll!RtlAcquireSRWLockExclusive

  Block 1341: ntdll.dll!RtlAcquireSRWLockExclusive

  Block 1342: ntdll.dll!RtlDeactivateActivationContextUnsafeFast

  Block 1343: ntdll.dll!RtlAnsiStringToUnicodeString

  Block 1344: ntdll.dll!RtlCompareUnicodeStrings

  Block 1345: ntdll.dll!memmove

  Block 1346: ntdll.dll!memmove

  Block 1347: ntdll.dll!RtlAcquireSRWLockExclusive

  Block 1348: ntdll.dll!RtlGetCurrentServiceSessionId

  Block 1349: ntdll.dll!RtlAcquireSRWLockExclusive

  Block 1350: ntdll.dll!RtlAcquireSRWLockExclusive

  Block 1351: ntdll.dll!RtlDeactivateActivationContextUnsafeFast

  Block 1352: ntdll.dll!RtlFreeHeap

  Block 1353: ntdll.dll!RtlGetCurrentServiceSessionId

  Block 1354: ntdll.dll!RtlAcquireSRWLockExclusive

  Block 1355: ntdll.dll!RtlReleaseSRWLockExclusive

  Block 1356: ntdll.dll!RtlEnterCriticalSection

  Block 1357: ntdll.dll!RtlLeaveCriticalSection

  Block 1358: ntdll.dll!ZwClose

  Block 1359: ntdll.dll!RtlEnterCriticalSection

  Block 1360: ntdll.dll!RtlLeaveCriticalSection

  Block 1361: ntdll.dll!RtlImageNtHeaderEx

  Block 1362: ntdll.dll!RtlImageNtHeaderEx

  Block 1363: ntdll.dll!RtlImageNtHeaderEx

  Block 1364: ntdll.dll!RtlImageNtHeaderEx

  Block 1365: ntdll.dll!RtlImageNtHeaderEx

  Block 1366: ntdll.dll!RtlImageNtHeaderEx

  Block 1367: ntdll.dll!RtlImageNtHeaderEx

  Block 1368: ntdll.dll!strrchr

  Block 1369: ntdll.dll!RtlImageNtHeaderEx

  Block 1370: ntdll.dll!LdrControlFlowGuardEnforced

  Block 1371: ntdll.dll!RtlImageNtHeaderEx

  Block 1372: ntdll.dll!RtlImageNtHeaderEx

  Block 1373: ntdll.dll!RtlImageNtHeaderEx

  Block 1374: ntdll.dll!RtlImageNtHeaderEx

  Block 1375: ntdll.dll!RtlImageNtHeaderEx

  Block 1376: ntdll.dll!RtlImageNtHeaderEx

  Block 1377: ntdll.dll!strrchr

  Block 1378: ntdll.dll!RtlImageNtHeaderEx

  Block 1379: ntdll.dll!LdrControlFlowGuardEnforced

  Block 1380: ntdll.dll!strrchr

  Block 1381: ntdll.dll!RtlImageNtHeaderEx

  Block 1382: ntdll.dll!LdrControlFlowGuardEnforced

  Block 1383: ntdll.dll!strrchr

  Block 1384: ntdll.dll!RtlImageNtHeaderEx

  Block 1385: ntdll.dll!LdrControlFlowGuardEnforced

  Block 1386: ntdll.dll!strrchr

  Block 1387: ntdll.dll!RtlImageNtHeaderEx

  Block 1388: ntdll.dll!LdrControlFlowGuardEnforced

  Block 1389: ntdll.dll!RtlImageNtHeaderEx

  Block 1390: ntdll.dll!RtlImageNtHeaderEx

  Block 1391: ntdll.dll!strrchr

  Block 1392: ntdll.dll!RtlImageNtHeaderEx

  Block 1393: ntdll.dll!LdrControlFlowGuardEnforced

  Block 1394: ntdll.dll!strrchr

  Block 1395: ntdll.dll!RtlImageNtHeaderEx

  Block 1396: ntdll.dll!LdrControlFlowGuardEnforced

  Block 1397: ntdll.dll!strrchr

  Block 1398: ntdll.dll!RtlImageNtHeaderEx

  Block 1399: ntdll.dll!LdrControlFlowGuardEnforced

  Block 1400: ntdll.dll!strrchr

  Block 1401: ntdll.dll!RtlImageNtHeaderEx

  Block 1402: ntdll.dll!LdrControlFlowGuardEnforced

  Block 1403: ntdll.dll!RtlImageNtHeaderEx

  Block 1404: ntdll.dll!RtlImageNtHeaderEx

  Block 1405: ntdll.dll!RtlImageNtHeaderEx

  Block 1406: ntdll.dll!RtlImageNtHeaderEx

  Block 1407: ntdll.dll!RtlImageNtHeaderEx

  Block 1408: ntdll.dll!strrchr

  Block 1409: ntdll.dll!RtlAnsiStringToUnicodeString

  Block 1410: ntdll.dll!RtlCompareUnicodeStrings

  Block 1411: ntdll.dll!RtlCompareUnicodeStrings

  Block 1412: ntdll.dll!memmove

  Block 1413: ntdll.dll!memmove

  Block 1414: ntdll.dll!RtlAllocateHeap

  Block 1415: ntdll.dll!RtlAcquireSRWLockExclusive

  Block 1416: ntdll.dll!RtlGetCurrentServiceSessionId

  Block 1417: ntdll.dll!RtlAcquireSRWLockExclusive

  Block 1418: ntdll.dll!RtlAcquireSRWLockExclusive

  Block 1419: ntdll.dll!RtlDeactivateActivationContextUnsafeFast

  Block 1420: ntdll.dll!RtlImageNtHeaderEx

  Block 1421: ntdll.dll!LdrControlFlowGuardEnforced

  Block 1422: ntdll.dll!RtlFreeHeap

  Block 1423: ntdll.dll!RtlGetCurrentServiceSessionId

  Block 1424: ntdll.dll!strrchr

  Block 1425: ntdll.dll!RtlAnsiStringToUnicodeString

  Block 1426: ntdll.dll!RtlCompareUnicodeStrings

  Block 1427: ntdll.dll!RtlCompareUnicodeStrings

  Block 1428: ntdll.dll!memmove

  Block 1429: ntdll.dll!memmove

  Block 1430: ntdll.dll!RtlAllocateHeap

  Block 1431: ntdll.dll!RtlAcquireSRWLockExclusive

  Block 1432: ntdll.dll!RtlGetCurrentServiceSessionId

  Block 1433: ntdll.dll!RtlAcquireSRWLockExclusive

  Block 1434: ntdll.dll!RtlAcquireSRWLockExclusive

  Block 1435: ntdll.dll!RtlDeactivateActivationContextUnsafeFast

  Block 1436: ntdll.dll!RtlImageNtHeaderEx

  Block 1437: ntdll.dll!LdrControlFlowGuardEnforced

  Block 1438: ntdll.dll!RtlFreeHeap

  Block 1439: ntdll.dll!RtlGetCurrentServiceSessionId

  Block 1440: ntdll.dll!strrchr

  Block 1441: ntdll.dll!RtlAnsiStringToUnicodeString

  Block 1442: ntdll.dll!RtlCompareUnicodeStrings

  Block 1443: ntdll.dll!RtlCompareUnicodeStrings

  Block 1444: ntdll.dll!memmove

  Block 1445: ntdll.dll!memmove

  Block 1446: ntdll.dll!RtlAllocateHeap

  Block 1447: ntdll.dll!RtlAcquireSRWLockExclusive

  Block 1448: ntdll.dll!RtlGetCurrentServiceSessionId

  Block 1449: ntdll.dll!RtlAcquireSRWLockExclusive

  Block 1450: ntdll.dll!RtlAcquireSRWLockExclusive

  Block 1451: ntdll.dll!RtlDeactivateActivationContextUnsafeFast

  Block 1452: ntdll.dll!RtlImageNtHeaderEx

  Block 1453: ntdll.dll!LdrControlFlowGuardEnforced

  Block 1454: ntdll.dll!RtlFreeHeap

  Block 1455: ntdll.dll!RtlGetCurrentServiceSessionId

  Block 1456: ntdll.dll!RtlImageNtHeaderEx

  Block 1457: ntdll.dll!strrchr

  Block 1458: ntdll.dll!RtlAnsiStringToUnicodeString

  Block 1459: ntdll.dll!RtlCompareUnicodeStrings

  Block 1460: ntdll.dll!RtlCompareUnicodeStrings

  Block 1461: ntdll.dll!memmove

  Block 1462: ntdll.dll!memmove

  Block 1463: ntdll.dll!RtlAllocateHeap

  Block 1464: ntdll.dll!RtlAcquireSRWLockExclusive

  Block 1465: ntdll.dll!RtlGetCurrentServiceSessionId

  Block 1466: ntdll.dll!RtlAcquireSRWLockExclusive

  Block 1467: ntdll.dll!RtlAcquireSRWLockExclusive

  Block 1468: ntdll.dll!RtlDeactivateActivationContextUnsafeFast

  Block 1469: ntdll.dll!RtlImageNtHeaderEx

  Block 1470: ntdll.dll!LdrControlFlowGuardEnforced

  Block 1471: ntdll.dll!RtlFreeHeap

  Block 1472: ntdll.dll!RtlGetCurrentServiceSessionId

  Block 1473: ntdll.dll!RtlImageNtHeaderEx

  Block 1474: ntdll.dll!strrchr

  Block 1475: ntdll.dll!RtlImageNtHeaderEx

  Block 1476: ntdll.dll!LdrControlFlowGuardEnforced

  Block 1477: ntdll.dll!strrchr

  Block 1478: ntdll.dll!RtlImageNtHeaderEx

  Block 1479: ntdll.dll!LdrControlFlowGuardEnforced

  Block 1480: ntdll.dll!RtlImageNtHeaderEx

  Block 1481: ntdll.dll!strrchr

  Block 1482: ntdll.dll!RtlImageNtHeaderEx

  Block 1483: ntdll.dll!LdrControlFlowGuardEnforced

  Block 1484: ntdll.dll!RtlImageNtHeaderEx

  Block 1485: ntdll.dll!RtlImageNtHeaderEx

  Block 1486: ntdll.dll!RtlImageNtHeaderEx

  Block 1487: ntdll.dll!strrchr

  Block 1488: ntdll.dll!RtlImageNtHeaderEx

  Block 1489: ntdll.dll!LdrControlFlowGuardEnforced

  Block 1490: ntdll.dll!strrchr

  Block 1491: ntdll.dll!RtlImageNtHeaderEx

  Block 1492: ntdll.dll!LdrControlFlowGuardEnforced

  Block 1493: ntdll.dll!strrchr

  Block 1494: ntdll.dll!RtlImageNtHeaderEx

  Block 1495: ntdll.dll!LdrControlFlowGuardEnforced

  Block 1496: ntdll.dll!strrchr

  Block 1497: ntdll.dll!RtlImageNtHeaderEx

  Block 1498: ntdll.dll!LdrControlFlowGuardEnforced

  Block 1499: ntdll.dll!strrchr

  Block 1500: ntdll.dll!RtlImageNtHeaderEx

  Block 1501: ntdll.dll!LdrControlFlowGuardEnforced

  Block 1502: ntdll.dll!strrchr

  Block 1503: ntdll.dll!RtlImageNtHeaderEx

  Block 1504: ntdll.dll!LdrControlFlowGuardEnforced

  Block 1505: ntdll.dll!strrchr

  Block 1506: ntdll.dll!RtlImageNtHeaderEx

  Block 1507: ntdll.dll!LdrControlFlowGuardEnforced

  Block 1508: ntdll.dll!strrchr

  Block 1509: ntdll.dll!RtlImageNtHeaderEx

  Block 1510: ntdll.dll!LdrControlFlowGuardEnforced

  Block 1511: ntdll.dll!strrchr

  Block 1512: ntdll.dll!RtlImageNtHeaderEx

  Block 1513: ntdll.dll!LdrControlFlowGuardEnforced

  Block 1514: ntdll.dll!RtlImageNtHeaderEx

  Block 1515: ntdll.dll!strrchr

  Block 1516: ntdll.dll!RtlImageNtHeaderEx

  Block 1517: ntdll.dll!LdrControlFlowGuardEnforced

  Block 1518: ntdll.dll!strrchr

  Block 1519: ntdll.dll!RtlImageNtHeaderEx

  Block 1520: ntdll.dll!LdrControlFlowGuardEnforced

  Block 1521: ntdll.dll!RtlImageNtHeaderEx

  Block 1522: ntdll.dll!RtlImageNtHeaderEx

  Block 1523: ntdll.dll!RtlImageNtHeaderEx

  Block 1524: ntdll.dll!RtlImageNtHeaderEx

  Block 1525: ntdll.dll!strrchr

  Block 1526: ntdll.dll!RtlImageNtHeaderEx

  Block 1527: ntdll.dll!LdrControlFlowGuardEnforced

  Block 1528: ntdll.dll!strrchr

  Block 1529: ntdll.dll!RtlImageNtHeaderEx

  Block 1530: ntdll.dll!LdrControlFlowGuardEnforced

  Block 1531: ntdll.dll!strrchr

  Block 1532: ntdll.dll!RtlImageNtHeaderEx

  Block 1533: ntdll.dll!LdrControlFlowGuardEnforced

  Block 1534: ntdll.dll!strrchr

  Block 1535: ntdll.dll!RtlImageNtHeaderEx

  Block 1536: ntdll.dll!LdrControlFlowGuardEnforced

  Block 1537: ntdll.dll!strrchr

  Block 1538: ntdll.dll!RtlImageNtHeaderEx

  Block 1539: ntdll.dll!LdrControlFlowGuardEnforced

  Block 1540: ntdll.dll!strrchr

  Block 1541: ntdll.dll!RtlImageNtHeaderEx

  Block 1542: ntdll.dll!LdrControlFlowGuardEnforced

  Block 1543: ntdll.dll!strrchr

  Block 1544: ntdll.dll!RtlImageNtHeaderEx

  Block 1545: ntdll.dll!LdrControlFlowGuardEnforced

  Block 1546: ntdll.dll!strrchr

  Block 1547: ntdll.dll!RtlImageNtHeaderEx

  Block 1548: ntdll.dll!LdrControlFlowGuardEnforced

  Block 1549: ntdll.dll!strrchr

  Block 1550: ntdll.dll!RtlImageNtHeaderEx

  Block 1551: ntdll.dll!LdrControlFlowGuardEnforced

  Block 1552: ntdll.dll!strrchr

  Block 1553: ntdll.dll!RtlImageNtHeaderEx

  Block 1554: ntdll.dll!LdrControlFlowGuardEnforced

  Block 1555: ntdll.dll!RtlImageNtHeaderEx

  Block 1556: ntdll.dll!RtlImageNtHeaderEx

  Block 1557: ntdll.dll!strrchr

  Block 1558: ntdll.dll!RtlImageNtHeaderEx

  Block 1559: ntdll.dll!LdrControlFlowGuardEnforced

  Block 1560: ntdll.dll!strrchr

  Block 1561: ntdll.dll!RtlImageNtHeaderEx

  Block 1562: ntdll.dll!LdrControlFlowGuardEnforced

  Block 1563: ntdll.dll!RtlImageNtHeaderEx

  Block 1564: ntdll.dll!RtlImageNtHeaderEx

  Block 1565: ntdll.dll!RtlImageNtHeaderEx

  Block 1566: ntdll.dll!RtlImageNtHeaderEx

  Block 1567: ntdll.dll!strrchr

  Block 1568: ntdll.dll!RtlImageNtHeaderEx

  Block 1569: ntdll.dll!LdrControlFlowGuardEnforced

  Block 1570: ntdll.dll!strrchr

  Block 1571: ntdll.dll!RtlImageNtHeaderEx

  Block 1572: ntdll.dll!LdrControlFlowGuardEnforced

  Block 1573: ntdll.dll!strrchr

  Block 1574: ntdll.dll!RtlImageNtHeaderEx

  Block 1575: ntdll.dll!LdrControlFlowGuardEnforced

  Block 1576: ntdll.dll!strrchr

  Block 1577: ntdll.dll!RtlImageNtHeaderEx

  Block 1578: ntdll.dll!LdrControlFlowGuardEnforced

  Block 1579: ntdll.dll!strrchr

  Block 1580: ntdll.dll!RtlImageNtHeaderEx

  Block 1581: ntdll.dll!LdrControlFlowGuardEnforced

  Block 1582: ntdll.dll!strrchr

  Block 1583: ntdll.dll!RtlImageNtHeaderEx

  Block 1584: ntdll.dll!LdrControlFlowGuardEnforced

  Block 1585: ntdll.dll!strrchr

  Block 1586: ntdll.dll!RtlImageNtHeaderEx

  Block 1587: ntdll.dll!LdrControlFlowGuardEnforced

  Block 1588: ntdll.dll!RtlImageNtHeaderEx

  Block 1589: ntdll.dll!RtlImageNtHeaderEx

  Block 1590: ntdll.dll!RtlImageNtHeaderEx

  Block 1591: ntdll.dll!RtlImageNtHeaderEx

  Block 1592: ntdll.dll!RtlImageNtHeaderEx

  Block 1593: ntdll.dll!RtlImageNtHeaderEx

  Block 1594: ntdll.dll!RtlImageNtHeaderEx

  Block 1595: ntdll.dll!RtlImageNtHeaderEx

  Block 1596: ntdll.dll!RtlImageNtHeaderEx

  Block 1597: ntdll.dll!RtlImageNtHeaderEx

  Block 1598: ntdll.dll!RtlImageNtHeaderEx

  Block 1599: ntdll.dll!RtlImageNtHeaderEx

  Block 1600: ntdll.dll!RtlImageNtHeaderEx

  Block 1601: ntdll.dll!RtlImageNtHeaderEx

  Block 1602: ntdll.dll!ZwProtectVirtualMemory

  Block 1603: ntdll.dll!RtlImageNtHeaderEx

  Block 1604: ntdll.dll!RtlAcquireSRWLockExclusive

  Block 1605: ntdll.dll!RtlAllocateHeap

  Block 1606: ntdll.dll!RtlFindClearBitsAndSet

  Block 1607: ntdll.dll!RtlSetBits

  Block 1608: ntdll.dll!RtlAllocateHeap

  Block 1610: ntdll.dll!ZwSetInformationProcess

  Block 1611: ntdll.dll!RtlReleaseSRWLockExclusive

  Block 1612: ntdll.dll!LdrControlFlowGuardEnforced

  Block 1613: ntdll.dll!RtlEnterCriticalSection

  Block 1614: ntdll.dll!RtlLeaveCriticalSection

  Block 1615: ntdll.dll!RtlImageNtHeaderEx

  Block 1616: ntdll.dll!RtlImageNtHeaderEx

  Block 1617: ntdll.dll!RtlImageNtHeaderEx

  Block 1618: ntdll.dll!RtlImageNtHeaderEx

  Block 1619: ntdll.dll!strrchr

  Block 1620: ntdll.dll!RtlImageNtHeaderEx

  Block 1621: ntdll.dll!LdrControlFlowGuardEnforced

  Block 1622: ntdll.dll!strrchr

  Block 1623: ntdll.dll!RtlImageNtHeaderEx

  Block 1624: ntdll.dll!LdrControlFlowGuardEnforced

  Block 1625: ntdll.dll!strrchr

  Block 1626: ntdll.dll!RtlImageNtHeaderEx

  Block 1627: ntdll.dll!LdrControlFlowGuardEnforced

  Block 1628: ntdll.dll!strrchr

  Block 1629: ntdll.dll!RtlImageNtHeaderEx

  Block 1630: ntdll.dll!LdrControlFlowGuardEnforced

  Block 1631: ntdll.dll!strrchr

  Block 1632: ntdll.dll!RtlImageNtHeaderEx

  Block 1633: ntdll.dll!LdrControlFlowGuardEnforced

  Block 1634: ntdll.dll!strrchr

  Block 1635: ntdll.dll!RtlImageNtHeaderEx

  Block 1636: ntdll.dll!LdrControlFlowGuardEnforced

  Block 1637: ntdll.dll!strrchr

  Block 1638: ntdll.dll!RtlImageNtHeaderEx

  Block 1639: ntdll.dll!LdrControlFlowGuardEnforced

  Block 1640: ntdll.dll!strrchr

  Block 1641: ntdll.dll!RtlImageNtHeaderEx

  Block 1642: ntdll.dll!LdrControlFlowGuardEnforced

  Block 1643: ntdll.dll!strrchr

  Block 1644: ntdll.dll!RtlImageNtHeaderEx

  Block 1645: ntdll.dll!LdrControlFlowGuardEnforced

  Block 1646: ntdll.dll!strrchr

  Block 1647: ntdll.dll!RtlImageNtHeaderEx

  Block 1648: ntdll.dll!LdrControlFlowGuardEnforced

  Block 1649: ntdll.dll!RtlImageNtHeaderEx

  Block 1650: ntdll.dll!strrchr

  Block 1651: ntdll.dll!RtlImageNtHeaderEx

  Block 1652: ntdll.dll!LdrControlFlowGuardEnforced

  Block 1653: ntdll.dll!strrchr

  Block 1654: ntdll.dll!RtlImageNtHeaderEx

  Block 1655: ntdll.dll!LdrControlFlowGuardEnforced

  Block 1656: ntdll.dll!RtlImageNtHeaderEx

  Block 1657: ntdll.dll!strrchr

  Block 1658: ntdll.dll!RtlImageNtHeaderEx

  Block 1659: ntdll.dll!LdrControlFlowGuardEnforced

  Block 1660: ntdll.dll!RtlImageNtHeaderEx

  Block 1661: ntdll.dll!strrchr

  Block 1662: ntdll.dll!RtlImageNtHeaderEx

  Block 1663: ntdll.dll!LdrControlFlowGuardEnforced

  Block 1664: ntdll.dll!strrchr

  Block 1665: ntdll.dll!RtlImageNtHeaderEx

  Block 1666: ntdll.dll!LdrControlFlowGuardEnforced

  Block 1667: ntdll.dll!strrchr

  Block 1668: ntdll.dll!RtlImageNtHeaderEx

  Block 1669: ntdll.dll!LdrControlFlowGuardEnforced

  Block 1670: ntdll.dll!strrchr

  Block 1671: ntdll.dll!RtlImageNtHeaderEx

  Block 1672: ntdll.dll!LdrControlFlowGuardEnforced

  Block 1673: ntdll.dll!strrchr

  Block 1674: ntdll.dll!RtlImageNtHeaderEx

  Block 1675: ntdll.dll!LdrControlFlowGuardEnforced

  Block 1676: ntdll.dll!RtlImageNtHeaderEx

  Block 1677: ntdll.dll!strrchr

  Block 1678: ntdll.dll!RtlImageNtHeaderEx

  Block 1679: ntdll.dll!LdrControlFlowGuardEnforced

  Block 1680: ntdll.dll!strrchr

  Block 1681: ntdll.dll!RtlImageNtHeaderEx

  Block 1682: ntdll.dll!LdrControlFlowGuardEnforced

  Block 1683: ntdll.dll!RtlImageNtHeaderEx

  Block 1684: ntdll.dll!strrchr

  Block 1685: ntdll.dll!RtlAnsiStringToUnicodeString

  Block 1686: ntdll.dll!RtlCompareUnicodeStrings

  Block 1687: ntdll.dll!RtlCompareUnicodeStrings

  Block 1688: ntdll.dll!memmove

  Block 1689: ntdll.dll!memmove

  Block 1690: ntdll.dll!RtlAllocateHeap

  Block 1691: ntdll.dll!RtlAcquireSRWLockExclusive

  Block 1692: ntdll.dll!RtlGetCurrentServiceSessionId

  Block 1693: ntdll.dll!RtlAcquireSRWLockExclusive

  Block 1694: ntdll.dll!RtlAcquireSRWLockExclusive

  Block 1695: ntdll.dll!RtlDeactivateActivationContextUnsafeFast

  Block 1696: ntdll.dll!RtlImageNtHeaderEx

  Block 1697: ntdll.dll!LdrControlFlowGuardEnforced

  Block 1698: ntdll.dll!RtlFreeHeap

  Block 1699: ntdll.dll!RtlGetCurrentServiceSessionId

  Block 1700: ntdll.dll!strrchr

  Block 1701: ntdll.dll!RtlAnsiStringToUnicodeString

  Block 1702: ntdll.dll!RtlCompareUnicodeStrings

  Block 1703: ntdll.dll!RtlCompareUnicodeStrings

  Block 1704: ntdll.dll!memmove

  Block 1705: ntdll.dll!memmove

  Block 1706: ntdll.dll!RtlAllocateHeap

  Block 1707: ntdll.dll!RtlAcquireSRWLockExclusive

  Block 1708: ntdll.dll!RtlGetCurrentServiceSessionId

  Block 1709: ntdll.dll!RtlAcquireSRWLockExclusive

  Block 1710: ntdll.dll!RtlAcquireSRWLockExclusive

  Block 1711: ntdll.dll!RtlDeactivateActivationContextUnsafeFast

  Block 1712: ntdll.dll!RtlImageNtHeaderEx

  Block 1713: ntdll.dll!LdrControlFlowGuardEnforced

  Block 1714: ntdll.dll!RtlFreeHeap

  Block 1715: ntdll.dll!RtlGetCurrentServiceSessionId

  Block 1716: ntdll.dll!RtlImageNtHeaderEx

  Block 1717: ntdll.dll!RtlImageNtHeaderEx

  Block 1718: ntdll.dll!RtlImageNtHeaderEx

  Block 1719: ntdll.dll!RtlImageNtHeaderEx

  Block 1720: ntdll.dll!RtlImageNtHeaderEx

  Block 1721: ntdll.dll!strrchr

  Block 1722: ntdll.dll!RtlImageNtHeaderEx

  Block 1723: ntdll.dll!LdrControlFlowGuardEnforced

  Block 1724: ntdll.dll!RtlImageNtHeaderEx

  Block 1725: ntdll.dll!RtlImageNtHeaderEx

  Block 1726: ntdll.dll!strrchr

  Block 1727: ntdll.dll!RtlImageNtHeaderEx

  Block 1728: ntdll.dll!LdrControlFlowGuardEnforced

  Block 1729: ntdll.dll!strrchr

  Block 1730: ntdll.dll!RtlImageNtHeaderEx

  Block 1731: ntdll.dll!LdrControlFlowGuardEnforced

  Block 1732: ntdll.dll!strrchr

  Block 1733: ntdll.dll!RtlImageNtHeaderEx

  Block 1734: ntdll.dll!LdrControlFlowGuardEnforced

  Block 1735: ntdll.dll!strrchr

  Block 1736: ntdll.dll!RtlImageNtHeaderEx

  Block 1737: ntdll.dll!LdrControlFlowGuardEnforced

  Block 1738: ntdll.dll!strrchr

  Block 1739: ntdll.dll!RtlImageNtHeaderEx

  Block 1740: ntdll.dll!LdrControlFlowGuardEnforced

  Block 1741: ntdll.dll!strrchr

  Block 1742: ntdll.dll!RtlImageNtHeaderEx

  Block 1743: ntdll.dll!LdrControlFlowGuardEnforced

  Block 1744: ntdll.dll!strrchr

  Block 1745: ntdll.dll!RtlImageNtHeaderEx

  Block 1746: ntdll.dll!LdrControlFlowGuardEnforced

  Block 1747: ntdll.dll!strrchr

  Block 1748: ntdll.dll!RtlImageNtHeaderEx

  Block 1749: ntdll.dll!LdrControlFlowGuardEnforced

  Block 1750: ntdll.dll!RtlImageNtHeaderEx

  Block 1751: ntdll.dll!RtlImageNtHeaderEx

  Block 1752: ntdll.dll!RtlImageNtHeaderEx

  Block 1753: ntdll.dll!RtlImageNtHeaderEx

  Block 1754: ntdll.dll!RtlImageNtHeaderEx

  Block 1755: ntdll.dll!RtlImageNtHeaderEx

  Block 1756: ntdll.dll!RtlImageNtHeaderEx

  Block 1757: ntdll.dll!RtlImageNtHeaderEx

  Block 1758: ntdll.dll!RtlImageNtHeaderEx

  Block 1759: ntdll.dll!RtlImageNtHeaderEx

  Block 1760: ntdll.dll!RtlImageNtHeaderEx

  Block 1761: ntdll.dll!RtlImageNtHeaderEx

  Block 1762: ntdll.dll!RtlImageNtHeaderEx

  Block 1763: ntdll.dll!RtlImageNtHeaderEx

  Block 1764: ntdll.dll!RtlImageNtHeaderEx

  Block 1765: ntdll.dll!RtlImageNtHeaderEx

  Block 1766: ntdll.dll!RtlImageNtHeaderEx

  Block 1767: ntdll.dll!RtlImageNtHeaderEx

  Block 1768: ntdll.dll!RtlImageNtHeaderEx

  Block 1769: ntdll.dll!RtlImageNtHeaderEx

  Block 1770: ntdll.dll!RtlImageNtHeaderEx

  Block 1771: ntdll.dll!RtlImageNtHeaderEx

  Block 1772: ntdll.dll!RtlImageNtHeaderEx

  Block 1773: ntdll.dll!RtlImageNtHeaderEx

  Block 1774: ntdll.dll!RtlImageNtHeaderEx

  Block 1775: ntdll.dll!RtlImageNtHeaderEx

  Block 1776: ntdll.dll!RtlImageNtHeaderEx

  Block 1777: ntdll.dll!RtlImageNtHeaderEx

  Block 1778: ntdll.dll!RtlImageNtHeaderEx

  Block 1779: ntdll.dll!RtlImageNtHeaderEx

  Block 1780: ntdll.dll!ZwProtectVirtualMemory

  Block 1781: ntdll.dll!RtlImageNtHeaderEx

  Block 1782: ntdll.dll!RtlAcquireSRWLockExclusive

  Block 1783: ntdll.dll!RtlAllocateHeap

  Block 1784: ntdll.dll!RtlFindClearBitsAndSet

  Block 1785: ntdll.dll!RtlSetBits

  Block 1786: ntdll.dll!RtlAllocateHeap

  Block 1788: ntdll.dll!ZwSetInformationProcess

  Block 1789: ntdll.dll!RtlReleaseSRWLockExclusive

  Block 1790: ntdll.dll!LdrControlFlowGuardEnforced

  Block 1791: ntdll.dll!RtlEnterCriticalSection

  Block 1792: ntdll.dll!RtlLeaveCriticalSection

  Block 1793: ntdll.dll!RtlIsCriticalSectionLockedByThread

  Block 1794: ntdll.dll!RtlEnterCriticalSection

  Block 1795: ntdll.dll!RtlImageNtHeader

  Block 1796: ntdll.dll!RtlImageNtHeaderEx

  Block 1797: ntdll.dll!memset

  Block 1798: ntdll.dll!wcsrchr

  Block 1799: ntdll.dll!RtlInitUnicodeStringEx

  Block 1800: ntdll.dll!ZwApphelpCacheControl

  Block 1801: ntdll.dll!RtlEnterCriticalSection

  Block 1802: ntdll.dll!RtlLeaveCriticalSection

  Block 1803: ntdll.dll!RtlLeaveCriticalSection

  Block 1804: ntdll.dll!RtlEnterCriticalSection

  Block 1805: ntdll.dll!RtlImageNtHeader

  Block 1806: ntdll.dll!RtlImageNtHeaderEx

  Block 1807: ntdll.dll!memset

  Block 1808: ntdll.dll!wcsrchr

  Block 1809: ntdll.dll!RtlInitUnicodeStringEx

  Block 1810: ntdll.dll!ZwApphelpCacheControl

  Block 1811: ntdll.dll!RtlEnterCriticalSection

  Block 1812: ntdll.dll!RtlLeaveCriticalSection

  Block 1813: ntdll.dll!RtlLeaveCriticalSection

  Block 1814: ntdll.dll!RtlGetCurrentServiceSessionId

  Block 1815: ntdll.dll!RtlEnterCriticalSection

  Block 1816: ntdll.dll!RtlGetCurrentServiceSessionId

  Block 1817: ntdll.dll!ZwSetInformationVirtualMemory

  Block 1818: ntdll.dll!RtlActivateActivationContextUnsafeFast

  Block 1819: ntdll.dll!RtlAcquireSRWLockShared

  Block 1820: ntdll.dll!RtlReleaseSRWLockShared

  Block 1821: ntdll.dll!RtlGetCurrentServiceSessionId

  Block 1822: ucrtbase.dll!_o__initialize_onexit_table

  Block 1823: KERNELBASE.dll!FlsSetValue

  Block 1824: ntdll.dll!RtlFlsSetValue

  Block 1825: ucrtbase.dll!_initialize_onexit_table

  Block 1826: KERNELBASE.dll!FlsSetValue

  Block 1827: ntdll.dll!RtlFlsSetValue

  Block 1828: ucrtbase.dll!_o__initialize_onexit_table

  Block 1829: KERNELBASE.dll!FlsSetValue

  Block 1830: ntdll.dll!RtlFlsSetValue

  Block 1831: ucrtbase.dll!_initialize_onexit_table

  Block 1832: KERNELBASE.dll!FlsSetValue

  Block 1833: ntdll.dll!RtlFlsSetValue

  Block 1834: ntdll.dll!RtlInitializeSListHead

  Block 1836: KERNELBASE.dll!InitializeCriticalSectionAndSpinCount

  Block 1838: KERNELBASE.dll!GetModuleHandleW

  Block 1839: ntdll.dll!RtlInitUnicodeString

  Block 1841: ntdll.dll!LdrGetDllHandleEx

  Block 1842: ntdll.dll!memset

  Block 1843: ntdll.dll!RtlCompareUnicodeStrings

  Block 1844: ntdll.dll!RtlGetNtSystemRoot

  Block 1845: ntdll.dll!RtlGetCurrentServiceSessionId

  Block 1846: ntdll.dll!RtlInitUnicodeString

  Block 1847: ntdll.dll!memmove

  Block 1848: ntdll.dll!memmove

  Block 1849: ntdll.dll!memmove

  Block 1850: ntdll.dll!RtlAcquireSRWLockExclusive

  Block 1851: ntdll.dll!RtlEqualUnicodeString

  Block 1852: ntdll.dll!RtlReleaseSRWLockExclusive

  Block 1853: ntdll.dll!RtlGetCurrentServiceSessionId

  Block 1854: KERNELBASE.dll!GetProcAddress

  Block 1855: ntdll.dll!RtlInitString

  Block 1856: ntdll.dll!LdrGetProcedureAddressForCaller

  Block 1857: ntdll.dll!RtlEnterCriticalSection

  Block 1858: ntdll.dll!RtlLeaveCriticalSection

  Block 1859: ntdll.dll!RtlAcquireSRWLockExclusive

  Block 1860: ntdll.dll!RtlReleaseSRWLockExclusive

  Block 1861: ntdll.dll!RtlAcquireSRWLockExclusive

  Block 1862: ntdll.dll!RtlReleaseSRWLockExclusive

  Block 1863: ntdll.dll!memset

  Block 1864: ntdll.dll!RtlImageNtHeaderEx

  Block 1865: ntdll.dll!strrchr

  Block 1866: ntdll.dll!RtlxOemStringToUnicodeSize

  Block 1867: ntdll.dll!RtlMultiByteToUnicodeSize

  Block 1868: ntdll.dll!RtlAnsiStringToUnicodeString

  Block 1869: ntdll.dll!RtlActivateActivationContextUnsafeFast

  Block 1870: ntdll.dll!RtlDosApplyFileIsolationRedirection_Ustr

  Block 1871: ntdll.dll!RtlFindCharInUnicodeString

  Block 1872: ntdll.dll!RtlMultiAppendUnicodeStringBuffer

  Block 1873: ntdll.dll!memmove

  Block 1876: ntdll.dll!RtlFindActivationContextSectionString

  Block 1877: ntdll.dll!bsearch

  Block 1878: ntdll.dll!RtlHashUnicodeString

  Block 1879: ntdll.dll!bsearch

  Block 1880: ntdll.dll!bsearch

  Block 1882: ntdll.dll!memset

  Block 1883: ntdll.dll!memmove

  Block 1885: ntdll.dll!RtlAcquireSRWLockExclusive

  Block 1886: ntdll.dll!RtlEqualUnicodeString

  Block 1887: ntdll.dll!RtlReleaseSRWLockExclusive

  Block 1888: ntdll.dll!RtlGetCurrentServiceSessionId

  Block 1889: ntdll.dll!RtlAcquireSRWLockExclusive

  Block 1890: ntdll.dll!RtlReleaseSRWLockExclusive

  Block 1891: ntdll.dll!RtlAcquireSRWLockExclusive

  Block 1892: ntdll.dll!RtlReleaseSRWLockExclusive

  Block 1893: ntdll.dll!RtlDeactivateActivationContextUnsafeFast

  Block 1894: ntdll.dll!RtlImageNtHeaderEx

  Block 1895: ntdll.dll!LdrControlFlowGuardEnforced

  Block 1896: ntdll.dll!LdrControlFlowGuardEnforced

  Block 1897: KERNELBASE.dll!GetProcAddress

  Block 1898: ntdll.dll!RtlInitString

  Block 1899: ntdll.dll!LdrGetProcedureAddressForCaller

  Block 1900: ntdll.dll!RtlEnterCriticalSection

  Block 1901: ntdll.dll!RtlLeaveCriticalSection

  Block 1902: ntdll.dll!RtlAcquireSRWLockExclusive

  Block 1903: ntdll.dll!RtlReleaseSRWLockExclusive

  Block 1904: ntdll.dll!RtlAcquireSRWLockExclusive

  Block 1905: ntdll.dll!RtlReleaseSRWLockExclusive

  Block 1906: ntdll.dll!memset

  Block 1907: ntdll.dll!RtlImageNtHeaderEx

  Block 1908: ntdll.dll!LdrControlFlowGuardEnforced

  Block 1909: ntdll.dll!LdrControlFlowGuardEnforced

  Block 1910: KERNELBASE.dll!GetProcAddress

  Block 1911: ntdll.dll!RtlInitString

  Block 1912: ntdll.dll!LdrGetProcedureAddressForCaller

  Block 1913: ntdll.dll!RtlEnterCriticalSection

  Block 1914: ntdll.dll!RtlLeaveCriticalSection

  Block 1915: ntdll.dll!RtlAcquireSRWLockExclusive

  Block 1916: ntdll.dll!RtlReleaseSRWLockExclusive

  Block 1917: ntdll.dll!RtlAcquireSRWLockExclusive

  Block 1918: ntdll.dll!RtlReleaseSRWLockExclusive

  Block 1919: ntdll.dll!memset

  Block 1920: ntdll.dll!RtlImageNtHeaderEx

  Block 1921: ntdll.dll!strrchr

  Block 1922: ntdll.dll!RtlxOemStringToUnicodeSize

  Block 1923: ntdll.dll!RtlMultiByteToUnicodeSize

  Block 1924: ntdll.dll!RtlAnsiStringToUnicodeString

  Block 1925: ntdll.dll!RtlActivateActivationContextUnsafeFast

  Block 1926: ntdll.dll!RtlDosApplyFileIsolationRedirection_Ustr

  Block 1927: ntdll.dll!RtlFindCharInUnicodeString

  Block 1928: ntdll.dll!RtlMultiAppendUnicodeStringBuffer

  Block 1929: ntdll.dll!memmove

  Block 1932: ntdll.dll!RtlFindActivationContextSectionString

  Block 1933: ntdll.dll!bsearch

  Block 1934: ntdll.dll!RtlHashUnicodeString

  Block 1935: ntdll.dll!bsearch

  Block 1936: ntdll.dll!bsearch

  Block 1938: ntdll.dll!memset

  Block 1939: ntdll.dll!memmove

  Block 1941: ntdll.dll!RtlAcquireSRWLockExclusive

  Block 1942: ntdll.dll!RtlEqualUnicodeString

  Block 1943: ntdll.dll!RtlReleaseSRWLockExclusive

  Block 1944: ntdll.dll!RtlGetCurrentServiceSessionId

  Block 1945: ntdll.dll!RtlAcquireSRWLockExclusive

  Block 1946: ntdll.dll!RtlReleaseSRWLockExclusive

  Block 1947: ntdll.dll!RtlAcquireSRWLockExclusive

  Block 1948: ntdll.dll!RtlReleaseSRWLockExclusive

  Block 1949: ntdll.dll!RtlDeactivateActivationContextUnsafeFast

  Block 1950: ntdll.dll!RtlImageNtHeaderEx

  Block 1951: ntdll.dll!LdrControlFlowGuardEnforced

  Block 1952: ntdll.dll!LdrControlFlowGuardEnforced

  Block 1953: ntdll.dll!RtlRunOnceInitialize

  Block 1954: ucrtbase.dll!_o__register_onexit_function

  Block 1955: KERNELBASE.dll!FlsSetValue

  Block 1956: ntdll.dll!RtlFlsSetValue

  Block 1957: ucrtbase.dll!_register_onexit_function

  Block 1958: KERNELBASE.dll!GetLastError

  Block 1959: KERNELBASE.dll!FlsGetValue

  Block 1960: ntdll.dll!RtlFlsGetValue

  Block 1961: ntdll.dll!RtlSetLastWin32Error

  Block 1962: ntdll.dll!RtlEnterCriticalSection

  Block 1963: ucrtbase.dll!_realloc_base

  Block 1964: ucrtbase.dll!_malloc_base

  Block 1965: ntdll.dll!RtlAllocateHeap

  Block 1966: ucrtbase.dll!memset

  Block 1967: ucrtbase.dll!_free_base

  Block 1968: ntdll.dll!RtlLeaveCriticalSection

  Block 1969: KERNELBASE.dll!FlsSetValue

  Block 1970: ntdll.dll!RtlFlsSetValue

  Block 1972: ucrtbase.dll!_o__register_onexit_function

  Block 1973: KERNELBASE.dll!FlsSetValue

  Block 1974: ntdll.dll!RtlFlsSetValue

  Block 1975: ucrtbase.dll!_register_onexit_function

  Block 1976: KERNELBASE.dll!GetLastError

  Block 1977: KERNELBASE.dll!FlsGetValue

  Block 1978: ntdll.dll!RtlFlsGetValue

  Block 1979: ntdll.dll!RtlSetLastWin32Error

  Block 1980: ntdll.dll!RtlEnterCriticalSection

  Block 1981: ntdll.dll!RtlLeaveCriticalSection

  Block 1982: KERNELBASE.dll!FlsSetValue

  Block 1983: ntdll.dll!RtlFlsSetValue

  Block 1984: ucrtbase.dll!_o__register_onexit_function

  Block 1985: KERNELBASE.dll!FlsSetValue

  Block 1986: ntdll.dll!RtlFlsSetValue

  Block 1987: ucrtbase.dll!_register_onexit_function

  Block 1988: KERNELBASE.dll!GetLastError

  Block 1989: KERNELBASE.dll!FlsGetValue

  Block 1990: ntdll.dll!RtlFlsGetValue

  Block 1991: ntdll.dll!RtlSetLastWin32Error

  Block 1992: ntdll.dll!RtlEnterCriticalSection

  Block 1993: ntdll.dll!RtlLeaveCriticalSection

  Block 1994: KERNELBASE.dll!FlsSetValue

  Block 1995: ntdll.dll!RtlFlsSetValue

  Block 1996: KERNELBASE.dll!InitializeCriticalSectionEx

  Block 1998: KERNELBASE.dll!InitializeCriticalSectionEx

  Block 2000: ucrtbase.dll!_o__register_onexit_function

  Block 2001: KERNELBASE.dll!FlsSetValue

  Block 2002: ntdll.dll!RtlFlsSetValue

  Block 2003: ucrtbase.dll!_register_onexit_function

  Block 2004: KERNELBASE.dll!GetLastError

  Block 2005: KERNELBASE.dll!FlsGetValue

  Block 2006: ntdll.dll!RtlFlsGetValue

  Block 2007: ntdll.dll!RtlSetLastWin32Error

  Block 2008: ntdll.dll!RtlEnterCriticalSection

  Block 2009: ntdll.dll!RtlLeaveCriticalSection

  Block 2010: KERNELBASE.dll!FlsSetValue

  Block 2011: ntdll.dll!RtlFlsSetValue

  Block 2012: ucrtbase.dll!_o__register_onexit_function

  Block 2013: KERNELBASE.dll!FlsSetValue

  Block 2014: ntdll.dll!RtlFlsSetValue

  Block 2015: ucrtbase.dll!_register_onexit_function

  Block 2016: KERNELBASE.dll!GetLastError

  Block 2017: KERNELBASE.dll!FlsGetValue

  Block 2018: ntdll.dll!RtlFlsGetValue

  Block 2019: ntdll.dll!RtlSetLastWin32Error

  Block 2020: ntdll.dll!RtlEnterCriticalSection

  Block 2021: ntdll.dll!RtlLeaveCriticalSection

  Block 2022: KERNELBASE.dll!FlsSetValue

  Block 2023: ntdll.dll!RtlFlsSetValue

  Block 2025: ucrtbase.dll!_o__register_onexit_function

  Block 2026: KERNELBASE.dll!FlsSetValue

  Block 2027: ntdll.dll!RtlFlsSetValue

  Block 2028: ucrtbase.dll!_register_onexit_function

  Block 2029: KERNELBASE.dll!GetLastError

  Block 2030: KERNELBASE.dll!FlsGetValue

  Block 2031: ntdll.dll!RtlFlsGetValue

  Block 2032: ntdll.dll!RtlSetLastWin32Error

  Block 2033: ntdll.dll!RtlEnterCriticalSection

  Block 2034: ntdll.dll!RtlLeaveCriticalSection

  Block 2035: KERNELBASE.dll!FlsSetValue

  Block 2036: ntdll.dll!RtlFlsSetValue

  Block 2037: ucrtbase.dll!_o__register_onexit_function

  Block 2038: KERNELBASE.dll!FlsSetValue

  Block 2039: ntdll.dll!RtlFlsSetValue

  Block 2040: ucrtbase.dll!_register_onexit_function

  Block 2041: KERNELBASE.dll!GetLastError

  Block 2042: KERNELBASE.dll!FlsGetValue

  Block 2043: ntdll.dll!RtlFlsGetValue

  Block 2044: ntdll.dll!RtlSetLastWin32Error

  Block 2045: ntdll.dll!RtlEnterCriticalSection

  Block 2046: ntdll.dll!RtlLeaveCriticalSection

  Block 2047: KERNELBASE.dll!FlsSetValue

  Block 2048: ntdll.dll!RtlFlsSetValue

  Block 2050: ucrtbase.dll!_o__register_onexit_function

  Block 2051: KERNELBASE.dll!FlsSetValue

  Block 2052: ntdll.dll!RtlFlsSetValue

  Block 2053: ucrtbase.dll!_register_onexit_function

  Block 2054: KERNELBASE.dll!GetLastError

  Block 2055: KERNELBASE.dll!FlsGetValue

  Block 2056: ntdll.dll!RtlFlsGetValue

  Block 2057: ntdll.dll!RtlSetLastWin32Error

  Block 2058: ntdll.dll!RtlEnterCriticalSection

  Block 2059: ntdll.dll!RtlLeaveCriticalSection

  Block 2060: KERNELBASE.dll!FlsSetValue

  Block 2061: ntdll.dll!RtlFlsSetValue

  Block 2062: ucrtbase.dll!_o__register_onexit_function

  Block 2063: KERNELBASE.dll!FlsSetValue

  Block 2064: ntdll.dll!RtlFlsSetValue

  Block 2065: ucrtbase.dll!_register_onexit_function

  Block 2066: KERNELBASE.dll!GetLastError

  Block 2067: KERNELBASE.dll!FlsGetValue

  Block 2068: ntdll.dll!RtlFlsGetValue

  Block 2069: ntdll.dll!RtlSetLastWin32Error

  Block 2070: ntdll.dll!RtlEnterCriticalSection

  Block 2071: ntdll.dll!RtlLeaveCriticalSection

  Block 2072: KERNELBASE.dll!FlsSetValue

  Block 2073: ntdll.dll!RtlFlsSetValue

  Block 2074: ucrtbase.dll!_o__register_onexit_function

  Block 2075: KERNELBASE.dll!FlsSetValue

  Block 2076: ntdll.dll!RtlFlsSetValue

  Block 2077: ucrtbase.dll!_register_onexit_function

  Block 2078: KERNELBASE.dll!GetLastError

  Block 2079: KERNELBASE.dll!FlsGetValue

  Block 2080: ntdll.dll!RtlFlsGetValue

  Block 2081: ntdll.dll!RtlSetLastWin32Error

  Block 2082: ntdll.dll!RtlEnterCriticalSection

  Block 2083: ntdll.dll!RtlLeaveCriticalSection

  Block 2084: KERNELBASE.dll!FlsSetValue

  Block 2085: ntdll.dll!RtlFlsSetValue

  Block 2086: ucrtbase.dll!_o__register_onexit_function

  Block 2087: KERNELBASE.dll!FlsSetValue

  Block 2088: ntdll.dll!RtlFlsSetValue

  Block 2089: ucrtbase.dll!_register_onexit_function

  Block 2090: KERNELBASE.dll!GetLastError

  Block 2091: KERNELBASE.dll!FlsGetValue

  Block 2092: ntdll.dll!RtlFlsGetValue

  Block 2093: ntdll.dll!RtlSetLastWin32Error

  Block 2094: ntdll.dll!RtlEnterCriticalSection

  Block 2095: ntdll.dll!RtlLeaveCriticalSection

  Block 2096: KERNELBASE.dll!FlsSetValue

  Block 2097: ntdll.dll!RtlFlsSetValue

  Block 2098: ucrtbase.dll!_o__register_onexit_function

  Block 2099: KERNELBASE.dll!FlsSetValue

  Block 2100: ntdll.dll!RtlFlsSetValue

  Block 2101: ucrtbase.dll!_register_onexit_function

  Block 2102: KERNELBASE.dll!GetLastError

  Block 2103: KERNELBASE.dll!FlsGetValue

  Block 2104: ntdll.dll!RtlFlsGetValue

  Block 2105: ntdll.dll!RtlSetLastWin32Error

  Block 2106: ntdll.dll!RtlEnterCriticalSection

  Block 2107: ntdll.dll!RtlLeaveCriticalSection

  Block 2108: KERNELBASE.dll!FlsSetValue

  Block 2109: ntdll.dll!RtlFlsSetValue

  Block 2110: ucrtbase.dll!_o__register_onexit_function

  Block 2111: KERNELBASE.dll!FlsSetValue

  Block 2112: ntdll.dll!RtlFlsSetValue

  Block 2113: ucrtbase.dll!_register_onexit_function

  Block 2114: KERNELBASE.dll!GetLastError

  Block 2115: KERNELBASE.dll!FlsGetValue

  Block 2116: ntdll.dll!RtlFlsGetValue

  Block 2117: ntdll.dll!RtlSetLastWin32Error

  Block 2118: ntdll.dll!RtlEnterCriticalSection

  Block 2119: ntdll.dll!RtlLeaveCriticalSection

  Block 2120: KERNELBASE.dll!FlsSetValue

  Block 2121: ntdll.dll!RtlFlsSetValue

  Block 2122: ucrtbase.dll!_o__register_onexit_function

  Block 2123: KERNELBASE.dll!FlsSetValue

  Block 2124: ntdll.dll!RtlFlsSetValue

  Block 2125: ucrtbase.dll!_register_onexit_function

  Block 2126: KERNELBASE.dll!GetLastError

  Block 2127: KERNELBASE.dll!FlsGetValue

  Block 2128: ntdll.dll!RtlFlsGetValue

  Block 2129: ntdll.dll!RtlSetLastWin32Error

  Block 2130: ntdll.dll!RtlEnterCriticalSection

  Block 2131: ntdll.dll!RtlLeaveCriticalSection

  Block 2132: KERNELBASE.dll!FlsSetValue

  Block 2133: ntdll.dll!RtlFlsSetValue

  Block 2134: ucrtbase.dll!_o__register_onexit_function

  Block 2135: KERNELBASE.dll!FlsSetValue

  Block 2136: ntdll.dll!RtlFlsSetValue

  Block 2137: ucrtbase.dll!_register_onexit_function

  Block 2138: KERNELBASE.dll!GetLastError

  Block 2139: KERNELBASE.dll!FlsGetValue

  Block 2140: ntdll.dll!RtlFlsGetValue

  Block 2141: ntdll.dll!RtlSetLastWin32Error

  Block 2142: ntdll.dll!RtlEnterCriticalSection

  Block 2143: ntdll.dll!RtlLeaveCriticalSection

  Block 2144: KERNELBASE.dll!FlsSetValue

  Block 2145: ntdll.dll!RtlFlsSetValue

  Block 2146: ucrtbase.dll!_o__register_onexit_function

  Block 2147: KERNELBASE.dll!FlsSetValue

  Block 2148: ntdll.dll!RtlFlsSetValue

  Block 2149: ucrtbase.dll!_register_onexit_function

  Block 2150: KERNELBASE.dll!GetLastError

  Block 2151: KERNELBASE.dll!FlsGetValue

  Block 2152: ntdll.dll!RtlFlsGetValue

  Block 2153: ntdll.dll!RtlSetLastWin32Error

  Block 2154: ntdll.dll!RtlEnterCriticalSection

  Block 2155: ntdll.dll!RtlLeaveCriticalSection

  Block 2156: KERNELBASE.dll!FlsSetValue

  Block 2157: ntdll.dll!RtlFlsSetValue

  Block 2158: ucrtbase.dll!_o__register_onexit_function

  Block 2159: KERNELBASE.dll!FlsSetValue

  Block 2160: ntdll.dll!RtlFlsSetValue

  Block 2161: ucrtbase.dll!_register_onexit_function

  Block 2162: KERNELBASE.dll!GetLastError

  Block 2163: KERNELBASE.dll!FlsGetValue

  Block 2164: ntdll.dll!RtlFlsGetValue

  Block 2165: ntdll.dll!RtlSetLastWin32Error

  Block 2166: ntdll.dll!RtlEnterCriticalSection

  Block 2167: ntdll.dll!RtlLeaveCriticalSection

  Block 2168: KERNELBASE.dll!FlsSetValue

  Block 2169: ntdll.dll!RtlFlsSetValue

  Block 2170: ucrtbase.dll!_o__register_onexit_function

  Block 2171: KERNELBASE.dll!FlsSetValue

  Block 2172: ntdll.dll!RtlFlsSetValue

  Block 2173: ucrtbase.dll!_register_onexit_function

  Block 2174: KERNELBASE.dll!GetLastError

  Block 2175: KERNELBASE.dll!FlsGetValue

  Block 2176: ntdll.dll!RtlFlsGetValue

  Block 2177: ntdll.dll!RtlSetLastWin32Error

  Block 2178: ntdll.dll!RtlEnterCriticalSection

  Block 2179: ntdll.dll!RtlLeaveCriticalSection

  Block 2180: KERNELBASE.dll!FlsSetValue

  Block 2181: ntdll.dll!RtlFlsSetValue

  Block 2182: ucrtbase.dll!_o__register_onexit_function

  Block 2183: KERNELBASE.dll!FlsSetValue

  Block 2184: ntdll.dll!RtlFlsSetValue

  Block 2185: ucrtbase.dll!_register_onexit_function

  Block 2186: KERNELBASE.dll!GetLastError

  Block 2187: KERNELBASE.dll!FlsGetValue

  Block 2188: ntdll.dll!RtlFlsGetValue

  Block 2189: ntdll.dll!RtlSetLastWin32Error

  Block 2190: ntdll.dll!RtlEnterCriticalSection

  Block 2191: ntdll.dll!RtlLeaveCriticalSection

  Block 2192: KERNELBASE.dll!FlsSetValue

  Block 2193: ntdll.dll!RtlFlsSetValue

  Block 2194: ucrtbase.dll!_o__register_onexit_function

  Block 2195: KERNELBASE.dll!FlsSetValue

  Block 2196: ntdll.dll!RtlFlsSetValue

  Block 2197: ucrtbase.dll!_register_onexit_function

  Block 2198: KERNELBASE.dll!GetLastError

  Block 2199: KERNELBASE.dll!FlsGetValue

  Block 2200: ntdll.dll!RtlFlsGetValue

  Block 2201: ntdll.dll!RtlSetLastWin32Error

  Block 2202: ntdll.dll!RtlEnterCriticalSection

  Block 2203: ntdll.dll!RtlLeaveCriticalSection

  Block 2204: KERNELBASE.dll!FlsSetValue

  Block 2205: ntdll.dll!RtlFlsSetValue

  Block 2206: ucrtbase.dll!_o__register_onexit_function

  Block 2207: KERNELBASE.dll!FlsSetValue

  Block 2208: ntdll.dll!RtlFlsSetValue

  Block 2209: ucrtbase.dll!_register_onexit_function

  Block 2210: KERNELBASE.dll!GetLastError

  Block 2211: KERNELBASE.dll!FlsGetValue

  Block 2212: ntdll.dll!RtlFlsGetValue

  Block 2213: ntdll.dll!RtlSetLastWin32Error

  Block 2214: ntdll.dll!RtlEnterCriticalSection

  Block 2215: ntdll.dll!RtlLeaveCriticalSection

  Block 2216: KERNELBASE.dll!FlsSetValue

  Block 2217: ntdll.dll!RtlFlsSetValue

  Block 2218: ucrtbase.dll!_o__register_onexit_function

  Block 2219: KERNELBASE.dll!FlsSetValue

  Block 2220: ntdll.dll!RtlFlsSetValue

  Block 2221: ucrtbase.dll!_register_onexit_function

  Block 2222: KERNELBASE.dll!GetLastError

  Block 2223: KERNELBASE.dll!FlsGetValue

  Block 2224: ntdll.dll!RtlFlsGetValue

  Block 2225: ntdll.dll!RtlSetLastWin32Error

  Block 2226: ntdll.dll!RtlEnterCriticalSection

  Block 2227: ntdll.dll!RtlLeaveCriticalSection

  Block 2228: KERNELBASE.dll!FlsSetValue

  Block 2229: ntdll.dll!RtlFlsSetValue

  Block 2230: ucrtbase.dll!_o__register_onexit_function

  Block 2231: KERNELBASE.dll!FlsSetValue

  Block 2232: ntdll.dll!RtlFlsSetValue

  Block 2233: ucrtbase.dll!_register_onexit_function

  Block 2234: KERNELBASE.dll!GetLastError

  Block 2235: KERNELBASE.dll!FlsGetValue

  Block 2236: ntdll.dll!RtlFlsGetValue

  Block 2237: ntdll.dll!RtlSetLastWin32Error

  Block 2238: ntdll.dll!RtlEnterCriticalSection

  Block 2239: ntdll.dll!RtlLeaveCriticalSection

  Block 2240: KERNELBASE.dll!FlsSetValue

  Block 2241: ntdll.dll!RtlFlsSetValue

  Block 2242: ucrtbase.dll!_o__register_onexit_function

  Block 2243: KERNELBASE.dll!FlsSetValue

  Block 2244: ntdll.dll!RtlFlsSetValue

  Block 2245: ucrtbase.dll!_register_onexit_function

  Block 2246: KERNELBASE.dll!GetLastError

  Block 2247: KERNELBASE.dll!FlsGetValue

  Block 2248: ntdll.dll!RtlFlsGetValue

  Block 2249: ntdll.dll!RtlSetLastWin32Error

  Block 2250: ntdll.dll!RtlEnterCriticalSection

  Block 2251: ntdll.dll!RtlLeaveCriticalSection

  Block 2252: KERNELBASE.dll!FlsSetValue

  Block 2253: ntdll.dll!RtlFlsSetValue

  Block 2254: ucrtbase.dll!_o__register_onexit_function

  Block 2255: KERNELBASE.dll!FlsSetValue

  Block 2256: ntdll.dll!RtlFlsSetValue

  Block 2257: ucrtbase.dll!_register_onexit_function

  Block 2258: KERNELBASE.dll!GetLastError

  Block 2259: KERNELBASE.dll!FlsGetValue

  Block 2260: ntdll.dll!RtlFlsGetValue

  Block 2261: ntdll.dll!RtlSetLastWin32Error

  Block 2262: ntdll.dll!RtlEnterCriticalSection

  Block 2263: ntdll.dll!RtlLeaveCriticalSection

  Block 2264: KERNELBASE.dll!FlsSetValue

  Block 2265: ntdll.dll!RtlFlsSetValue

  Block 2266: ucrtbase.dll!_o__register_onexit_function

  Block 2267: KERNELBASE.dll!FlsSetValue

  Block 2268: ntdll.dll!RtlFlsSetValue

  Block 2269: ucrtbase.dll!_register_onexit_function

  Block 2270: KERNELBASE.dll!GetLastError

  Block 2271: KERNELBASE.dll!FlsGetValue

  Block 2272: ntdll.dll!RtlFlsGetValue

  Block 2273: ntdll.dll!RtlSetLastWin32Error

  Block 2274: ntdll.dll!RtlEnterCriticalSection

  Block 2275: ntdll.dll!RtlLeaveCriticalSection

  Block 2276: KERNELBASE.dll!FlsSetValue

  Block 2277: ntdll.dll!RtlFlsSetValue

  Block 2278: ucrtbase.dll!_o__register_onexit_function

  Block 2279: KERNELBASE.dll!FlsSetValue

  Block 2280: ntdll.dll!RtlFlsSetValue

  Block 2281: ucrtbase.dll!_register_onexit_function

  Block 2282: KERNELBASE.dll!GetLastError

  Block 2283: KERNELBASE.dll!FlsGetValue

  Block 2284: ntdll.dll!RtlFlsGetValue

  Block 2285: ntdll.dll!RtlSetLastWin32Error

  Block 2286: ntdll.dll!RtlEnterCriticalSection

  Block 2287: ntdll.dll!RtlLeaveCriticalSection

  Block 2288: KERNELBASE.dll!FlsSetValue

  Block 2289: ntdll.dll!RtlFlsSetValue

  Block 2290: ucrtbase.dll!_o__register_onexit_function

  Block 2291: KERNELBASE.dll!FlsSetValue

  Block 2292: ntdll.dll!RtlFlsSetValue

  Block 2293: ucrtbase.dll!_register_onexit_function

  Block 2294: KERNELBASE.dll!GetLastError

  Block 2295: KERNELBASE.dll!FlsGetValue

  Block 2296: ntdll.dll!RtlFlsGetValue

  Block 2297: ntdll.dll!RtlSetLastWin32Error

  Block 2298: ntdll.dll!RtlEnterCriticalSection

  Block 2299: ntdll.dll!RtlLeaveCriticalSection

  Block 2300: KERNELBASE.dll!FlsSetValue

  Block 2301: ntdll.dll!RtlFlsSetValue

  Block 2302: KERNELBASE.dll!InitOnceExecuteOnce

  Block 2303: ntdll.dll!RtlRunOnceExecuteOnce

  Block 2304: ntdll.dll!RtlRunOnceComplete

  Block 2305: ucrtbase.dll!_o__register_onexit_function

  Block 2306: KERNELBASE.dll!FlsSetValue

  Block 2307: ntdll.dll!RtlFlsSetValue

  Block 2308: ucrtbase.dll!_register_onexit_function

  Block 2309: KERNELBASE.dll!GetLastError

  Block 2310: KERNELBASE.dll!FlsGetValue

  Block 2311: ntdll.dll!RtlFlsGetValue

  Block 2312: ntdll.dll!RtlSetLastWin32Error

  Block 2313: ntdll.dll!RtlEnterCriticalSection

  Block 2314: ntdll.dll!RtlLeaveCriticalSection

  Block 2315: KERNELBASE.dll!FlsSetValue

  Block 2316: ntdll.dll!RtlFlsSetValue

  Block 2317: ucrtbase.dll!_o__register_onexit_function

  Block 2318: KERNELBASE.dll!FlsSetValue

  Block 2319: ntdll.dll!RtlFlsSetValue

  Block 2320: ucrtbase.dll!_register_onexit_function

  Block 2321: KERNELBASE.dll!GetLastError

  Block 2322: KERNELBASE.dll!FlsGetValue

  Block 2323: ntdll.dll!RtlFlsGetValue

  Block 2324: ntdll.dll!RtlSetLastWin32Error

  Block 2325: ntdll.dll!RtlEnterCriticalSection

  Block 2326: ntdll.dll!RtlLeaveCriticalSection

  Block 2327: KERNELBASE.dll!FlsSetValue

  Block 2328: ntdll.dll!RtlFlsSetValue

  Block 2329: ucrtbase.dll!_o__register_onexit_function

  Block 2330: KERNELBASE.dll!FlsSetValue

  Block 2331: ntdll.dll!RtlFlsSetValue

  Block 2332: ucrtbase.dll!_register_onexit_function

  Block 2333: KERNELBASE.dll!GetLastError

  Block 2334: KERNELBASE.dll!FlsGetValue

  Block 2335: ntdll.dll!RtlFlsGetValue

  Block 2336: ntdll.dll!RtlSetLastWin32Error

  Block 2337: ntdll.dll!RtlEnterCriticalSection

  Block 2338: ntdll.dll!RtlLeaveCriticalSection

  Block 2339: KERNELBASE.dll!FlsSetValue

  Block 2340: ntdll.dll!RtlFlsSetValue

  Block 2343: ucrtbase.dll!_o__register_onexit_function

  Block 2344: KERNELBASE.dll!FlsSetValue

  Block 2345: ntdll.dll!RtlFlsSetValue

  Block 2346: ucrtbase.dll!_register_onexit_function

  Block 2347: KERNELBASE.dll!GetLastError

  Block 2348: KERNELBASE.dll!FlsGetValue

  Block 2349: ntdll.dll!RtlFlsGetValue

  Block 2350: ntdll.dll!RtlSetLastWin32Error

  Block 2351: ntdll.dll!RtlEnterCriticalSection

  Block 2352: ntdll.dll!RtlLeaveCriticalSection

  Block 2353: KERNELBASE.dll!FlsSetValue

  Block 2354: ntdll.dll!RtlFlsSetValue

  Block 2356: ucrtbase.dll!_o__register_onexit_function

  Block 2357: KERNELBASE.dll!FlsSetValue

  Block 2358: ntdll.dll!RtlFlsSetValue

  Block 2359: ucrtbase.dll!_register_onexit_function

  Block 2360: KERNELBASE.dll!GetLastError

  Block 2361: KERNELBASE.dll!FlsGetValue

  Block 2362: ntdll.dll!RtlFlsGetValue

  Block 2363: ntdll.dll!RtlSetLastWin32Error

  Block 2364: ntdll.dll!RtlEnterCriticalSection

  Block 2365: ntdll.dll!RtlSizeHeap

  Block 2366: ucrtbase.dll!_realloc_base

  Block 2367: ntdll.dll!RtlReAllocateHeap

  Block 2368: ntdll.dll!RtlAllocateHeap

  Block 2369: ntdll.dll!RtlLeaveCriticalSection

  Block 2370: ntdll.dll!memmove

  Block 2371: ntdll.dll!RtlFreeHeap

  Block 2372: ntdll.dll!RtlGetCurrentServiceSessionId

  Block 2374: ucrtbase.dll!_free_base

  Block 2375: ntdll.dll!RtlLeaveCriticalSection

  Block 2376: KERNELBASE.dll!FlsSetValue

  Block 2377: ntdll.dll!RtlFlsSetValue

  Block 2378: ucrtbase.dll!_o__register_onexit_function

  Block 2379: KERNELBASE.dll!FlsSetValue

  Block 2380: ntdll.dll!RtlFlsSetValue

  Block 2381: ucrtbase.dll!_register_onexit_function

  Block 2382: KERNELBASE.dll!GetLastError

  Block 2383: KERNELBASE.dll!FlsGetValue

  Block 2384: ntdll.dll!RtlFlsGetValue

  Block 2385: ntdll.dll!RtlSetLastWin32Error

  Block 2386: ntdll.dll!RtlEnterCriticalSection

  Block 2387: ntdll.dll!RtlLeaveCriticalSection

  Block 2388: KERNELBASE.dll!FlsSetValue

  Block 2389: ntdll.dll!RtlFlsSetValue

  Block 2390: ucrtbase.dll!_o__register_onexit_function

  Block 2391: KERNELBASE.dll!FlsSetValue

  Block 2392: ntdll.dll!RtlFlsSetValue

  Block 2393: ucrtbase.dll!_register_onexit_function

  Block 2394: KERNELBASE.dll!GetLastError

  Block 2395: KERNELBASE.dll!FlsGetValue

  Block 2396: ntdll.dll!RtlFlsGetValue

  Block 2397: ntdll.dll!RtlSetLastWin32Error

  Block 2398: ntdll.dll!RtlEnterCriticalSection

  Block 2399: ntdll.dll!RtlLeaveCriticalSection

  Block 2400: KERNELBASE.dll!FlsSetValue

  Block 2401: ntdll.dll!RtlFlsSetValue

  Block 2402: ucrtbase.dll!_o__register_onexit_function

  Block 2403: KERNELBASE.dll!FlsSetValue

  Block 2404: ntdll.dll!RtlFlsSetValue

  Block 2405: ucrtbase.dll!_register_onexit_function

  Block 2406: KERNELBASE.dll!GetLastError

  Block 2407: KERNELBASE.dll!FlsGetValue

  Block 2408: ntdll.dll!RtlFlsGetValue

  Block 2409: ntdll.dll!RtlSetLastWin32Error

  Block 2410: ntdll.dll!RtlEnterCriticalSection

  Block 2411: ntdll.dll!RtlLeaveCriticalSection

  Block 2412: KERNELBASE.dll!FlsSetValue

  Block 2413: ntdll.dll!RtlFlsSetValue

  Block 2414: ucrtbase.dll!_o__register_onexit_function

  Block 2415: KERNELBASE.dll!FlsSetValue

  Block 2416: ntdll.dll!RtlFlsSetValue

  Block 2417: ucrtbase.dll!_register_onexit_function

  Block 2418: KERNELBASE.dll!GetLastError

  Block 2419: KERNELBASE.dll!FlsGetValue

  Block 2420: ntdll.dll!RtlFlsGetValue

  Block 2421: ntdll.dll!RtlSetLastWin32Error

  Block 2422: ntdll.dll!RtlEnterCriticalSection

  Block 2423: ntdll.dll!RtlLeaveCriticalSection

  Block 2424: KERNELBASE.dll!FlsSetValue

  Block 2425: ntdll.dll!RtlFlsSetValue

  Block 2426: ucrtbase.dll!_o__register_onexit_function

  Block 2427: KERNELBASE.dll!FlsSetValue

  Block 2428: ntdll.dll!RtlFlsSetValue

  Block 2429: ucrtbase.dll!_register_onexit_function

  Block 2430: KERNELBASE.dll!GetLastError

  Block 2431: KERNELBASE.dll!FlsGetValue

  Block 2432: ntdll.dll!RtlFlsGetValue

  Block 2433: ntdll.dll!RtlSetLastWin32Error

  Block 2434: ntdll.dll!RtlEnterCriticalSection

  Block 2435: ntdll.dll!RtlLeaveCriticalSection

  Block 2436: KERNELBASE.dll!FlsSetValue

  Block 2437: ntdll.dll!RtlFlsSetValue

  Block 2438: ucrtbase.dll!_o__register_onexit_function

  Block 2439: KERNELBASE.dll!FlsSetValue

  Block 2440: ntdll.dll!RtlFlsSetValue

  Block 2441: ucrtbase.dll!_register_onexit_function

  Block 2442: KERNELBASE.dll!GetLastError

  Block 2443: KERNELBASE.dll!FlsGetValue

  Block 2444: ntdll.dll!RtlFlsGetValue

  Block 2445: ntdll.dll!RtlSetLastWin32Error

  Block 2446: ntdll.dll!RtlEnterCriticalSection

  Block 2447: ntdll.dll!RtlLeaveCriticalSection

  Block 2448: KERNELBASE.dll!FlsSetValue

  Block 2449: ntdll.dll!RtlFlsSetValue

  Block 2450: ucrtbase.dll!_o__register_onexit_function

  Block 2451: KERNELBASE.dll!FlsSetValue

  Block 2452: ntdll.dll!RtlFlsSetValue

  Block 2453: ucrtbase.dll!_register_onexit_function

  Block 2454: KERNELBASE.dll!GetLastError

  Block 2455: KERNELBASE.dll!FlsGetValue

  Block 2456: ntdll.dll!RtlFlsGetValue

  Block 2457: ntdll.dll!RtlSetLastWin32Error

  Block 2458: ntdll.dll!RtlEnterCriticalSection

  Block 2459: ntdll.dll!RtlLeaveCriticalSection

  Block 2460: KERNELBASE.dll!FlsSetValue

  Block 2461: ntdll.dll!RtlFlsSetValue

  Block 2462: ucrtbase.dll!_o__register_onexit_function

  Block 2463: KERNELBASE.dll!FlsSetValue

  Block 2464: ntdll.dll!RtlFlsSetValue

  Block 2465: ucrtbase.dll!_register_onexit_function

  Block 2466: KERNELBASE.dll!GetLastError

  Block 2467: KERNELBASE.dll!FlsGetValue

  Block 2468: ntdll.dll!RtlFlsGetValue

  Block 2469: ntdll.dll!RtlSetLastWin32Error

  Block 2470: ntdll.dll!RtlEnterCriticalSection

  Block 2471: ntdll.dll!RtlLeaveCriticalSection

  Block 2472: KERNELBASE.dll!FlsSetValue

  Block 2473: ntdll.dll!RtlFlsSetValue

  Block 2474: ucrtbase.dll!_o__register_onexit_function

  Block 2475: KERNELBASE.dll!FlsSetValue

  Block 2476: ntdll.dll!RtlFlsSetValue

  Block 2477: ucrtbase.dll!_register_onexit_function

  Block 2478: KERNELBASE.dll!GetLastError

  Block 2479: KERNELBASE.dll!FlsGetValue

  Block 2480: ntdll.dll!RtlFlsGetValue

  Block 2481: ntdll.dll!RtlSetLastWin32Error

  Block 2482: ntdll.dll!RtlEnterCriticalSection

  Block 2483: ntdll.dll!RtlLeaveCriticalSection

  Block 2484: KERNELBASE.dll!FlsSetValue

  Block 2485: ntdll.dll!RtlFlsSetValue

  Block 2486: ucrtbase.dll!_o__register_onexit_function

  Block 2487: KERNELBASE.dll!FlsSetValue

  Block 2488: ntdll.dll!RtlFlsSetValue

  Block 2489: ucrtbase.dll!_register_onexit_function

  Block 2490: KERNELBASE.dll!GetLastError

  Block 2491: KERNELBASE.dll!FlsGetValue

  Block 2492: ntdll.dll!RtlFlsGetValue

  Block 2493: ntdll.dll!RtlSetLastWin32Error

  Block 2494: ntdll.dll!RtlEnterCriticalSection

  Block 2495: ntdll.dll!RtlLeaveCriticalSection

  Block 2496: KERNELBASE.dll!FlsSetValue

  Block 2497: ntdll.dll!RtlFlsSetValue

  Block 2498: ucrtbase.dll!_o__register_onexit_function

  Block 2499: KERNELBASE.dll!FlsSetValue

  Block 2500: ntdll.dll!RtlFlsSetValue

  Block 2501: ucrtbase.dll!_register_onexit_function

  Block 2502: KERNELBASE.dll!GetLastError

  Block 2503: KERNELBASE.dll!FlsGetValue

  Block 2504: ntdll.dll!RtlFlsGetValue

  Block 2505: ntdll.dll!RtlSetLastWin32Error

  Block 2506: ntdll.dll!RtlEnterCriticalSection

  Block 2507: ntdll.dll!RtlLeaveCriticalSection

  Block 2508: KERNELBASE.dll!FlsSetValue

  Block 2509: ntdll.dll!RtlFlsSetValue

  Block 2510: ucrtbase.dll!_o__register_onexit_function

  Block 2511: KERNELBASE.dll!FlsSetValue

  Block 2512: ntdll.dll!RtlFlsSetValue

  Block 2513: ucrtbase.dll!_register_onexit_function

  Block 2514: KERNELBASE.dll!GetLastError

  Block 2515: KERNELBASE.dll!FlsGetValue

  Block 2516: ntdll.dll!RtlFlsGetValue

  Block 2517: ntdll.dll!RtlSetLastWin32Error

  Block 2518: ntdll.dll!RtlEnterCriticalSection

  Block 2519: ntdll.dll!RtlLeaveCriticalSection

  Block 2520: KERNELBASE.dll!FlsSetValue

  Block 2521: ntdll.dll!RtlFlsSetValue

  Block 2522: ucrtbase.dll!_o__register_onexit_function

  Block 2523: KERNELBASE.dll!FlsSetValue

  Block 2524: ntdll.dll!RtlFlsSetValue

  Block 2525: ucrtbase.dll!_register_onexit_function

  Block 2526: KERNELBASE.dll!GetLastError

  Block 2527: KERNELBASE.dll!FlsGetValue

  Block 2528: ntdll.dll!RtlFlsGetValue

  Block 2529: ntdll.dll!RtlSetLastWin32Error

  Block 2530: ntdll.dll!RtlEnterCriticalSection

  Block 2531: ntdll.dll!RtlLeaveCriticalSection

  Block 2532: KERNELBASE.dll!FlsSetValue

  Block 2533: ntdll.dll!RtlFlsSetValue

  Block 2535: ucrtbase.dll!_o__register_onexit_function

  Block 2536: KERNELBASE.dll!FlsSetValue

  Block 2537: ntdll.dll!RtlFlsSetValue

  Block 2538: ucrtbase.dll!_register_onexit_function

  Block 2539: KERNELBASE.dll!GetLastError

  Block 2540: KERNELBASE.dll!FlsGetValue

  Block 2541: ntdll.dll!RtlFlsGetValue

  Block 2542: ntdll.dll!RtlSetLastWin32Error

  Block 2543: ntdll.dll!RtlEnterCriticalSection

  Block 2544: ntdll.dll!RtlLeaveCriticalSection

  Block 2545: KERNELBASE.dll!FlsSetValue

  Block 2546: ntdll.dll!RtlFlsSetValue

  Block 2547: ucrtbase.dll!_o__register_onexit_function

  Block 2548: KERNELBASE.dll!FlsSetValue

  Block 2549: ntdll.dll!RtlFlsSetValue

  Block 2550: ucrtbase.dll!_register_onexit_function

  Block 2551: KERNELBASE.dll!GetLastError

  Block 2552: KERNELBASE.dll!FlsGetValue

  Block 2553: ntdll.dll!RtlFlsGetValue

  Block 2554: ntdll.dll!RtlSetLastWin32Error

  Block 2555: ntdll.dll!RtlEnterCriticalSection

  Block 2556: ntdll.dll!RtlLeaveCriticalSection

  Block 2557: KERNELBASE.dll!FlsSetValue

  Block 2558: ntdll.dll!RtlFlsSetValue

  Block 2559: ucrtbase.dll!_o__register_onexit_function

  Block 2560: KERNELBASE.dll!FlsSetValue

  Block 2561: ntdll.dll!RtlFlsSetValue

  Block 2562: ucrtbase.dll!_register_onexit_function

  Block 2563: KERNELBASE.dll!GetLastError

  Block 2564: KERNELBASE.dll!FlsGetValue

  Block 2565: ntdll.dll!RtlFlsGetValue

  Block 2566: ntdll.dll!RtlSetLastWin32Error

  Block 2567: ntdll.dll!RtlEnterCriticalSection

  Block 2568: ntdll.dll!RtlLeaveCriticalSection

  Block 2569: KERNELBASE.dll!FlsSetValue

  Block 2570: ntdll.dll!RtlFlsSetValue

  Block 2571: ucrtbase.dll!_o__register_onexit_function

  Block 2572: KERNELBASE.dll!FlsSetValue

  Block 2573: ntdll.dll!RtlFlsSetValue

  Block 2574: ucrtbase.dll!_register_onexit_function

  Block 2575: KERNELBASE.dll!GetLastError

  Block 2576: KERNELBASE.dll!FlsGetValue

  Block 2577: ntdll.dll!RtlFlsGetValue

  Block 2578: ntdll.dll!RtlSetLastWin32Error

  Block 2579: ntdll.dll!RtlEnterCriticalSection

  Block 2580: ntdll.dll!RtlLeaveCriticalSection

  Block 2581: KERNELBASE.dll!FlsSetValue

  Block 2582: ntdll.dll!RtlFlsSetValue

  Block 2584: ucrtbase.dll!_o__register_onexit_function

  Block 2585: KERNELBASE.dll!FlsSetValue

  Block 2586: ntdll.dll!RtlFlsSetValue

  Block 2587: ucrtbase.dll!_register_onexit_function

  Block 2588: KERNELBASE.dll!GetLastError

  Block 2589: KERNELBASE.dll!FlsGetValue

  Block 2590: ntdll.dll!RtlFlsGetValue

  Block 2591: ntdll.dll!RtlSetLastWin32Error

  Block 2592: ntdll.dll!RtlEnterCriticalSection

  Block 2593: ntdll.dll!RtlLeaveCriticalSection

  Block 2594: KERNELBASE.dll!FlsSetValue

  Block 2595: ntdll.dll!RtlFlsSetValue

  Block 2596: ucrtbase.dll!_o__register_onexit_function

  Block 2597: KERNELBASE.dll!FlsSetValue

  Block 2598: ntdll.dll!RtlFlsSetValue

  Block 2599: ucrtbase.dll!_register_onexit_function

  Block 2600: KERNELBASE.dll!GetLastError

  Block 2601: KERNELBASE.dll!FlsGetValue

  Block 2602: ntdll.dll!RtlFlsGetValue

  Block 2603: ntdll.dll!RtlSetLastWin32Error

  Block 2604: ntdll.dll!RtlEnterCriticalSection

  Block 2605: ntdll.dll!RtlLeaveCriticalSection

  Block 2606: KERNELBASE.dll!FlsSetValue

  Block 2607: ntdll.dll!RtlFlsSetValue

  Block 2608: ucrtbase.dll!_o__register_onexit_function

  Block 2609: KERNELBASE.dll!FlsSetValue

  Block 2610: ntdll.dll!RtlFlsSetValue

  Block 2611: ucrtbase.dll!_register_onexit_function

  Block 2612: KERNELBASE.dll!GetLastError

  Block 2613: KERNELBASE.dll!FlsGetValue

  Block 2614: ntdll.dll!RtlFlsGetValue

  Block 2615: ntdll.dll!RtlSetLastWin32Error

  Block 2616: ntdll.dll!RtlEnterCriticalSection

  Block 2617: ntdll.dll!RtlLeaveCriticalSection

  Block 2618: KERNELBASE.dll!FlsSetValue

  Block 2619: ntdll.dll!RtlFlsSetValue

  Block 2620: ucrtbase.dll!_o__register_onexit_function

  Block 2621: KERNELBASE.dll!FlsSetValue

  Block 2622: ntdll.dll!RtlFlsSetValue

  Block 2623: ucrtbase.dll!_register_onexit_function

  Block 2624: KERNELBASE.dll!GetLastError

  Block 2625: KERNELBASE.dll!FlsGetValue

  Block 2626: ntdll.dll!RtlFlsGetValue

  Block 2627: ntdll.dll!RtlSetLastWin32Error

  Block 2628: ntdll.dll!RtlEnterCriticalSection

  Block 2629: ntdll.dll!RtlLeaveCriticalSection

  Block 2630: KERNELBASE.dll!FlsSetValue

  Block 2631: ntdll.dll!RtlFlsSetValue

  Block 2633: ucrtbase.dll!_o__register_onexit_function

  Block 2634: KERNELBASE.dll!FlsSetValue

  Block 2635: ntdll.dll!RtlFlsSetValue

  Block 2636: ucrtbase.dll!_register_onexit_function

  Block 2637: KERNELBASE.dll!GetLastError

  Block 2638: KERNELBASE.dll!FlsGetValue

  Block 2639: ntdll.dll!RtlFlsGetValue

  Block 2640: ntdll.dll!RtlSetLastWin32Error

  Block 2641: ntdll.dll!RtlEnterCriticalSection

  Block 2642: ntdll.dll!RtlLeaveCriticalSection

  Block 2643: KERNELBASE.dll!FlsSetValue

  Block 2644: ntdll.dll!RtlFlsSetValue

  Block 2645: ucrtbase.dll!_o__register_onexit_function

  Block 2646: KERNELBASE.dll!FlsSetValue

  Block 2647: ntdll.dll!RtlFlsSetValue

  Block 2648: ucrtbase.dll!_register_onexit_function

  Block 2649: KERNELBASE.dll!GetLastError

  Block 2650: KERNELBASE.dll!FlsGetValue

  Block 2651: ntdll.dll!RtlFlsGetValue

  Block 2652: ntdll.dll!RtlSetLastWin32Error

  Block 2653: ntdll.dll!RtlEnterCriticalSection

  Block 2654: ntdll.dll!RtlLeaveCriticalSection

  Block 2655: KERNELBASE.dll!FlsSetValue

  Block 2656: ntdll.dll!RtlFlsSetValue

  Block 2657: ucrtbase.dll!_o__register_onexit_function

  Block 2658: KERNELBASE.dll!FlsSetValue

  Block 2659: ntdll.dll!RtlFlsSetValue

  Block 2660: ucrtbase.dll!_register_onexit_function

  Block 2661: KERNELBASE.dll!GetLastError

  Block 2662: KERNELBASE.dll!FlsGetValue

  Block 2663: ntdll.dll!RtlFlsGetValue

  Block 2664: ntdll.dll!RtlSetLastWin32Error

  Block 2665: ntdll.dll!RtlEnterCriticalSection

  Block 2666: ntdll.dll!RtlLeaveCriticalSection

  Block 2667: KERNELBASE.dll!FlsSetValue

  Block 2668: ntdll.dll!RtlFlsSetValue

  Block 2670: ucrtbase.dll!_o__register_onexit_function

  Block 2671: KERNELBASE.dll!FlsSetValue

  Block 2672: ntdll.dll!RtlFlsSetValue

  Block 2673: ucrtbase.dll!_register_onexit_function

  Block 2674: KERNELBASE.dll!GetLastError

  Block 2675: KERNELBASE.dll!FlsGetValue

  Block 2676: ntdll.dll!RtlFlsGetValue

  Block 2677: ntdll.dll!RtlSetLastWin32Error

  Block 2678: ntdll.dll!RtlEnterCriticalSection

  Block 2679: ntdll.dll!RtlLeaveCriticalSection

  Block 2680: KERNELBASE.dll!FlsSetValue

  Block 2681: ntdll.dll!RtlFlsSetValue

  Block 2682: ucrtbase.dll!_o__register_onexit_function

  Block 2683: KERNELBASE.dll!FlsSetValue

  Block 2684: ntdll.dll!RtlFlsSetValue

  Block 2685: ucrtbase.dll!_register_onexit_function

  Block 2686: KERNELBASE.dll!GetLastError

  Block 2687: KERNELBASE.dll!FlsGetValue

  Block 2688: ntdll.dll!RtlFlsGetValue

  Block 2689: ntdll.dll!RtlSetLastWin32Error

  Block 2690: ntdll.dll!RtlEnterCriticalSection

  Block 2691: ntdll.dll!RtlLeaveCriticalSection

  Block 2692: KERNELBASE.dll!FlsSetValue

  Block 2693: ntdll.dll!RtlFlsSetValue

  Block 2694: ucrtbase.dll!_o__register_onexit_function

  Block 2695: KERNELBASE.dll!FlsSetValue

  Block 2696: ntdll.dll!RtlFlsSetValue

  Block 2697: ucrtbase.dll!_register_onexit_function

  Block 2698: KERNELBASE.dll!GetLastError

  Block 2699: KERNELBASE.dll!FlsGetValue

  Block 2700: ntdll.dll!RtlFlsGetValue

  Block 2701: ntdll.dll!RtlSetLastWin32Error

  Block 2702: ntdll.dll!RtlEnterCriticalSection

  Block 2703: ntdll.dll!RtlLeaveCriticalSection

  Block 2704: KERNELBASE.dll!FlsSetValue

  Block 2705: ntdll.dll!RtlFlsSetValue

  Block 2706: ucrtbase.dll!_o__register_onexit_function

  Block 2707: KERNELBASE.dll!FlsSetValue

  Block 2708: ntdll.dll!RtlFlsSetValue

  Block 2709: ucrtbase.dll!_register_onexit_function

  Block 2710: KERNELBASE.dll!GetLastError

  Block 2711: KERNELBASE.dll!FlsGetValue

  Block 2712: ntdll.dll!RtlFlsGetValue

  Block 2713: ntdll.dll!RtlSetLastWin32Error

  Block 2714: ntdll.dll!RtlEnterCriticalSection

  Block 2715: ntdll.dll!RtlLeaveCriticalSection

  Block 2716: KERNELBASE.dll!FlsSetValue

  Block 2717: ntdll.dll!RtlFlsSetValue

  Block 2718: ucrtbase.dll!_o__register_onexit_function

  Block 2719: KERNELBASE.dll!FlsSetValue

  Block 2720: ntdll.dll!RtlFlsSetValue

  Block 2721: ucrtbase.dll!_register_onexit_function

  Block 2722: KERNELBASE.dll!GetLastError

  Block 2723: KERNELBASE.dll!FlsGetValue

  Block 2724: ntdll.dll!RtlFlsGetValue

  Block 2725: ntdll.dll!RtlSetLastWin32Error

  Block 2726: ntdll.dll!RtlEnterCriticalSection

  Block 2727: ntdll.dll!RtlLeaveCriticalSection

  Block 2728: KERNELBASE.dll!FlsSetValue

  Block 2729: ntdll.dll!RtlFlsSetValue

  Block 2731: ucrtbase.dll!_o__register_onexit_function

  Block 2732: KERNELBASE.dll!FlsSetValue

  Block 2733: ntdll.dll!RtlFlsSetValue

  Block 2734: ucrtbase.dll!_register_onexit_function

  Block 2735: KERNELBASE.dll!GetLastError

  Block 2736: KERNELBASE.dll!FlsGetValue

  Block 2737: ntdll.dll!RtlFlsGetValue

  Block 2738: ntdll.dll!RtlSetLastWin32Error

  Block 2739: ntdll.dll!RtlEnterCriticalSection

  Block 2740: ntdll.dll!RtlLeaveCriticalSection

  Block 2741: KERNELBASE.dll!FlsSetValue

  Block 2742: ntdll.dll!RtlFlsSetValue

  Block 2744: ucrtbase.dll!_o__register_onexit_function

  Block 2745: KERNELBASE.dll!FlsSetValue

  Block 2746: ntdll.dll!RtlFlsSetValue

  Block 2747: ucrtbase.dll!_register_onexit_function

  Block 2748: KERNELBASE.dll!GetLastError

  Block 2749: KERNELBASE.dll!FlsGetValue

  Block 2750: ntdll.dll!RtlFlsGetValue

  Block 2751: ntdll.dll!RtlSetLastWin32Error

  Block 2752: ntdll.dll!RtlEnterCriticalSection

  Block 2753: ntdll.dll!RtlLeaveCriticalSection

  Block 2754: KERNELBASE.dll!FlsSetValue

  Block 2755: ntdll.dll!RtlFlsSetValue

  Block 2756: ucrtbase.dll!_o__register_onexit_function

  Block 2757: KERNELBASE.dll!FlsSetValue

  Block 2758: ntdll.dll!RtlFlsSetValue

  Block 2759: ucrtbase.dll!_register_onexit_function

  Block 2760: KERNELBASE.dll!GetLastError

  Block 2761: KERNELBASE.dll!FlsGetValue

  Block 2762: ntdll.dll!RtlFlsGetValue

  Block 2763: ntdll.dll!RtlSetLastWin32Error

  Block 2764: ntdll.dll!RtlEnterCriticalSection

  Block 2765: ntdll.dll!RtlSizeHeap

  Block 2766: ucrtbase.dll!_realloc_base

  Block 2767: ntdll.dll!RtlReAllocateHeap

  Block 2768: ntdll.dll!RtlTryEnterCriticalSection

  Block 2769: ntdll.dll!RtlAllocateHeap

  Block 2770: ntdll.dll!RtlLeaveCriticalSection

  Block 2771: ntdll.dll!memmove

  Block 2772: ntdll.dll!RtlFreeHeap

  Block 2773: ntdll.dll!RtlTryEnterCriticalSection

  Block 2775: ucrtbase.dll!_free_base

  Block 2776: ntdll.dll!RtlLeaveCriticalSection

  Block 2777: KERNELBASE.dll!FlsSetValue

  Block 2778: ntdll.dll!RtlFlsSetValue

  Block 2779: ucrtbase.dll!_o__register_onexit_function

  Block 2780: KERNELBASE.dll!FlsSetValue

  Block 2781: ntdll.dll!RtlFlsSetValue

  Block 2782: ucrtbase.dll!_register_onexit_function

  Block 2783: KERNELBASE.dll!GetLastError

  Block 2784: KERNELBASE.dll!FlsGetValue

  Block 2785: ntdll.dll!RtlFlsGetValue

  Block 2786: ntdll.dll!RtlSetLastWin32Error

  Block 2787: ntdll.dll!RtlEnterCriticalSection

  Block 2788: ntdll.dll!RtlLeaveCriticalSection

  Block 2789: KERNELBASE.dll!FlsSetValue

  Block 2790: ntdll.dll!RtlFlsSetValue

  Block 2792: ucrtbase.dll!_o__register_onexit_function

  Block 2793: KERNELBASE.dll!FlsSetValue

  Block 2794: ntdll.dll!RtlFlsSetValue

  Block 2795: ucrtbase.dll!_register_onexit_function

  Block 2796: KERNELBASE.dll!GetLastError

  Block 2797: KERNELBASE.dll!FlsGetValue

  Block 2798: ntdll.dll!RtlFlsGetValue

  Block 2799: ntdll.dll!RtlSetLastWin32Error

  Block 2800: ntdll.dll!RtlEnterCriticalSection

  Block 2801: ntdll.dll!RtlLeaveCriticalSection

  Block 2802: KERNELBASE.dll!FlsSetValue

  Block 2803: ntdll.dll!RtlFlsSetValue

  Block 2804: ucrtbase.dll!_o__register_onexit_function

  Block 2805: KERNELBASE.dll!FlsSetValue

  Block 2806: ntdll.dll!RtlFlsSetValue

  Block 2807: ucrtbase.dll!_register_onexit_function

  Block 2808: KERNELBASE.dll!GetLastError

  Block 2809: KERNELBASE.dll!FlsGetValue

  Block 2810: ntdll.dll!RtlFlsGetValue

  Block 2811: ntdll.dll!RtlSetLastWin32Error

  Block 2812: ntdll.dll!RtlEnterCriticalSection

  Block 2813: ntdll.dll!RtlLeaveCriticalSection

  Block 2814: KERNELBASE.dll!FlsSetValue

  Block 2815: ntdll.dll!RtlFlsSetValue

  Block 2816: ucrtbase.dll!_o__register_onexit_function

  Block 2817: KERNELBASE.dll!FlsSetValue

  Block 2818: ntdll.dll!RtlFlsSetValue

  Block 2819: ucrtbase.dll!_register_onexit_function

  Block 2820: KERNELBASE.dll!GetLastError

  Block 2821: KERNELBASE.dll!FlsGetValue

  Block 2822: ntdll.dll!RtlFlsGetValue

  Block 2823: ntdll.dll!RtlSetLastWin32Error

  Block 2824: ntdll.dll!RtlEnterCriticalSection

  Block 2825: ntdll.dll!RtlLeaveCriticalSection

  Block 2826: KERNELBASE.dll!FlsSetValue

  Block 2827: ntdll.dll!RtlFlsSetValue

  Block 2828: ucrtbase.dll!_o__register_onexit_function

  Block 2829: KERNELBASE.dll!FlsSetValue

  Block 2830: ntdll.dll!RtlFlsSetValue

  Block 2831: ucrtbase.dll!_register_onexit_function

  Block 2832: KERNELBASE.dll!GetLastError

  Block 2833: KERNELBASE.dll!FlsGetValue

  Block 2834: ntdll.dll!RtlFlsGetValue

  Block 2835: ntdll.dll!RtlSetLastWin32Error

  Block 2836: ntdll.dll!RtlEnterCriticalSection

  Block 2837: ntdll.dll!RtlLeaveCriticalSection

  Block 2838: KERNELBASE.dll!FlsSetValue

  Block 2839: ntdll.dll!RtlFlsSetValue

  Block 2840: ucrtbase.dll!_o__register_onexit_function

  Block 2841: KERNELBASE.dll!FlsSetValue

  Block 2842: ntdll.dll!RtlFlsSetValue

  Block 2843: ucrtbase.dll!_register_onexit_function

  Block 2844: KERNELBASE.dll!GetLastError

  Block 2845: KERNELBASE.dll!FlsGetValue

  Block 2846: ntdll.dll!RtlFlsGetValue

  Block 2847: ntdll.dll!RtlSetLastWin32Error

  Block 2848: ntdll.dll!RtlEnterCriticalSection

  Block 2849: ntdll.dll!RtlLeaveCriticalSection

  Block 2850: KERNELBASE.dll!FlsSetValue

  Block 2851: ntdll.dll!RtlFlsSetValue

  Block 2852: ucrtbase.dll!_o__register_onexit_function

  Block 2853: KERNELBASE.dll!FlsSetValue

  Block 2854: ntdll.dll!RtlFlsSetValue

  Block 2855: ucrtbase.dll!_register_onexit_function

  Block 2856: KERNELBASE.dll!GetLastError

  Block 2857: KERNELBASE.dll!FlsGetValue

  Block 2858: ntdll.dll!RtlFlsGetValue

  Block 2859: ntdll.dll!RtlSetLastWin32Error

  Block 2860: ntdll.dll!RtlEnterCriticalSection

  Block 2861: ntdll.dll!RtlLeaveCriticalSection

  Block 2862: KERNELBASE.dll!FlsSetValue

  Block 2863: ntdll.dll!RtlFlsSetValue

  Block 2864: ucrtbase.dll!_o__register_onexit_function

  Block 2865: KERNELBASE.dll!FlsSetValue

  Block 2866: ntdll.dll!RtlFlsSetValue

  Block 2867: ucrtbase.dll!_register_onexit_function

  Block 2868: KERNELBASE.dll!GetLastError

  Block 2869: KERNELBASE.dll!FlsGetValue

  Block 2870: ntdll.dll!RtlFlsGetValue

  Block 2871: ntdll.dll!RtlSetLastWin32Error

  Block 2872: ntdll.dll!RtlEnterCriticalSection

  Block 2873: ntdll.dll!RtlLeaveCriticalSection

  Block 2874: KERNELBASE.dll!FlsSetValue

  Block 2875: ntdll.dll!RtlFlsSetValue

  Block 2876: ucrtbase.dll!_o__register_onexit_function

  Block 2877: KERNELBASE.dll!FlsSetValue

  Block 2878: ntdll.dll!RtlFlsSetValue

  Block 2879: ucrtbase.dll!_register_onexit_function

  Block 2880: KERNELBASE.dll!GetLastError

  Block 2881: KERNELBASE.dll!FlsGetValue

  Block 2882: ntdll.dll!RtlFlsGetValue

  Block 2883: ntdll.dll!RtlSetLastWin32Error

  Block 2884: ntdll.dll!RtlEnterCriticalSection

  Block 2885: ntdll.dll!RtlLeaveCriticalSection

  Block 2886: KERNELBASE.dll!FlsSetValue

  Block 2887: ntdll.dll!RtlFlsSetValue

  Block 2888: ucrtbase.dll!_o__register_onexit_function

  Block 2889: KERNELBASE.dll!FlsSetValue

  Block 2890: ntdll.dll!RtlFlsSetValue

  Block 2891: ucrtbase.dll!_register_onexit_function

  Block 2892: KERNELBASE.dll!GetLastError

  Block 2893: KERNELBASE.dll!FlsGetValue

  Block 2894: ntdll.dll!RtlFlsGetValue

  Block 2895: ntdll.dll!RtlSetLastWin32Error

  Block 2896: ntdll.dll!RtlEnterCriticalSection

  Block 2897: ntdll.dll!RtlLeaveCriticalSection

  Block 2898: KERNELBASE.dll!FlsSetValue

  Block 2899: ntdll.dll!RtlFlsSetValue

  Block 2900: ucrtbase.dll!_o__register_onexit_function

  Block 2901: KERNELBASE.dll!FlsSetValue

  Block 2902: ntdll.dll!RtlFlsSetValue

  Block 2903: ucrtbase.dll!_register_onexit_function

  Block 2904: KERNELBASE.dll!GetLastError

  Block 2905: KERNELBASE.dll!FlsGetValue

  Block 2906: ntdll.dll!RtlFlsGetValue

  Block 2907: ntdll.dll!RtlSetLastWin32Error

  Block 2908: ntdll.dll!RtlEnterCriticalSection

  Block 2909: ntdll.dll!RtlLeaveCriticalSection

  Block 2910: KERNELBASE.dll!FlsSetValue

  Block 2911: ntdll.dll!RtlFlsSetValue

  Block 2912: ucrtbase.dll!_o__register_onexit_function

  Block 2913: KERNELBASE.dll!FlsSetValue

  Block 2914: ntdll.dll!RtlFlsSetValue

  Block 2915: ucrtbase.dll!_register_onexit_function

  Block 2916: KERNELBASE.dll!GetLastError

  Block 2917: KERNELBASE.dll!FlsGetValue

  Block 2918: ntdll.dll!RtlFlsGetValue

  Block 2919: ntdll.dll!RtlSetLastWin32Error

  Block 2920: ntdll.dll!RtlEnterCriticalSection

  Block 2921: ntdll.dll!RtlLeaveCriticalSection

  Block 2922: KERNELBASE.dll!FlsSetValue

  Block 2923: ntdll.dll!RtlFlsSetValue

  Block 2924: ucrtbase.dll!_o__register_onexit_function

  Block 2925: KERNELBASE.dll!FlsSetValue

  Block 2926: ntdll.dll!RtlFlsSetValue

  Block 2927: ucrtbase.dll!_register_onexit_function

  Block 2928: KERNELBASE.dll!GetLastError

  Block 2929: KERNELBASE.dll!FlsGetValue

  Block 2930: ntdll.dll!RtlFlsGetValue

  Block 2931: ntdll.dll!RtlSetLastWin32Error

  Block 2932: ntdll.dll!RtlEnterCriticalSection

  Block 2933: ntdll.dll!RtlLeaveCriticalSection

  Block 2934: KERNELBASE.dll!FlsSetValue

  Block 2935: ntdll.dll!RtlFlsSetValue

  Block 2937: ucrtbase.dll!_o__register_onexit_function

  Block 2938: KERNELBASE.dll!FlsSetValue

  Block 2939: ntdll.dll!RtlFlsSetValue

  Block 2940: ucrtbase.dll!_register_onexit_function

  Block 2941: KERNELBASE.dll!GetLastError

  Block 2942: KERNELBASE.dll!FlsGetValue

  Block 2943: ntdll.dll!RtlFlsGetValue

  Block 2944: ntdll.dll!RtlSetLastWin32Error

  Block 2945: ntdll.dll!RtlEnterCriticalSection

  Block 2946: ntdll.dll!RtlLeaveCriticalSection

  Block 2947: KERNELBASE.dll!FlsSetValue

  Block 2948: ntdll.dll!RtlFlsSetValue

  Block 2950: ucrtbase.dll!_o__register_onexit_function

  Block 2951: KERNELBASE.dll!FlsSetValue

  Block 2952: ntdll.dll!RtlFlsSetValue

  Block 2953: ucrtbase.dll!_register_onexit_function

  Block 2954: KERNELBASE.dll!GetLastError

  Block 2955: KERNELBASE.dll!FlsGetValue

  Block 2956: ntdll.dll!RtlFlsGetValue

  Block 2957: ntdll.dll!RtlSetLastWin32Error

  Block 2958: ntdll.dll!RtlEnterCriticalSection

  Block 2959: ntdll.dll!RtlLeaveCriticalSection

  Block 2960: KERNELBASE.dll!FlsSetValue

  Block 2961: ntdll.dll!RtlFlsSetValue

  Block 2962: ucrtbase.dll!_o__register_onexit_function

  Block 2963: KERNELBASE.dll!FlsSetValue

  Block 2964: ntdll.dll!RtlFlsSetValue

  Block 2965: ucrtbase.dll!_register_onexit_function

  Block 2966: KERNELBASE.dll!GetLastError

  Block 2967: KERNELBASE.dll!FlsGetValue

  Block 2968: ntdll.dll!RtlFlsGetValue

  Block 2969: ntdll.dll!RtlSetLastWin32Error

  Block 2970: ntdll.dll!RtlEnterCriticalSection

  Block 2971: ntdll.dll!RtlLeaveCriticalSection

  Block 2972: KERNELBASE.dll!FlsSetValue

  Block 2973: ntdll.dll!RtlFlsSetValue

  Block 2974: ucrtbase.dll!_o__register_onexit_function

  Block 2975: KERNELBASE.dll!FlsSetValue

  Block 2976: ntdll.dll!RtlFlsSetValue

  Block 2977: ucrtbase.dll!_register_onexit_function

  Block 2978: KERNELBASE.dll!GetLastError

  Block 2979: KERNELBASE.dll!FlsGetValue

  Block 2980: ntdll.dll!RtlFlsGetValue

  Block 2981: ntdll.dll!RtlSetLastWin32Error

  Block 2982: ntdll.dll!RtlEnterCriticalSection

  Block 2983: ntdll.dll!RtlLeaveCriticalSection

  Block 2984: KERNELBASE.dll!FlsSetValue

  Block 2985: ntdll.dll!RtlFlsSetValue

  Block 2986: KERNELBASE.dll!RegOpenKeyExW

  Block 2987: KERNELBASE.dll!RegOpenKeyExInternalW

  Block 2988: KERNELBASE.dll!MapPredefinedHandleInternal

  Block 2989: ntdll.dll!RtlGetCurrentTransaction

  Block 2990: ntdll.dll!RtlSetCurrentTransaction

  Block 2991: ntdll.dll!RtlAcquireSRWLockExclusive

  Block 2992: ntdll.dll!RtlReleaseSRWLockExclusive

  Block 2993: ntdll.dll!RtlSetCurrentTransaction

  Block 2994: ntdll.dll!RtlInitUnicodeStringEx

  Block 2995: ntdll.dll!ZwQueryKey

  Block 2996: ntdll.dll!ZwOpenKeyEx

  Block 2998: ntdll.dll!RtlAcquireSRWLockExclusive

  Block 2999: ntdll.dll!RtlReleaseSRWLockExclusive

  Block 3000: KERNELBASE.dll!RegQueryValueExW

  Block 3001: KERNELBASE.dll!MapPredefinedHandleInternal

  Block 3002: ntdll.dll!RtlInitUnicodeStringEx

  Block 3003: ntdll.dll!ZwQueryValueKey

  Block 3004: ntdll.dll!RtlNtStatusToDosError

  Block 3005: KERNELBASE.dll!RegCloseKey

  Block 3006: ntdll.dll!SbSelectProcedure

  Block 3007: ntdll.dll!memset

  Block 3008: ntdll.dll!ZwClose

  Block 3009: KERNELBASE.dll!RegOpenKeyExW

  Block 3010: KERNELBASE.dll!RegOpenKeyExInternalW

  Block 3011: KERNELBASE.dll!MapPredefinedHandleInternal

  Block 3012: ntdll.dll!RtlGetCurrentTransaction

  Block 3013: ntdll.dll!RtlSetCurrentTransaction

  Block 3014: ntdll.dll!RtlAcquireSRWLockExclusive

  Block 3015: ntdll.dll!RtlReleaseSRWLockExclusive

  Block 3016: ntdll.dll!RtlSetCurrentTransaction

  Block 3017: ntdll.dll!RtlInitUnicodeStringEx

  Block 3018: ntdll.dll!ZwQueryKey

  Block 3019: ntdll.dll!ZwOpenKeyEx

  Block 3021: ntdll.dll!RtlAcquireSRWLockExclusive

  Block 3022: ntdll.dll!RtlReleaseSRWLockExclusive

  Block 3023: KERNELBASE.dll!RegQueryValueExW

  Block 3024: KERNELBASE.dll!MapPredefinedHandleInternal

  Block 3025: ntdll.dll!RtlInitUnicodeStringEx

  Block 3026: ntdll.dll!ZwQueryValueKey

  Block 3027: ntdll.dll!RtlNtStatusToDosError

  Block 3028: KERNELBASE.dll!RegCloseKey

  Block 3029: ntdll.dll!SbSelectProcedure

  Block 3030: ntdll.dll!memset

  Block 3031: ntdll.dll!ZwClose

  Block 3032: KERNELBASE.dll!RegOpenKeyExW

  Block 3033: KERNELBASE.dll!RegOpenKeyExInternalW

  Block 3034: KERNELBASE.dll!MapPredefinedHandleInternal

  Block 3035: ntdll.dll!RtlGetCurrentTransaction

  Block 3036: ntdll.dll!RtlSetCurrentTransaction

  Block 3037: ntdll.dll!RtlAcquireSRWLockExclusive

  Block 3038: ntdll.dll!RtlReleaseSRWLockExclusive

  Block 3039: ntdll.dll!RtlSetCurrentTransaction

  Block 3040: ntdll.dll!RtlInitUnicodeStringEx

  Block 3041: ntdll.dll!ZwQueryKey

  Block 3042: ntdll.dll!ZwOpenKeyEx

  Block 3044: ntdll.dll!RtlAcquireSRWLockExclusive

  Block 3045: ntdll.dll!RtlReleaseSRWLockExclusive

  Block 3046: KERNELBASE.dll!RegQueryValueExW

  Block 3047: KERNELBASE.dll!MapPredefinedHandleInternal

  Block 3048: ntdll.dll!RtlInitUnicodeStringEx

  Block 3049: ntdll.dll!ZwQueryValueKey

  Block 3050: ntdll.dll!RtlNtStatusToDosError

  Block 3051: KERNELBASE.dll!RegCloseKey

  Block 3052: ntdll.dll!SbSelectProcedure

  Block 3053: ntdll.dll!memset

  Block 3054: ntdll.dll!ZwClose

  Block 3055: ucrtbase.dll!_o__register_onexit_function

  Block 3056: KERNELBASE.dll!FlsSetValue

  Block 3057: ntdll.dll!RtlFlsSetValue

  Block 3058: ucrtbase.dll!_register_onexit_function

  Block 3059: KERNELBASE.dll!GetLastError

  Block 3060: KERNELBASE.dll!FlsGetValue

  Block 3061: ntdll.dll!RtlFlsGetValue

  Block 3062: ntdll.dll!RtlSetLastWin32Error

  Block 3063: ntdll.dll!RtlEnterCriticalSection

  Block 3064: ntdll.dll!RtlLeaveCriticalSection

  Block 3065: KERNELBASE.dll!FlsSetValue

  Block 3066: ntdll.dll!RtlFlsSetValue

  Block 3067: ucrtbase.dll!_o__register_onexit_function

  Block 3068: KERNELBASE.dll!FlsSetValue

  Block 3069: ntdll.dll!RtlFlsSetValue

  Block 3070: ucrtbase.dll!_register_onexit_function

  Block 3071: KERNELBASE.dll!GetLastError

  Block 3072: KERNELBASE.dll!FlsGetValue

  Block 3073: ntdll.dll!RtlFlsGetValue

  Block 3074: ntdll.dll!RtlSetLastWin32Error

  Block 3075: ntdll.dll!RtlEnterCriticalSection

  Block 3076: ntdll.dll!RtlLeaveCriticalSection

  Block 3077: KERNELBASE.dll!FlsSetValue

  Block 3078: ntdll.dll!RtlFlsSetValue

  Block 3079: ucrtbase.dll!_o__register_onexit_function

  Block 3080: KERNELBASE.dll!FlsSetValue

  Block 3081: ntdll.dll!RtlFlsSetValue

  Block 3082: ucrtbase.dll!_register_onexit_function

  Block 3083: KERNELBASE.dll!GetLastError

  Block 3084: KERNELBASE.dll!FlsGetValue

  Block 3085: ntdll.dll!RtlFlsGetValue

  Block 3086: ntdll.dll!RtlSetLastWin32Error

  Block 3087: ntdll.dll!RtlEnterCriticalSection

  Block 3088: ntdll.dll!RtlLeaveCriticalSection

  Block 3089: KERNELBASE.dll!FlsSetValue

  Block 3090: ntdll.dll!RtlFlsSetValue

  Block 3091: ucrtbase.dll!_o__register_onexit_function

  Block 3092: KERNELBASE.dll!FlsSetValue

  Block 3093: ntdll.dll!RtlFlsSetValue

  Block 3094: ucrtbase.dll!_register_onexit_function

  Block 3095: KERNELBASE.dll!GetLastError

  Block 3096: KERNELBASE.dll!FlsGetValue

  Block 3097: ntdll.dll!RtlFlsGetValue

  Block 3098: ntdll.dll!RtlSetLastWin32Error

  Block 3099: ntdll.dll!RtlEnterCriticalSection

  Block 3100: ntdll.dll!RtlLeaveCriticalSection

  Block 3101: KERNELBASE.dll!FlsSetValue

  Block 3102: ntdll.dll!RtlFlsSetValue

  Block 3103: ucrtbase.dll!_o__register_onexit_function

  Block 3104: KERNELBASE.dll!FlsSetValue

  Block 3105: ntdll.dll!RtlFlsSetValue

  Block 3106: ucrtbase.dll!_register_onexit_function

  Block 3107: KERNELBASE.dll!GetLastError

  Block 3108: KERNELBASE.dll!FlsGetValue

  Block 3109: ntdll.dll!RtlFlsGetValue

  Block 3110: ntdll.dll!RtlSetLastWin32Error

  Block 3111: ntdll.dll!RtlEnterCriticalSection

  Block 3112: ntdll.dll!RtlLeaveCriticalSection

  Block 3113: KERNELBASE.dll!FlsSetValue

  Block 3114: ntdll.dll!RtlFlsSetValue

  Block 3115: ucrtbase.dll!_o__register_onexit_function

  Block 3116: KERNELBASE.dll!FlsSetValue

  Block 3117: ntdll.dll!RtlFlsSetValue

  Block 3118: ucrtbase.dll!_register_onexit_function

  Block 3119: KERNELBASE.dll!GetLastError

  Block 3120: KERNELBASE.dll!FlsGetValue

  Block 3121: ntdll.dll!RtlFlsGetValue

  Block 3122: ntdll.dll!RtlSetLastWin32Error

  Block 3123: ntdll.dll!RtlEnterCriticalSection

  Block 3124: ntdll.dll!RtlLeaveCriticalSection

  Block 3125: KERNELBASE.dll!FlsSetValue

  Block 3126: ntdll.dll!RtlFlsSetValue

  Block 3127: ucrtbase.dll!_o__register_onexit_function

  Block 3128: KERNELBASE.dll!FlsSetValue

  Block 3129: ntdll.dll!RtlFlsSetValue

  Block 3130: ucrtbase.dll!_register_onexit_function

  Block 3131: KERNELBASE.dll!GetLastError

  Block 3132: KERNELBASE.dll!FlsGetValue

  Block 3133: ntdll.dll!RtlFlsGetValue

  Block 3134: ntdll.dll!RtlSetLastWin32Error

  Block 3135: ntdll.dll!RtlEnterCriticalSection

  Block 3136: ntdll.dll!RtlLeaveCriticalSection

  Block 3137: KERNELBASE.dll!FlsSetValue

  Block 3138: ntdll.dll!RtlFlsSetValue

  Block 3139: ucrtbase.dll!_o__register_onexit_function

  Block 3140: KERNELBASE.dll!FlsSetValue

  Block 3141: ntdll.dll!RtlFlsSetValue

  Block 3142: ucrtbase.dll!_register_onexit_function

  Block 3143: KERNELBASE.dll!GetLastError

  Block 3144: KERNELBASE.dll!FlsGetValue

  Block 3145: ntdll.dll!RtlFlsGetValue

  Block 3146: ntdll.dll!RtlSetLastWin32Error

  Block 3147: ntdll.dll!RtlEnterCriticalSection

  Block 3148: ntdll.dll!RtlLeaveCriticalSection

  Block 3149: KERNELBASE.dll!FlsSetValue

  Block 3150: ntdll.dll!RtlFlsSetValue

  Block 3151: ucrtbase.dll!_o__register_onexit_function

  Block 3152: KERNELBASE.dll!FlsSetValue

  Block 3153: ntdll.dll!RtlFlsSetValue

  Block 3154: ucrtbase.dll!_register_onexit_function

  Block 3155: KERNELBASE.dll!GetLastError

  Block 3156: KERNELBASE.dll!FlsGetValue

  Block 3157: ntdll.dll!RtlFlsGetValue

  Block 3158: ntdll.dll!RtlSetLastWin32Error

  Block 3159: ntdll.dll!RtlEnterCriticalSection

  Block 3160: ntdll.dll!RtlLeaveCriticalSection

  Block 3161: KERNELBASE.dll!FlsSetValue

  Block 3162: ntdll.dll!RtlFlsSetValue

  Block 3163: ucrtbase.dll!_o__register_onexit_function

  Block 3164: KERNELBASE.dll!FlsSetValue

  Block 3165: ntdll.dll!RtlFlsSetValue

  Block 3166: ucrtbase.dll!_register_onexit_function

  Block 3167: KERNELBASE.dll!GetLastError

  Block 3168: KERNELBASE.dll!FlsGetValue

  Block 3169: ntdll.dll!RtlFlsGetValue

  Block 3170: ntdll.dll!RtlSetLastWin32Error

  Block 3171: ntdll.dll!RtlEnterCriticalSection

  Block 3172: ntdll.dll!RtlLeaveCriticalSection

  Block 3173: KERNELBASE.dll!FlsSetValue

  Block 3174: ntdll.dll!RtlFlsSetValue

  Block 3175: ucrtbase.dll!_o__register_onexit_function

  Block 3176: KERNELBASE.dll!FlsSetValue

  Block 3177: ntdll.dll!RtlFlsSetValue

  Block 3178: ucrtbase.dll!_register_onexit_function

  Block 3179: KERNELBASE.dll!GetLastError

  Block 3180: KERNELBASE.dll!FlsGetValue

  Block 3181: ntdll.dll!RtlFlsGetValue

  Block 3182: ntdll.dll!RtlSetLastWin32Error

  Block 3183: ntdll.dll!RtlEnterCriticalSection

  Block 3184: ntdll.dll!RtlLeaveCriticalSection

  Block 3185: KERNELBASE.dll!FlsSetValue

  Block 3186: ntdll.dll!RtlFlsSetValue

  Block 3187: ucrtbase.dll!_o__register_onexit_function

  Block 3188: KERNELBASE.dll!FlsSetValue

  Block 3189: ntdll.dll!RtlFlsSetValue

  Block 3190: ucrtbase.dll!_register_onexit_function

  Block 3191: KERNELBASE.dll!GetLastError

  Block 3192: KERNELBASE.dll!FlsGetValue

  Block 3193: ntdll.dll!RtlFlsGetValue

  Block 3194: ntdll.dll!RtlSetLastWin32Error

  Block 3195: ntdll.dll!RtlEnterCriticalSection

  Block 3196: ntdll.dll!RtlLeaveCriticalSection

  Block 3197: KERNELBASE.dll!FlsSetValue

  Block 3198: ntdll.dll!RtlFlsSetValue

  Block 3199: ucrtbase.dll!_o__register_onexit_function

  Block 3200: KERNELBASE.dll!FlsSetValue

  Block 3201: ntdll.dll!RtlFlsSetValue

  Block 3202: ucrtbase.dll!_register_onexit_function

  Block 3203: KERNELBASE.dll!GetLastError

  Block 3204: KERNELBASE.dll!FlsGetValue

  Block 3205: ntdll.dll!RtlFlsGetValue

  Block 3206: ntdll.dll!RtlSetLastWin32Error

  Block 3207: ntdll.dll!RtlEnterCriticalSection

  Block 3208: ntdll.dll!RtlLeaveCriticalSection

  Block 3209: KERNELBASE.dll!FlsSetValue

  Block 3210: ntdll.dll!RtlFlsSetValue

  Block 3211: ucrtbase.dll!_o__register_onexit_function

  Block 3212: KERNELBASE.dll!FlsSetValue

  Block 3213: ntdll.dll!RtlFlsSetValue

  Block 3214: ucrtbase.dll!_register_onexit_function

  Block 3215: KERNELBASE.dll!GetLastError

  Block 3216: KERNELBASE.dll!FlsGetValue

  Block 3217: ntdll.dll!RtlFlsGetValue

  Block 3218: ntdll.dll!RtlSetLastWin32Error

  Block 3219: ntdll.dll!RtlEnterCriticalSection

  Block 3220: ntdll.dll!RtlLeaveCriticalSection

  Block 3221: KERNELBASE.dll!FlsSetValue

  Block 3222: ntdll.dll!RtlFlsSetValue

  Block 3224: ucrtbase.dll!_o__register_onexit_function

  Block 3225: KERNELBASE.dll!FlsSetValue

  Block 3226: ntdll.dll!RtlFlsSetValue

  Block 3227: ucrtbase.dll!_register_onexit_function

  Block 3228: KERNELBASE.dll!GetLastError

  Block 3229: KERNELBASE.dll!FlsGetValue

  Block 3230: ntdll.dll!RtlFlsGetValue

  Block 3231: ntdll.dll!RtlSetLastWin32Error

  Block 3232: ntdll.dll!RtlEnterCriticalSection

  Block 3233: ntdll.dll!RtlLeaveCriticalSection

  Block 3234: KERNELBASE.dll!FlsSetValue

  Block 3235: ntdll.dll!RtlFlsSetValue

  Block 3236: ucrtbase.dll!_o__register_onexit_function

  Block 3237: KERNELBASE.dll!FlsSetValue

  Block 3238: ntdll.dll!RtlFlsSetValue

  Block 3239: ucrtbase.dll!_register_onexit_function

  Block 3240: KERNELBASE.dll!GetLastError

  Block 3241: KERNELBASE.dll!FlsGetValue

  Block 3242: ntdll.dll!RtlFlsGetValue

  Block 3243: ntdll.dll!RtlSetLastWin32Error

  Block 3244: ntdll.dll!RtlEnterCriticalSection

  Block 3245: ntdll.dll!RtlLeaveCriticalSection

  Block 3246: KERNELBASE.dll!FlsSetValue

  Block 3247: ntdll.dll!RtlFlsSetValue

  Block 3248: KERNELBASE.dll!InitializeCriticalSectionEx

  Block 3250: ucrtbase.dll!_o__register_onexit_function

  Block 3251: KERNELBASE.dll!FlsSetValue

  Block 3252: ntdll.dll!RtlFlsSetValue

  Block 3253: ucrtbase.dll!_register_onexit_function

  Block 3254: KERNELBASE.dll!GetLastError

  Block 3255: KERNELBASE.dll!FlsGetValue

  Block 3256: ntdll.dll!RtlFlsGetValue

  Block 3257: ntdll.dll!RtlSetLastWin32Error

  Block 3258: ntdll.dll!RtlEnterCriticalSection

  Block 3259: ntdll.dll!RtlLeaveCriticalSection

  Block 3260: KERNELBASE.dll!FlsSetValue

  Block 3261: ntdll.dll!RtlFlsSetValue

  Block 3262: KERNELBASE.dll!InitializeCriticalSectionEx

  Block 3264: ucrtbase.dll!_o__register_onexit_function

  Block 3265: KERNELBASE.dll!FlsSetValue

  Block 3266: ntdll.dll!RtlFlsSetValue

  Block 3267: ucrtbase.dll!_register_onexit_function

  Block 3268: KERNELBASE.dll!GetLastError

  Block 3269: KERNELBASE.dll!FlsGetValue

  Block 3270: ntdll.dll!RtlFlsGetValue

  Block 3271: ntdll.dll!RtlSetLastWin32Error

  Block 3272: ntdll.dll!RtlEnterCriticalSection

  Block 3273: ntdll.dll!RtlLeaveCriticalSection

  Block 3274: KERNELBASE.dll!FlsSetValue

  Block 3275: ntdll.dll!RtlFlsSetValue

  Block 3276: KERNELBASE.dll!InitializeCriticalSectionEx

  Block 3278: ucrtbase.dll!_o__register_onexit_function

  Block 3279: KERNELBASE.dll!FlsSetValue

  Block 3280: ntdll.dll!RtlFlsSetValue

  Block 3281: ucrtbase.dll!_register_onexit_function

  Block 3282: KERNELBASE.dll!GetLastError

  Block 3283: KERNELBASE.dll!FlsGetValue

  Block 3284: ntdll.dll!RtlFlsGetValue

  Block 3285: ntdll.dll!RtlSetLastWin32Error

  Block 3286: ntdll.dll!RtlEnterCriticalSection

  Block 3287: ntdll.dll!RtlLeaveCriticalSection

  Block 3288: KERNELBASE.dll!FlsSetValue

  Block 3289: ntdll.dll!RtlFlsSetValue

  Block 3290: KERNELBASE.dll!InitializeCriticalSectionEx

  Block 3292: ucrtbase.dll!_o__register_onexit_function

  Block 3293: KERNELBASE.dll!FlsSetValue

  Block 3294: ntdll.dll!RtlFlsSetValue

  Block 3295: ucrtbase.dll!_register_onexit_function

  Block 3296: KERNELBASE.dll!GetLastError

  Block 3297: KERNELBASE.dll!FlsGetValue

  Block 3298: ntdll.dll!RtlFlsGetValue

  Block 3299: ntdll.dll!RtlSetLastWin32Error

  Block 3300: ntdll.dll!RtlEnterCriticalSection

  Block 3301: ntdll.dll!RtlLeaveCriticalSection

  Block 3302: KERNELBASE.dll!FlsSetValue

  Block 3303: ntdll.dll!RtlFlsSetValue

  Block 3304: ucrtbase.dll!_o__register_onexit_function

  Block 3305: KERNELBASE.dll!FlsSetValue

  Block 3306: ntdll.dll!RtlFlsSetValue

  Block 3307: ucrtbase.dll!_register_onexit_function

  Block 3308: KERNELBASE.dll!GetLastError

  Block 3309: KERNELBASE.dll!FlsGetValue

  Block 3310: ntdll.dll!RtlFlsGetValue

  Block 3311: ntdll.dll!RtlSetLastWin32Error

  Block 3312: ntdll.dll!RtlEnterCriticalSection

  Block 3313: ntdll.dll!RtlLeaveCriticalSection

  Block 3314: KERNELBASE.dll!FlsSetValue

  Block 3315: ntdll.dll!RtlFlsSetValue

  Block 3316: KERNELBASE.dll!InitializeCriticalSectionEx

  Block 3318: ucrtbase.dll!_o__register_onexit_function

  Block 3319: KERNELBASE.dll!FlsSetValue

  Block 3320: ntdll.dll!RtlFlsSetValue

  Block 3321: ucrtbase.dll!_register_onexit_function

  Block 3322: KERNELBASE.dll!GetLastError

  Block 3323: KERNELBASE.dll!FlsGetValue

  Block 3324: ntdll.dll!RtlFlsGetValue

  Block 3325: ntdll.dll!RtlSetLastWin32Error

  Block 3326: ntdll.dll!RtlEnterCriticalSection

  Block 3327: ntdll.dll!RtlLeaveCriticalSection

  Block 3328: KERNELBASE.dll!FlsSetValue

  Block 3329: ntdll.dll!RtlFlsSetValue

  Block 3330: ucrtbase.dll!_o__register_onexit_function

  Block 3331: KERNELBASE.dll!FlsSetValue

  Block 3332: ntdll.dll!RtlFlsSetValue

  Block 3333: ucrtbase.dll!_register_onexit_function

  Block 3334: KERNELBASE.dll!GetLastError

  Block 3335: KERNELBASE.dll!FlsGetValue

  Block 3336: ntdll.dll!RtlFlsGetValue

  Block 3337: ntdll.dll!RtlSetLastWin32Error

  Block 3338: ntdll.dll!RtlEnterCriticalSection

  Block 3339: ntdll.dll!RtlLeaveCriticalSection

  Block 3340: KERNELBASE.dll!FlsSetValue

  Block 3341: ntdll.dll!RtlFlsSetValue

  Block 3342: ntdll.dll!RtlRunOnceInitialize

  Block 3343: ucrtbase.dll!_o__register_onexit_function

  Block 3344: KERNELBASE.dll!FlsSetValue

  Block 3345: ntdll.dll!RtlFlsSetValue

  Block 3346: ucrtbase.dll!_register_onexit_function

  Block 3347: KERNELBASE.dll!GetLastError

  Block 3348: KERNELBASE.dll!FlsGetValue

  Block 3349: ntdll.dll!RtlFlsGetValue

  Block 3350: ntdll.dll!RtlSetLastWin32Error

  Block 3351: ntdll.dll!RtlEnterCriticalSection

  Block 3352: ntdll.dll!RtlLeaveCriticalSection

  Block 3353: KERNELBASE.dll!FlsSetValue

  Block 3354: ntdll.dll!RtlFlsSetValue

  Block 3355: ucrtbase.dll!_o__register_onexit_function

  Block 3356: KERNELBASE.dll!FlsSetValue

  Block 3357: ntdll.dll!RtlFlsSetValue

  Block 3358: ucrtbase.dll!_register_onexit_function

  Block 3359: KERNELBASE.dll!GetLastError

  Block 3360: KERNELBASE.dll!FlsGetValue

  Block 3361: ntdll.dll!RtlFlsGetValue

  Block 3362: ntdll.dll!RtlSetLastWin32Error

  Block 3363: ntdll.dll!RtlEnterCriticalSection

  Block 3364: ntdll.dll!RtlLeaveCriticalSection

  Block 3365: KERNELBASE.dll!FlsSetValue

  Block 3366: ntdll.dll!RtlFlsSetValue

  Block 3367: ucrtbase.dll!_o__register_onexit_function

  Block 3368: KERNELBASE.dll!FlsSetValue

  Block 3369: ntdll.dll!RtlFlsSetValue

  Block 3370: ucrtbase.dll!_register_onexit_function

  Block 3371: KERNELBASE.dll!GetLastError

  Block 3372: KERNELBASE.dll!FlsGetValue

  Block 3373: ntdll.dll!RtlFlsGetValue

  Block 3374: ntdll.dll!RtlSetLastWin32Error

  Block 3375: ntdll.dll!RtlEnterCriticalSection

  Block 3376: ntdll.dll!RtlLeaveCriticalSection

  Block 3377: KERNELBASE.dll!FlsSetValue

  Block 3378: ntdll.dll!RtlFlsSetValue

  Block 3379: ucrtbase.dll!_o__register_onexit_function

  Block 3380: KERNELBASE.dll!FlsSetValue

  Block 3381: ntdll.dll!RtlFlsSetValue

  Block 3382: ucrtbase.dll!_register_onexit_function

  Block 3383: KERNELBASE.dll!GetLastError

  Block 3384: KERNELBASE.dll!FlsGetValue

  Block 3385: ntdll.dll!RtlFlsGetValue

  Block 3386: ntdll.dll!RtlSetLastWin32Error

  Block 3387: ntdll.dll!RtlEnterCriticalSection

  Block 3388: ntdll.dll!RtlLeaveCriticalSection

  Block 3389: KERNELBASE.dll!FlsSetValue

  Block 3390: ntdll.dll!RtlFlsSetValue

  Block 3391: ucrtbase.dll!_o__register_onexit_function

  Block 3392: KERNELBASE.dll!FlsSetValue

  Block 3393: ntdll.dll!RtlFlsSetValue

  Block 3394: ucrtbase.dll!_register_onexit_function

  Block 3395: KERNELBASE.dll!GetLastError

  Block 3396: KERNELBASE.dll!FlsGetValue

  Block 3397: ntdll.dll!RtlFlsGetValue

  Block 3398: ntdll.dll!RtlSetLastWin32Error

  Block 3399: ntdll.dll!RtlEnterCriticalSection

  Block 3400: ntdll.dll!RtlLeaveCriticalSection

  Block 3401: KERNELBASE.dll!FlsSetValue

  Block 3402: ntdll.dll!RtlFlsSetValue

  Block 3403: ucrtbase.dll!_o__register_onexit_function

  Block 3404: KERNELBASE.dll!FlsSetValue

  Block 3405: ntdll.dll!RtlFlsSetValue

  Block 3406: ucrtbase.dll!_register_onexit_function

  Block 3407: KERNELBASE.dll!GetLastError

  Block 3408: KERNELBASE.dll!FlsGetValue

  Block 3409: ntdll.dll!RtlFlsGetValue

  Block 3410: ntdll.dll!RtlSetLastWin32Error

  Block 3411: ntdll.dll!RtlEnterCriticalSection

  Block 3412: ntdll.dll!RtlLeaveCriticalSection

  Block 3413: KERNELBASE.dll!FlsSetValue

  Block 3414: ntdll.dll!RtlFlsSetValue

  Block 3415: ucrtbase.dll!_o__register_onexit_function

  Block 3416: KERNELBASE.dll!FlsSetValue

  Block 3417: ntdll.dll!RtlFlsSetValue

  Block 3418: ucrtbase.dll!_register_onexit_function

  Block 3419: KERNELBASE.dll!GetLastError

  Block 3420: KERNELBASE.dll!FlsGetValue

  Block 3421: ntdll.dll!RtlFlsGetValue

  Block 3422: ntdll.dll!RtlSetLastWin32Error

  Block 3423: ntdll.dll!RtlEnterCriticalSection

  Block 3424: ntdll.dll!RtlLeaveCriticalSection

  Block 3425: KERNELBASE.dll!FlsSetValue

  Block 3426: ntdll.dll!RtlFlsSetValue

  Block 3427: ucrtbase.dll!_o__register_onexit_function

  Block 3428: KERNELBASE.dll!FlsSetValue

  Block 3429: ntdll.dll!RtlFlsSetValue

  Block 3430: ucrtbase.dll!_register_onexit_function

  Block 3431: KERNELBASE.dll!GetLastError

  Block 3432: KERNELBASE.dll!FlsGetValue

  Block 3433: ntdll.dll!RtlFlsGetValue

  Block 3434: ntdll.dll!RtlSetLastWin32Error

  Block 3435: ntdll.dll!RtlEnterCriticalSection

  Block 3436: ntdll.dll!RtlLeaveCriticalSection

  Block 3437: KERNELBASE.dll!FlsSetValue

  Block 3438: ntdll.dll!RtlFlsSetValue

  Block 3439: KERNELBASE.dll!GetTickCount64

  Block 3440: ntdll.dll!RtlRunOnceInitialize

  Block 3441: ucrtbase.dll!_o__register_onexit_function

  Block 3442: KERNELBASE.dll!FlsSetValue

  Block 3443: ntdll.dll!RtlFlsSetValue

  Block 3444: ucrtbase.dll!_register_onexit_function

  Block 3445: KERNELBASE.dll!GetLastError

  Block 3446: KERNELBASE.dll!FlsGetValue

  Block 3447: ntdll.dll!RtlFlsGetValue

  Block 3448: ntdll.dll!RtlSetLastWin32Error

  Block 3449: ntdll.dll!RtlEnterCriticalSection

  Block 3450: ntdll.dll!RtlLeaveCriticalSection

  Block 3451: KERNELBASE.dll!FlsSetValue

  Block 3452: ntdll.dll!RtlFlsSetValue

  Block 3455: ucrtbase.dll!_o__register_onexit_function

  Block 3456: KERNELBASE.dll!FlsSetValue

  Block 3457: ntdll.dll!RtlFlsSetValue

  Block 3458: ucrtbase.dll!_register_onexit_function

  Block 3459: KERNELBASE.dll!GetLastError

  Block 3460: KERNELBASE.dll!FlsGetValue

  Block 3461: ntdll.dll!RtlFlsGetValue

  Block 3462: ntdll.dll!RtlSetLastWin32Error

  Block 3463: ntdll.dll!RtlEnterCriticalSection

  Block 3464: ntdll.dll!RtlLeaveCriticalSection

  Block 3465: KERNELBASE.dll!FlsSetValue

  Block 3466: ntdll.dll!RtlFlsSetValue

  Block 3468: ucrtbase.dll!_o__register_onexit_function

  Block 3469: KERNELBASE.dll!FlsSetValue

  Block 3470: ntdll.dll!RtlFlsSetValue

  Block 3471: ucrtbase.dll!_register_onexit_function

  Block 3472: KERNELBASE.dll!GetLastError

  Block 3473: KERNELBASE.dll!FlsGetValue

  Block 3474: ntdll.dll!RtlFlsGetValue

  Block 3475: ntdll.dll!RtlSetLastWin32Error

  Block 3476: ntdll.dll!RtlEnterCriticalSection

  Block 3477: ntdll.dll!RtlLeaveCriticalSection

  Block 3478: KERNELBASE.dll!FlsSetValue

  Block 3479: ntdll.dll!RtlFlsSetValue

  Block 3480: ucrtbase.dll!_o__register_onexit_function

  Block 3481: KERNELBASE.dll!FlsSetValue

  Block 3482: ntdll.dll!RtlFlsSetValue

  Block 3483: ucrtbase.dll!_register_onexit_function

  Block 3484: KERNELBASE.dll!GetLastError

  Block 3485: KERNELBASE.dll!FlsGetValue

  Block 3486: ntdll.dll!RtlFlsGetValue

  Block 3487: ntdll.dll!RtlSetLastWin32Error

  Block 3488: ntdll.dll!RtlEnterCriticalSection

  Block 3489: ntdll.dll!RtlLeaveCriticalSection

  Block 3490: KERNELBASE.dll!FlsSetValue

  Block 3491: ntdll.dll!RtlFlsSetValue

  Block 3493: ucrtbase.dll!_o__register_onexit_function

  Block 3494: KERNELBASE.dll!FlsSetValue

  Block 3495: ntdll.dll!RtlFlsSetValue

  Block 3496: ucrtbase.dll!_register_onexit_function

  Block 3497: KERNELBASE.dll!GetLastError

  Block 3498: KERNELBASE.dll!FlsGetValue

  Block 3499: ntdll.dll!RtlFlsGetValue

  Block 3500: ntdll.dll!RtlSetLastWin32Error

  Block 3501: ntdll.dll!RtlEnterCriticalSection

  Block 3502: ntdll.dll!RtlLeaveCriticalSection

  Block 3503: KERNELBASE.dll!FlsSetValue

  Block 3504: ntdll.dll!RtlFlsSetValue

  Block 3506: ucrtbase.dll!_o__register_onexit_function

  Block 3507: KERNELBASE.dll!FlsSetValue

  Block 3508: ntdll.dll!RtlFlsSetValue

  Block 3509: ucrtbase.dll!_register_onexit_function

  Block 3510: KERNELBASE.dll!GetLastError

  Block 3511: KERNELBASE.dll!FlsGetValue

  Block 3512: ntdll.dll!RtlFlsGetValue

  Block 3513: ntdll.dll!RtlSetLastWin32Error

  Block 3514: ntdll.dll!RtlEnterCriticalSection

  Block 3515: ntdll.dll!RtlLeaveCriticalSection

  Block 3516: KERNELBASE.dll!FlsSetValue

  Block 3517: ntdll.dll!RtlFlsSetValue

  Block 3518: ucrtbase.dll!_o__register_onexit_function

  Block 3519: KERNELBASE.dll!FlsSetValue

  Block 3520: ntdll.dll!RtlFlsSetValue

  Block 3521: ucrtbase.dll!_register_onexit_function

  Block 3522: KERNELBASE.dll!GetLastError

  Block 3523: KERNELBASE.dll!FlsGetValue

  Block 3524: ntdll.dll!RtlFlsGetValue

  Block 3525: ntdll.dll!RtlSetLastWin32Error

  Block 3526: ntdll.dll!RtlEnterCriticalSection

  Block 3527: ntdll.dll!RtlLeaveCriticalSection

  Block 3528: KERNELBASE.dll!FlsSetValue

  Block 3529: ntdll.dll!RtlFlsSetValue

  Block 3530: ucrtbase.dll!_o__register_onexit_function

  Block 3531: KERNELBASE.dll!FlsSetValue

  Block 3532: ntdll.dll!RtlFlsSetValue

  Block 3533: ucrtbase.dll!_register_onexit_function

  Block 3534: KERNELBASE.dll!GetLastError

  Block 3535: KERNELBASE.dll!FlsGetValue

  Block 3536: ntdll.dll!RtlFlsGetValue

  Block 3537: ntdll.dll!RtlSetLastWin32Error

  Block 3538: ntdll.dll!RtlEnterCriticalSection

  Block 3539: ntdll.dll!RtlLeaveCriticalSection

  Block 3540: KERNELBASE.dll!FlsSetValue

  Block 3541: ntdll.dll!RtlFlsSetValue

  Block 3542: ntdll.dll!RtlAcquireSRWLockExclusive

  Block 3543: ntdll.dll!RtlAcquireSRWLockExclusive

  Block 3544: KERNELBASE.dll!GetModuleHandleW

  Block 3545: ntdll.dll!RtlInitUnicodeString

  Block 3547: ntdll.dll!LdrGetDllHandleEx

  Block 3548: ntdll.dll!memset

  Block 3549: ntdll.dll!RtlDosApplyFileIsolationRedirection_Ustr

  Block 3550: ntdll.dll!RtlFindCharInUnicodeString

  Block 3552: ntdll.dll!RtlFindActivationContextSectionString

  Block 3553: ntdll.dll!bsearch

  Block 3554: ntdll.dll!RtlHashUnicodeString

  Block 3555: ntdll.dll!bsearch

  Block 3556: ntdll.dll!bsearch

  Block 3559: ntdll.dll!memmove

  Block 3560: ntdll.dll!RtlAcquireSRWLockExclusive

  Block 3561: ntdll.dll!RtlEqualUnicodeString

  Block 3562: ntdll.dll!RtlReleaseSRWLockExclusive

  Block 3563: ntdll.dll!RtlGetCurrentServiceSessionId

  Block 3564: KERNELBASE.dll!GetProcAddress

  Block 3565: ntdll.dll!RtlInitString

  Block 3566: ntdll.dll!LdrGetProcedureAddressForCaller

  Block 3567: ntdll.dll!RtlEnterCriticalSection

  Block 3568: ntdll.dll!RtlLeaveCriticalSection

  Block 3569: ntdll.dll!RtlAcquireSRWLockExclusive

  Block 3570: ntdll.dll!RtlReleaseSRWLockExclusive

  Block 3571: ntdll.dll!memset

  Block 3572: ntdll.dll!RtlImageNtHeaderEx

  Block 3573: ntdll.dll!LdrControlFlowGuardEnforced

  Block 3574: ntdll.dll!LdrControlFlowGuardEnforced

  Block 3577: ntdll.dll!RtlAllocateHeap

  Block 3578: ntdll.dll!memset

  Block 3580: ntdll.dll!RtlAllocateHeap

  Block 3581: ntdll.dll!RtlLeaveCriticalSection

  Block 3582: ntdll.dll!memset

  Block 3583: ntdll.dll!RtlQueryInformationActivationContext

  Block 3585: ntdll.dll!RtlAcquireSRWLockShared

  Block 3586: ntdll.dll!RtlReleaseSRWLockShared

  Block 3587: ntdll.dll!RtlAcquireSRWLockExclusive

  Block 3588: ntdll.dll!RtlReleaseSRWLockExclusive

  Block 3589: ntdll.dll!RtlAcquireSRWLockExclusive

  Block 3590: ntdll.dll!RtlReleaseSRWLockExclusive

  Block 3591: KERNELBASE.dll!GetProcAddress

  Block 3592: ntdll.dll!RtlInitString

  Block 3593: ntdll.dll!LdrGetProcedureAddressForCaller

  Block 3594: ntdll.dll!RtlEnterCriticalSection

  Block 3595: ntdll.dll!RtlLeaveCriticalSection

  Block 3596: ntdll.dll!RtlAcquireSRWLockExclusive

  Block 3597: ntdll.dll!RtlReleaseSRWLockExclusive

  Block 3598: ntdll.dll!memset

  Block 3599: ntdll.dll!RtlImageNtHeaderEx

  Block 3600: ntdll.dll!LdrControlFlowGuardEnforced

  Block 3601: ntdll.dll!LdrControlFlowGuardEnforced

  Block 3602: ntdll.dll!ZwQueryWnfStateData

  Block 3603: KERNELBASE.dll!GetProcAddress

  Block 3604: ntdll.dll!RtlInitString

  Block 3605: ntdll.dll!LdrGetProcedureAddressForCaller

  Block 3606: ntdll.dll!RtlEnterCriticalSection

  Block 3607: ntdll.dll!RtlLeaveCriticalSection

  Block 3608: ntdll.dll!RtlAcquireSRWLockExclusive

  Block 3609: ntdll.dll!RtlReleaseSRWLockExclusive

  Block 3610: ntdll.dll!memset

  Block 3611: ntdll.dll!RtlImageNtHeaderEx

  Block 3612: ntdll.dll!LdrControlFlowGuardEnforced

  Block 3613: ntdll.dll!LdrControlFlowGuardEnforced

  Block 3614: ntdll.dll!RtlSubscribeWnfStateChangeNotification

  Block 3616: ntdll.dll!RtlAllocateHeap

  Block 3617: ntdll.dll!RtlLeaveCriticalSection

  Block 3619: ntdll.dll!RtlAcquireSRWLockShared

  Block 3620: ntdll.dll!RtlReleaseSRWLockShared

  Block 3621: ntdll.dll!RtlAcquireSRWLockExclusive

  Block 3622: ntdll.dll!RtlAcquireSRWLockExclusive

  Block 3625: ntdll.dll!RtlReleaseSRWLockExclusive

  Block 3626: ntdll.dll!RtlReleaseSRWLockExclusive

  Block 3627: ntdll.dll!ZwQueryWnfStateData

  Block 3628: ntdll.dll!RtlSubscribeWnfStateChangeNotification

  Block 3630: ntdll.dll!RtlAllocateHeap

  Block 3631: ntdll.dll!RtlLeaveCriticalSection

  Block 3633: ntdll.dll!RtlAcquireSRWLockShared

  Block 3634: ntdll.dll!RtlReleaseSRWLockShared

  Block 3635: ntdll.dll!RtlAcquireSRWLockExclusive

  Block 3636: ntdll.dll!RtlAcquireSRWLockExclusive

  Block 3639: ntdll.dll!RtlReleaseSRWLockExclusive

  Block 3640: ntdll.dll!RtlReleaseSRWLockExclusive

  Block 3641: KERNELBASE.dll!GetLastError

  Block 3642: KERNELBASE.dll!GetProcessHeap

  Block 3643: ntdll.dll!RtlAllocateHeap

  Block 3644: KERNELBASE.dll!GetProcessHeap

  Block 3645: KERNELBASE.dll!GetProcAddress

  Block 3646: ntdll.dll!RtlInitString

  Block 3647: ntdll.dll!LdrGetProcedureAddressForCaller

  Block 3648: ntdll.dll!RtlEnterCriticalSection

  Block 3649: ntdll.dll!RtlLeaveCriticalSection

  Block 3650: ntdll.dll!RtlAcquireSRWLockExclusive

  Block 3651: ntdll.dll!RtlReleaseSRWLockExclusive

  Block 3652: ntdll.dll!memset

  Block 3653: ntdll.dll!RtlImageNtHeaderEx

  Block 3654: ntdll.dll!LdrControlFlowGuardEnforced

  Block 3655: ntdll.dll!LdrControlFlowGuardEnforced

  Block 3656: ntdll.dll!RtlDisownModuleHeapAllocation

  Block 3657: ntdll.dll!RtlSetLastWin32Error

  Block 3658: ucrtbase.dll!memmove

  Block 3659: ntdll.dll!RtlReleaseSRWLockExclusive

  Block 3660: ntdll.dll!RtlReleaseSRWLockExclusive

  Block 3661: KERNELBASE.dll!GetProcAddress

  Block 3662: ntdll.dll!RtlInitString

  Block 3663: ntdll.dll!LdrGetProcedureAddressForCaller

  Block 3664: ntdll.dll!RtlEnterCriticalSection

  Block 3665: ntdll.dll!RtlLeaveCriticalSection

  Block 3666: ntdll.dll!RtlAcquireSRWLockExclusive

  Block 3667: ntdll.dll!RtlReleaseSRWLockExclusive

  Block 3669: ntdll.dll!RtlImageNtHeaderEx

  Block 3670: ntdll.dll!LdrControlFlowGuardEnforced

  Block 3671: ntdll.dll!LdrControlFlowGuardEnforced

  Block 3672: ntdll.dll!RtlQueryFeatureConfiguration

  Block 3673: ucrtbase.dll!memset

  Block 3675: ntdll.dll!RtlAcquireSRWLockExclusive

  Block 3676: KERNELBASE.dll!GetLastError

  Block 3677: KERNELBASE.dll!GetProcessHeap

  Block 3678: ntdll.dll!RtlAllocateHeap

  Block 3679: KERNELBASE.dll!GetProcessHeap

  Block 3680: ntdll.dll!RtlDisownModuleHeapAllocation

  Block 3681: ntdll.dll!RtlSetLastWin32Error

  Block 3682: ucrtbase.dll!memmove

  Block 3683: ntdll.dll!RtlReleaseSRWLockExclusive

  Block 3684: KERNELBASE.dll!GetTokenInformation

  Block 3685: ntdll.dll!ZwQueryInformationToken

  Block 3686: KERNELBASE.dll!GetTokenInformation

  Block 3687: ntdll.dll!ZwQueryInformationToken

  Block 3688: ntdll.dll!RtlAcquireSRWLockExclusive

  Block 3689: KERNELBASE.dll!RegOpenKeyExW

  Block 3690: KERNELBASE.dll!RegOpenKeyExInternalW

  Block 3691: KERNELBASE.dll!MapPredefinedHandleInternal

  Block 3692: ntdll.dll!RtlGetCurrentTransaction

  Block 3693: ntdll.dll!RtlSetCurrentTransaction

  Block 3694: ntdll.dll!RtlAcquireSRWLockExclusive

  Block 3695: ntdll.dll!RtlReleaseSRWLockExclusive

  Block 3696: ntdll.dll!RtlSetCurrentTransaction

  Block 3697: ntdll.dll!RtlInitUnicodeStringEx

  Block 3698: ntdll.dll!ZwQueryKey

  Block 3699: ntdll.dll!ZwOpenKeyEx

  Block 3700: ntdll.dll!ZwSetInformationKey

  Block 3702: ntdll.dll!RtlAcquireSRWLockExclusive

  Block 3703: ntdll.dll!RtlReleaseSRWLockExclusive

  Block 3704: ntdll.dll!RtlAllocateHeap

  Block 3705: KERNELBASE.dll!RegOpenKeyExW

  Block 3706: KERNELBASE.dll!RegOpenKeyExInternalW

  Block 3707: KERNELBASE.dll!MapPredefinedHandleInternal

  Block 3708: ntdll.dll!RtlInitUnicodeStringEx

  Block 3709: ntdll.dll!ZwQueryKey

  Block 3710: ntdll.dll!ZwOpenKeyEx

  Block 3711: ntdll.dll!ZwOpenKey

  Block 3712: ntdll.dll!ApiSetQueryApiSetPresence

  Block 3713: ntdll.dll!RtlCompareUnicodeStrings

  Block 3714: KERNEL32.dll!TermsrvOpenRegEntry

  Block 3715: ntdll.dll!RtlNtStatusToDosError

  Block 3716: KERNELBASE.dll!RegOpenKeyExW

  Block 3717: KERNELBASE.dll!RegOpenKeyExInternalW

  Block 3718: KERNELBASE.dll!MapPredefinedHandleInternal

  Block 3719: ntdll.dll!RtlInitUnicodeStringEx

  Block 3720: ntdll.dll!ZwQueryKey

  Block 3721: ntdll.dll!ZwOpenKeyEx

  Block 3722: KERNEL32.dll!TermsrvOpenRegEntry

  Block 3723: ntdll.dll!RtlNtStatusToDosError

  Block 3724: KERNELBASE.dll!LocalAlloc

  Block 3725: ntdll.dll!RtlAllocateHeap

  Block 3726: ntdll.dll!RtlLeaveCriticalSection

  Block 3727: ucrtbase.dll!memmove

  Block 3728: KERNELBASE.dll!RegOpenKeyExW

  Block 3729: KERNELBASE.dll!RegOpenKeyExInternalW

  Block 3730: KERNELBASE.dll!MapPredefinedHandleInternal

  Block 3731: ntdll.dll!RtlInitUnicodeStringEx

  Block 3732: ntdll.dll!ZwQueryKey

  Block 3733: ntdll.dll!ZwOpenKeyEx

  Block 3735: KERNELBASE.dll!LocalFree

  Block 3736: ntdll.dll!RtlFreeHeap

  Block 3737: ntdll.dll!RtlTryEnterCriticalSection

  Block 3738: KERNELBASE.dll!CreateEventW

  Block 3739: ntdll.dll!ZwCreateEvent

  Block 3740: ntdll.dll!RtlSetLastWin32Error

  Block 3741: KERNELBASE.dll!RegNotifyChangeKeyValue

  Block 3742: KERNELBASE.dll!MapPredefinedHandleInternal

  Block 3743: ntdll.dll!ZwNotifyChangeKey

  Block 3744: KERNELBASE.dll!CLOSE_LOCAL_HANDLE_INTERNAL

  Block 3745: KERNEL32.dll!GetCurrentThread

  Block 3746: KERNELBASE.dll!OpenThreadToken

  Block 3747: ntdll.dll!ZwOpenThreadToken

  Block 3748: ntdll.dll!RtlNtStatusToDosError

  Block 3749: ntdll.dll!RtlSetLastWin32Error

  Block 3750: KERNELBASE.dll!GetLastError

  Block 3751: KERNELBASE.dll!RegOpenCurrentUser

  Block 3752: ntdll.dll!RtlOpenCurrentUser

  Block 3753: ntdll.dll!RtlFormatCurrentUserKeyPath

  Block 3754: ntdll.dll!ZwQueryInformationToken

  Block 3755: ntdll.dll!RtlLengthSidAsUnicodeString

  Block 3756: ntdll.dll!RtlValidSid

  Block 3757: ntdll.dll!RtlAllocateHeap

  Block 3758: ntdll.dll!RtlLeaveCriticalSection

  Block 3759: ntdll.dll!RtlAppendUnicodeToString

  Block 3760: ntdll.dll!memmove

  Block 3761: ntdll.dll!RtlConvertSidToUnicodeString

  Block 3762: ntdll.dll!RtlValidSid

  Block 3763: ntdll.dll!wcscpy_s

  Block 3764: ntdll.dll!memmove

  Block 3766: ntdll.dll!memmove

  Block 3767: ntdll.dll!memmove

  Block 3768: ntdll.dll!memmove

  Block 3770: ntdll.dll!memmove

  Block 3771: ntdll.dll!ZwOpenKey

  Block 3772: ntdll.dll!RtlFreeUnicodeString

  Block 3773: ntdll.dll!RtlDeleteBoundaryDescriptor

  Block 3774: ntdll.dll!RtlFreeHeap

  Block 3775: ntdll.dll!RtlTryEnterCriticalSection

  Block 3776: ntdll.dll!RtlNtStatusToDosError

  Block 3777: KERNELBASE.dll!RegOpenKeyExW

  Block 3778: KERNELBASE.dll!RegOpenKeyExInternalW

  Block 3779: KERNELBASE.dll!MapPredefinedHandleInternal

  Block 3780: ntdll.dll!RtlInitUnicodeStringEx

  Block 3781: ntdll.dll!ZwQueryKey

  Block 3782: ntdll.dll!ZwOpenKeyEx

  Block 3783: ntdll.dll!ZwSetInformationKey

  Block 3785: KERNELBASE.dll!RegCloseKey

  Block 3786: ntdll.dll!SbSelectProcedure

  Block 3787: ntdll.dll!memset

  Block 3788: ntdll.dll!ZwClose

  Block 3789: ntdll.dll!RtlAllocateHeap

  Block 3790: KERNELBASE.dll!RegOpenKeyExW

  Block 3791: KERNELBASE.dll!RegOpenKeyExInternalW

  Block 3792: KERNELBASE.dll!MapPredefinedHandleInternal

  Block 3793: ntdll.dll!RtlInitUnicodeStringEx

  Block 3794: ntdll.dll!ZwQueryKey

  Block 3795: ntdll.dll!ZwOpenKeyEx

  Block 3796: KERNEL32.dll!TermsrvOpenRegEntry

  Block 3797: ntdll.dll!RtlNtStatusToDosError

  Block 3798: KERNELBASE.dll!RegOpenKeyExW

  Block 3799: KERNELBASE.dll!RegOpenKeyExInternalW

  Block 3800: KERNELBASE.dll!MapPredefinedHandleInternal

  Block 3801: ntdll.dll!RtlInitUnicodeStringEx

  Block 3802: ntdll.dll!ZwQueryKey

  Block 3803: ntdll.dll!ZwOpenKeyEx

  Block 3804: KERNEL32.dll!TermsrvOpenRegEntry

  Block 3805: ntdll.dll!RtlNtStatusToDosError

  Block 3806: KERNELBASE.dll!LocalAlloc

  Block 3807: ntdll.dll!RtlAllocateHeap

  Block 3808: ntdll.dll!RtlLeaveCriticalSection

  Block 3809: ucrtbase.dll!memmove

  Block 3810: KERNELBASE.dll!RegOpenKeyExW

  Block 3811: KERNELBASE.dll!RegOpenKeyExInternalW

  Block 3812: KERNELBASE.dll!MapPredefinedHandleInternal

  Block 3813: ntdll.dll!RtlInitUnicodeStringEx

  Block 3814: ntdll.dll!ZwQueryKey

  Block 3815: ntdll.dll!ZwOpenKeyEx

  Block 3816: KERNEL32.dll!TermsrvOpenRegEntry

  Block 3817: ntdll.dll!RtlNtStatusToDosError

  Block 3818: KERNELBASE.dll!RegOpenKeyExW

  Block 3819: KERNELBASE.dll!RegOpenKeyExInternalW

  Block 3820: KERNELBASE.dll!MapPredefinedHandleInternal

  Block 3821: ntdll.dll!RtlInitUnicodeStringEx

  Block 3822: ntdll.dll!ZwQueryKey

  Block 3823: ntdll.dll!ZwOpenKeyEx

  Block 3825: KERNELBASE.dll!LocalFree

  Block 3826: ntdll.dll!RtlFreeHeap

  Block 3827: ntdll.dll!RtlTryEnterCriticalSection

  Block 3828: KERNELBASE.dll!CreateEventW

  Block 3829: ntdll.dll!ZwCreateEvent

  Block 3831: KERNELBASE.dll!RegNotifyChangeKeyValue

  Block 3832: KERNELBASE.dll!MapPredefinedHandleInternal

  Block 3833: ntdll.dll!ZwNotifyChangeKey

  Block 3834: KERNELBASE.dll!CLOSE_LOCAL_HANDLE_INTERNAL

  Block 3835: ntdll.dll!RtlReleaseSRWLockExclusive

  Block 3836: KERNELBASE.dll!GetModuleFileNameW

  Block 3837: ntdll.dll!LdrGetDllFullName

  Block 3838: ntdll.dll!RtlAcquireSRWLockExclusive

  Block 3839: ntdll.dll!RtlReleaseSRWLockExclusive

  Block 3840: ntdll.dll!RtlCopyUnicodeString

  Block 3841: ntdll.dll!memmove

  Block 3842: ntdll.dll!RtlSetLastWin32Error

  Block 3843: KERNELBASE.dll!GetSystemDirectoryW

  Block 3844: ntdll.dll!memmove

  Block 3845: KERNELBASE.dll!PathCchRemoveFileSpec

  Block 3846: KERNELBASE.dll!PathCchSkipRoot

  Block 3847: KERNELBASE.dll!PathIsUNCEx

  Block 3848: ntdll.dll!wcsncmp

  Block 3849: ntdll.dll!iswalpha

  Block 3850: ntdll.dll!iswctype

  Block 3851: ntdll.dll!wcschr

  Block 3852: ntdll.dll!wcschr

  Block 3853: ntdll.dll!wcschr

  Block 3854: KERNELBASE.dll!PathCchRemoveBackslashEx

  Block 3855: KERNELBASE.dll!CompareStringOrdinal

  Block 3856: KERNELBASE.dll!GetModuleHandleA

  Block 3857: ntdll.dll!RtlInitAnsiStringEx

  Block 3858: ntdll.dll!RtlAnsiStringToUnicodeString

  Block 3859: ntdll.dll!RtlAllocateHeap

  Block 3860: KERNELBASE.dll!GetModuleHandleW

  Block 3861: ntdll.dll!RtlInitUnicodeString

  Block 3863: ntdll.dll!LdrGetDllHandleEx

  Block 3864: ntdll.dll!memset

  Block 3865: ntdll.dll!RtlDosApplyFileIsolationRedirection_Ustr

  Block 3866: ntdll.dll!RtlFindCharInUnicodeString

  Block 3868: ntdll.dll!RtlFindActivationContextSectionString

  Block 3869: ntdll.dll!bsearch

  Block 3870: ntdll.dll!RtlHashUnicodeString

  Block 3871: ntdll.dll!bsearch

  Block 3872: ntdll.dll!bsearch

  Block 3874: ntdll.dll!memset

  Block 3875: ntdll.dll!memmove

  Block 3876: ntdll.dll!RtlAcquireSRWLockExclusive

  Block 3877: ntdll.dll!RtlEqualUnicodeString

  Block 3878: ntdll.dll!RtlReleaseSRWLockExclusive

  Block 3879: ntdll.dll!RtlGetCurrentServiceSessionId

  Block 3880: ntdll.dll!RtlFreeUnicodeString

  Block 3881: ntdll.dll!RtlDeleteBoundaryDescriptor

  Block 3882: ntdll.dll!RtlFreeHeap

  Block 3883: ntdll.dll!RtlGetCurrentServiceSessionId

  Block 3884: KERNELBASE.dll!GetProcAddress

  Block 3885: ntdll.dll!RtlInitString

  Block 3886: ntdll.dll!LdrGetProcedureAddressForCaller

  Block 3887: ntdll.dll!RtlEnterCriticalSection

  Block 3888: ntdll.dll!RtlLeaveCriticalSection

  Block 3889: ntdll.dll!RtlAcquireSRWLockExclusive

  Block 3890: ntdll.dll!RtlReleaseSRWLockExclusive

  Block 3891: ntdll.dll!RtlAcquireSRWLockExclusive

  Block 3892: ntdll.dll!RtlReleaseSRWLockExclusive

  Block 3893: ntdll.dll!memset

  Block 3894: ntdll.dll!RtlImageNtHeaderEx

  Block 3895: ntdll.dll!LdrControlFlowGuardEnforced

  Block 3896: ntdll.dll!LdrControlFlowGuardEnforced

  Block 3897: RPCRT4.dll!I_RpcInitNdrImports

  Block 3898: ntdll.dll!RtlImageNtHeader

  Block 3899: ntdll.dll!RtlImageNtHeaderEx

  Block 3900: ntdll.dll!RtlImageNtHeader

  Block 3901: ntdll.dll!RtlImageNtHeaderEx

  Block 3902: KERNELBASE.dll!GetModuleFileNameW

  Block 3903: ntdll.dll!LdrGetDllFullName

  Block 3904: ntdll.dll!RtlCopyUnicodeString

  Block 3905: ntdll.dll!memmove

  Block 3906: ntdll.dll!RtlSetLastWin32Error

  Block 3907: KERNELBASE.dll!RegOpenKeyExW

  Block 3908: KERNELBASE.dll!RegOpenKeyExInternalW

  Block 3909: KERNELBASE.dll!MapPredefinedHandleInternal

  Block 3910: ntdll.dll!RtlGetCurrentTransaction

  Block 3911: ntdll.dll!RtlSetCurrentTransaction

  Block 3912: ntdll.dll!RtlAcquireSRWLockExclusive

  Block 3913: ntdll.dll!RtlReleaseSRWLockExclusive

  Block 3914: ntdll.dll!RtlSetCurrentTransaction

  Block 3915: ntdll.dll!RtlInitUnicodeStringEx

  Block 3916: ntdll.dll!ZwQueryKey

  Block 3917: ntdll.dll!ZwOpenKeyEx

  Block 3918: KERNEL32.dll!TermsrvOpenRegEntry

  Block 3919: ntdll.dll!RtlNtStatusToDosError

  Block 3920: ntdll.dll!RtlAcquireSRWLockExclusive

  Block 3921: ntdll.dll!RtlReleaseSRWLockExclusive

  Block 3922: ntdll.dll!RtlFreeHeap

  Block 3923: ntdll.dll!EtwRegisterTraceGuidsW

  Block 3924: ntdll.dll!RtlAllocateHeap

  Block 3925: ntdll.dll!memset

  Block 3926: ntdll.dll!memset

  Block 3927: ntdll.dll!EtwNotificationRegister

  Block 3928: ntdll.dll!RtlInterlockedPopEntrySList

  Block 3929: ntdll.dll!ExpInterlockedPopEntrySListResume

  Block 3930: ntdll.dll!RtlAllocateHeap

  Block 3931: ntdll.dll!memset

  Block 3932: ntdll.dll!RtlAcquireSRWLockExclusive

  Block 3933: ntdll.dll!memset

  Block 3935: ntdll.dll!ZwTraceControl

  Block 3936: ntdll.dll!RtlAcquireSRWLockExclusive

  Block 3937: ntdll.dll!memcmp

  Block 3938: ntdll.dll!memcmp

  Block 3939: ntdll.dll!memcmp

  Block 3940: ntdll.dll!memcmp

  Block 3941: ntdll.dll!RtlRbInsertNodeEx

  Block 3942: ntdll.dll!RtlReleaseSRWLockExclusive

  Block 3943: ntdll.dll!RtlAcquireSRWLockExclusive

  Block 3944: ntdll.dll!RtlReleaseSRWLockExclusive

  Block 3945: ntdll.dll!RtlReleaseSRWLockExclusive

  Block 3946: ntdll.dll!EtwEventRegister

  Block 3947: ntdll.dll!EtwNotificationRegister

  Block 3948: ntdll.dll!RtlInterlockedPopEntrySList

  Block 3949: ntdll.dll!ExpInterlockedPopEntrySListResume

  Block 3950: ntdll.dll!RtlAllocateHeap

  Block 3951: ntdll.dll!memset

  Block 3952: ntdll.dll!RtlAcquireSRWLockExclusive

  Block 3953: ntdll.dll!memset

  Block 3955: ntdll.dll!ZwTraceControl

  Block 3956: ntdll.dll!RtlAcquireSRWLockExclusive

  Block 3957: ntdll.dll!memcmp

  Block 3958: ntdll.dll!memcmp

  Block 3959: ntdll.dll!memcmp

  Block 3960: ntdll.dll!memcmp

  Block 3961: ntdll.dll!memcmp

  Block 3962: ntdll.dll!RtlRbInsertNodeEx

  Block 3963: ntdll.dll!RtlReleaseSRWLockExclusive

  Block 3964: ntdll.dll!RtlAcquireSRWLockExclusive

  Block 3965: ntdll.dll!RtlReleaseSRWLockExclusive

  Block 3966: ntdll.dll!RtlReleaseSRWLockExclusive

  Block 3967: ntdll.dll!EtwEventSetInformation

  Block 3968: ntdll.dll!RtlAcquireSRWLockExclusive

  Block 3970: ntdll.dll!ZwTraceControl

  Block 3971: ntdll.dll!RtlReleaseSRWLockExclusive

  Block 3972: ntdll.dll!EtwEventRegister

  Block 3973: ntdll.dll!EtwNotificationRegister

  Block 3974: ntdll.dll!RtlInterlockedPopEntrySList

  Block 3975: ntdll.dll!ExpInterlockedPopEntrySListResume

  Block 3976: ntdll.dll!RtlAllocateHeap

  Block 3977: ntdll.dll!memset

  Block 3978: ntdll.dll!RtlAcquireSRWLockExclusive

  Block 3979: ntdll.dll!memset

  Block 3981: ntdll.dll!ZwTraceControl

  Block 3982: ntdll.dll!RtlAcquireSRWLockExclusive

  Block 3983: ntdll.dll!memcmp

  Block 3984: ntdll.dll!memcmp

  Block 3985: ntdll.dll!memcmp

  Block 3986: ntdll.dll!memcmp

  Block 3987: ntdll.dll!memcmp

  Block 3988: ntdll.dll!RtlRbInsertNodeEx

  Block 3989: ntdll.dll!RtlReleaseSRWLockExclusive

  Block 3990: ntdll.dll!RtlAcquireSRWLockExclusive

  Block 3991: ntdll.dll!RtlReleaseSRWLockExclusive

  Block 3992: ntdll.dll!RtlReleaseSRWLockExclusive

  Block 3993: ntdll.dll!EtwEventSetInformation

  Block 3994: ntdll.dll!RtlAcquireSRWLockExclusive

  Block 3996: ntdll.dll!ZwTraceControl

  Block 3997: ntdll.dll!RtlReleaseSRWLockExclusive

  Block 3998: KERNELBASE.dll!GetModuleFileNameW

  Block 3999: ntdll.dll!LdrGetDllFullName

  Block 4000: ntdll.dll!RtlCopyUnicodeString

  Block 4001: ntdll.dll!memmove

  Block 4002: ntdll.dll!RtlSetLastWin32Error

  Block 4004: ntdll.dll!RtlInitializeSListHead

  Block 4005: KERNELBASE.dll!CreateEventW

  Block 4006: ntdll.dll!ZwCreateEvent

  Block 4007: ntdll.dll!RtlSetLastWin32Error

  Block 4008: KERNELBASE.dll!CreateEventW

  Block 4009: ntdll.dll!ZwCreateEvent

  Block 4010: ntdll.dll!RtlSetLastWin32Error

  Block 4011: ntdll.dll!RtlAllocateHeap

  Block 4012: ntdll.dll!RtlInterlockedPushEntrySList

  Block 4013: KERNELBASE.dll!CreateEventW

  Block 4014: ntdll.dll!ZwCreateEvent

  Block 4015: ntdll.dll!RtlSetLastWin32Error

  Block 4016: KERNELBASE.dll!CreateEventW

  Block 4017: ntdll.dll!ZwCreateEvent

  Block 4018: ntdll.dll!RtlSetLastWin32Error

  Block 4019: ntdll.dll!RtlAllocateHeap

  Block 4020: ntdll.dll!RtlInterlockedPushEntrySList

  Block 4021: KERNELBASE.dll!CreateEventW

  Block 4022: ntdll.dll!ZwCreateEvent

  Block 4023: ntdll.dll!RtlSetLastWin32Error

  Block 4024: KERNELBASE.dll!CreateEventW

  Block 4025: ntdll.dll!ZwCreateEvent

  Block 4026: ntdll.dll!RtlSetLastWin32Error

  Block 4027: ntdll.dll!RtlAllocateHeap

  Block 4028: ntdll.dll!RtlInterlockedPushEntrySList

  Block 4029: KERNELBASE.dll!InitializeCriticalSectionAndSpinCount

  Block 4031: KERNELBASE.dll!OpenEventA

  Block 4032: ntdll.dll!RtlInitAnsiStringEx

  Block 4033: ntdll.dll!RtlAnsiStringToUnicodeString

  Block 4034: ntdll.dll!RtlAllocateHeap

  Block 4035: KERNELBASE.dll!OpenEventW

  Block 4036: ntdll.dll!RtlInitUnicodeString

  Block 4037: KERNELBASE.dll!BaseGetNamedObjectDirectory

  Block 4038: KERNELBASE.dll!BasepAdjustObjectAttributesForPrivateNamespace

  Block 4039: ntdll.dll!ZwOpenEvent

  Block 4040: ntdll.dll!RtlNtStatusToDosError

  Block 4041: ntdll.dll!RtlSetLastWin32Error

  Block 4042: ntdll.dll!RtlFreeUnicodeString

  Block 4043: ntdll.dll!RtlDeleteBoundaryDescriptor

  Block 4044: ntdll.dll!RtlFreeHeap

  Block 4045: ntdll.dll!RtlGetCurrentServiceSessionId

  Block 4046: ntdll.dll!EtwEventRegister

  Block 4047: ntdll.dll!EtwNotificationRegister

  Block 4048: ntdll.dll!RtlInterlockedPopEntrySList

  Block 4049: ntdll.dll!ExpInterlockedPopEntrySListResume

  Block 4050: ntdll.dll!RtlAllocateHeap

  Block 4051: ntdll.dll!memset

  Block 4052: ntdll.dll!RtlAcquireSRWLockExclusive

  Block 4053: ntdll.dll!memset

  Block 4055: ntdll.dll!ZwTraceControl

  Block 4056: ntdll.dll!RtlAcquireSRWLockExclusive

  Block 4057: ntdll.dll!memcmp

  Block 4058: ntdll.dll!memcmp

  Block 4059: ntdll.dll!memcmp

  Block 4060: ntdll.dll!memcmp

  Block 4061: ntdll.dll!memcmp

  Block 4062: ntdll.dll!memcmp

  Block 4063: ntdll.dll!RtlRbInsertNodeEx

  Block 4064: ntdll.dll!RtlReleaseSRWLockExclusive

  Block 4065: ntdll.dll!RtlAcquireSRWLockExclusive

  Block 4066: ntdll.dll!RtlReleaseSRWLockExclusive

  Block 4067: ntdll.dll!RtlReleaseSRWLockExclusive

  Block 4068: ntdll.dll!EtwEventRegister

  Block 4069: ntdll.dll!EtwNotificationRegister

  Block 4070: ntdll.dll!RtlInterlockedPopEntrySList

  Block 4071: ntdll.dll!ExpInterlockedPopEntrySListResume

  Block 4072: ntdll.dll!RtlAllocateHeap

  Block 4073: ntdll.dll!memset

  Block 4074: ntdll.dll!RtlAcquireSRWLockExclusive

  Block 4075: ntdll.dll!memset

  Block 4077: ntdll.dll!ZwTraceControl

  Block 4078: ntdll.dll!RtlAcquireSRWLockExclusive

  Block 4079: ntdll.dll!memcmp

  Block 4080: ntdll.dll!memcmp

  Block 4081: ntdll.dll!memcmp

  Block 4082: ntdll.dll!memcmp

  Block 4083: ntdll.dll!memcmp

  Block 4084: ntdll.dll!RtlRbInsertNodeEx

  Block 4085: ntdll.dll!RtlReleaseSRWLockExclusive

  Block 4086: ntdll.dll!RtlAcquireSRWLockExclusive

  Block 4087: ntdll.dll!RtlReleaseSRWLockExclusive

  Block 4088: ntdll.dll!RtlReleaseSRWLockExclusive

  Block 4089: ntdll.dll!EtwEventRegister

  Block 4090: ntdll.dll!EtwNotificationRegister

  Block 4091: ntdll.dll!RtlInterlockedPopEntrySList

  Block 4092: ntdll.dll!ExpInterlockedPopEntrySListResume

  Block 4093: ntdll.dll!RtlAllocateHeap

  Block 4094: ntdll.dll!memset

  Block 4095: ntdll.dll!RtlAcquireSRWLockExclusive

  Block 4096: ntdll.dll!memset

  Block 4098: ntdll.dll!ZwTraceControl

  Block 4099: ntdll.dll!RtlAcquireSRWLockExclusive

  Block 4100: ntdll.dll!memcmp

  Block 4101: ntdll.dll!memcmp

  Block 4102: ntdll.dll!memcmp

  Block 4103: ntdll.dll!memcmp

  Block 4104: ntdll.dll!memcmp

  Block 4105: ntdll.dll!RtlRbInsertNodeEx

  Block 4106: ntdll.dll!RtlReleaseSRWLockExclusive

  Block 4107: ntdll.dll!RtlAcquireSRWLockExclusive

  Block 4108: ntdll.dll!RtlReleaseSRWLockExclusive

  Block 4109: ntdll.dll!RtlReleaseSRWLockExclusive

  Block 4110: ntdll.dll!EtwEventRegister

  Block 4111: ntdll.dll!EtwNotificationRegister

  Block 4112: ntdll.dll!RtlInterlockedPopEntrySList

  Block 4113: ntdll.dll!ExpInterlockedPopEntrySListResume

  Block 4114: ntdll.dll!RtlAllocateHeap

  Block 4115: ntdll.dll!memset

  Block 4116: ntdll.dll!RtlAcquireSRWLockExclusive

  Block 4117: ntdll.dll!memset

  Block 4119: ntdll.dll!ZwTraceControl

  Block 4120: ntdll.dll!RtlAcquireSRWLockExclusive

  Block 4121: ntdll.dll!memcmp

  Block 4122: ntdll.dll!memcmp

  Block 4123: ntdll.dll!memcmp

  Block 4124: ntdll.dll!memcmp

  Block 4125: ntdll.dll!memcmp

  Block 4126: ntdll.dll!RtlRbInsertNodeEx

  Block 4127: ntdll.dll!RtlReleaseSRWLockExclusive

  Block 4128: ntdll.dll!RtlAcquireSRWLockExclusive

  Block 4129: ntdll.dll!RtlReleaseSRWLockExclusive

  Block 4130: ntdll.dll!RtlReleaseSRWLockExclusive

  Block 4131: ntdll.dll!EtwEventRegister

  Block 4132: ntdll.dll!EtwNotificationRegister

  Block 4133: ntdll.dll!RtlInterlockedPopEntrySList

  Block 4134: ntdll.dll!ExpInterlockedPopEntrySListResume

  Block 4135: ntdll.dll!RtlAllocateHeap

  Block 4136: ntdll.dll!memset

  Block 4137: ntdll.dll!RtlAcquireSRWLockExclusive

  Block 4138: ntdll.dll!memset

  Block 4140: ntdll.dll!ZwTraceControl

  Block 4141: ntdll.dll!RtlAcquireSRWLockExclusive

  Block 4142: ntdll.dll!memcmp

  Block 4143: ntdll.dll!memcmp

  Block 4144: ntdll.dll!memcmp

  Block 4145: ntdll.dll!memcmp

  Block 4146: ntdll.dll!memcmp

  Block 4147: ntdll.dll!RtlRbInsertNodeEx

  Block 4148: ntdll.dll!RtlReleaseSRWLockExclusive

  Block 4149: ntdll.dll!RtlAcquireSRWLockExclusive

  Block 4150: ntdll.dll!RtlReleaseSRWLockExclusive

  Block 4151: ntdll.dll!RtlReleaseSRWLockExclusive

  Block 4152: KERNELBASE.dll!GetProcessHeap

  Block 4153: ntdll.dll!RtlAllocateHeap

  Block 4154: ntdll.dll!RtlLeaveCriticalSection

  Block 4155: ntdll.dll!memset

  Block 4156: ntdll.dll!RtlRunOnceInitialize

  Block 4157: KERNELBASE.dll!CreateThreadpoolTimer

  Block 4158: ntdll.dll!TpAllocTimer

  Block 4159: ntdll.dll!RtlAllocateHeap

  Block 4160: ntdll.dll!RtlLeaveCriticalSection

  Block 4161: ntdll.dll!memset

  Block 4162: ntdll.dll!RtlQueryInformationActivationContext

  Block 4164: ntdll.dll!RtlAcquireSRWLockShared

  Block 4165: ntdll.dll!RtlReleaseSRWLockShared

  Block 4166: ntdll.dll!RtlAcquireSRWLockExclusive

  Block 4167: ntdll.dll!RtlReleaseSRWLockExclusive

  Block 4168: ntdll.dll!EtwEventRegister

  Block 4169: ntdll.dll!EtwNotificationRegister

  Block 4170: ntdll.dll!RtlInterlockedPopEntrySList

  Block 4171: ntdll.dll!ExpInterlockedPopEntrySListResume

  Block 4172: ntdll.dll!RtlAllocateHeap

  Block 4173: ntdll.dll!memset

  Block 4174: ntdll.dll!RtlAcquireSRWLockExclusive

  Block 4175: ntdll.dll!memset

  Block 4177: ntdll.dll!ZwTraceControl

  Block 4178: ntdll.dll!RtlAcquireSRWLockExclusive

  Block 4179: ntdll.dll!memcmp

  Block 4180: ntdll.dll!memcmp

  Block 4181: ntdll.dll!memcmp

  Block 4182: ntdll.dll!memcmp

  Block 4183: ntdll.dll!memcmp

  Block 4184: ntdll.dll!memcmp

  Block 4185: ntdll.dll!RtlRbInsertNodeEx

  Block 4186: ntdll.dll!RtlReleaseSRWLockExclusive

  Block 4187: ntdll.dll!RtlAcquireSRWLockExclusive

  Block 4188: ntdll.dll!RtlReleaseSRWLockExclusive

  Block 4189: ntdll.dll!RtlReleaseSRWLockExclusive

  Block 4190: ntdll.dll!EtwEventSetInformation

  Block 4191: ntdll.dll!RtlAcquireSRWLockExclusive

  Block 4192: ntdll.dll!memset

  Block 4193: ntdll.dll!ZwTraceControl

  Block 4194: ntdll.dll!RtlReleaseSRWLockExclusive

  Block 4195: ntdll.dll!RtlAcquireSRWLockExclusive

  Block 4196: ntdll.dll!EtwEventRegister

  Block 4197: ntdll.dll!EtwNotificationRegister

  Block 4198: ntdll.dll!RtlInterlockedPopEntrySList

  Block 4199: ntdll.dll!ExpInterlockedPopEntrySListResume

  Block 4200: ntdll.dll!RtlAllocateHeap

  Block 4201: ntdll.dll!memset

  Block 4202: ntdll.dll!RtlAcquireSRWLockExclusive

  Block 4203: ntdll.dll!memset

  Block 4205: ntdll.dll!ZwTraceControl

  Block 4206: ntdll.dll!RtlAcquireSRWLockExclusive

  Block 4207: ntdll.dll!memcmp

  Block 4208: ntdll.dll!memcmp

  Block 4209: ntdll.dll!memcmp

  Block 4210: ntdll.dll!memcmp

  Block 4211: ntdll.dll!memcmp

  Block 4212: ntdll.dll!RtlRbInsertNodeEx

  Block 4213: ntdll.dll!RtlReleaseSRWLockExclusive

  Block 4214: ntdll.dll!RtlAcquireSRWLockExclusive

  Block 4215: ntdll.dll!RtlReleaseSRWLockExclusive

  Block 4216: ntdll.dll!RtlReleaseSRWLockExclusive

  Block 4217: ntdll.dll!EtwEventSetInformation

  Block 4218: ntdll.dll!RtlAcquireSRWLockExclusive

  Block 4219: ntdll.dll!memset

  Block 4220: ntdll.dll!ZwTraceControl

  Block 4221: ntdll.dll!RtlReleaseSRWLockExclusive

  Block 4222: ntdll.dll!RtlReleaseSRWLockExclusive

  Block 4223: ntdll.dll!RtlGetCurrentServiceSessionId

  Block 4224: ntdll.dll!RtlDeactivateActivationContextUnsafeFast

  Block 4225: ntdll.dll!ZwSetInformationVirtualMemory

  Block 4226: ntdll.dll!RtlActivateActivationContextUnsafeFast

  Block 4227: ntdll.dll!RtlAcquireSRWLockShared

  Block 4228: ntdll.dll!RtlReleaseSRWLockShared

  Block 4229: ntdll.dll!RtlGetCurrentServiceSessionId

  Block 4230: msvcrt.dll!malloc

  Block 4231: ntdll.dll!RtlAllocateHeap

  Block 4232: ntdll.dll!RtlLeaveCriticalSection

  Block 4233: msvcrt.dll!_initterm

  Block 4234: msvcrt.dll!_lock

  Block 4235: ntdll.dll!RtlEnterCriticalSection

  Block 4236: msvcrt.dll!__dllonexit

  Block 4237: msvcrt.dll!_lock

  Block 4238: ntdll.dll!RtlEnterCriticalSection

  Block 4239: msvcrt.dll!_msize

  Block 4240: ntdll.dll!RtlSizeHeap

  Block 4241: msvcrt.dll!_unlock

  Block 4242: ntdll.dll!RtlLeaveCriticalSection

  Block 4243: msvcrt.dll!_unlock

  Block 4244: ntdll.dll!RtlLeaveCriticalSection

  Block 4245: msvcrt.dll!_lock

  Block 4246: ntdll.dll!RtlEnterCriticalSection

  Block 4247: msvcrt.dll!__dllonexit

  Block 4248: msvcrt.dll!_lock

  Block 4249: ntdll.dll!RtlEnterCriticalSection

  Block 4250: msvcrt.dll!_msize

  Block 4251: ntdll.dll!RtlSizeHeap

  Block 4252: msvcrt.dll!_unlock

  Block 4253: ntdll.dll!RtlLeaveCriticalSection

  Block 4254: msvcrt.dll!_unlock

  Block 4255: ntdll.dll!RtlLeaveCriticalSection

  Block 4256: KERNELBASE.dll!InitOnceExecuteOnce

  Block 4257: ntdll.dll!RtlRunOnceExecuteOnce

  Block 4258: ntdll.dll!RtlRunOnceComplete

  Block 4259: msvcrt.dll!_lock

  Block 4260: ntdll.dll!RtlEnterCriticalSection

  Block 4261: msvcrt.dll!__dllonexit

  Block 4262: msvcrt.dll!_lock

  Block 4263: ntdll.dll!RtlEnterCriticalSection

  Block 4264: msvcrt.dll!_msize

  Block 4265: ntdll.dll!RtlSizeHeap

  Block 4266: msvcrt.dll!_unlock

  Block 4267: ntdll.dll!RtlLeaveCriticalSection

  Block 4268: msvcrt.dll!_unlock

  Block 4269: ntdll.dll!RtlLeaveCriticalSection

  Block 4270: KERNELBASE.dll!InitializeCriticalSectionEx

  Block 4272: KERNELBASE.dll!InitializeCriticalSectionEx

  Block 4274: msvcrt.dll!_lock

  Block 4275: ntdll.dll!RtlEnterCriticalSection

  Block 4276: msvcrt.dll!__dllonexit

  Block 4277: msvcrt.dll!_lock

  Block 4278: ntdll.dll!RtlEnterCriticalSection

  Block 4279: msvcrt.dll!_msize

  Block 4280: ntdll.dll!RtlSizeHeap

  Block 4281: msvcrt.dll!_unlock

  Block 4282: ntdll.dll!RtlLeaveCriticalSection

  Block 4283: msvcrt.dll!_unlock

  Block 4284: ntdll.dll!RtlLeaveCriticalSection

  Block 4285: msvcrt.dll!_lock

  Block 4286: ntdll.dll!RtlEnterCriticalSection

  Block 4287: msvcrt.dll!__dllonexit

  Block 4288: msvcrt.dll!_lock

  Block 4289: ntdll.dll!RtlEnterCriticalSection

  Block 4290: msvcrt.dll!_msize

  Block 4291: ntdll.dll!RtlSizeHeap

  Block 4292: msvcrt.dll!_unlock

  Block 4293: ntdll.dll!RtlLeaveCriticalSection

  Block 4294: msvcrt.dll!_unlock

  Block 4295: ntdll.dll!RtlLeaveCriticalSection

  Block 4296: msvcrt.dll!_lock

  Block 4297: ntdll.dll!RtlEnterCriticalSection

  Block 4298: msvcrt.dll!__dllonexit

  Block 4299: msvcrt.dll!_lock

  Block 4300: ntdll.dll!RtlEnterCriticalSection

  Block 4301: msvcrt.dll!_msize

  Block 4302: ntdll.dll!RtlSizeHeap

  Block 4303: msvcrt.dll!_unlock

  Block 4304: ntdll.dll!RtlLeaveCriticalSection

  Block 4305: msvcrt.dll!_unlock

  Block 4306: ntdll.dll!RtlLeaveCriticalSection

  Block 4307: msvcrt.dll!_lock

  Block 4308: ntdll.dll!RtlEnterCriticalSection

  Block 4309: msvcrt.dll!__dllonexit

  Block 4310: msvcrt.dll!_lock

  Block 4311: ntdll.dll!RtlEnterCriticalSection

  Block 4312: msvcrt.dll!_msize

  Block 4313: ntdll.dll!RtlSizeHeap

  Block 4314: msvcrt.dll!_unlock

  Block 4315: ntdll.dll!RtlLeaveCriticalSection

  Block 4316: msvcrt.dll!_unlock

  Block 4317: ntdll.dll!RtlLeaveCriticalSection

  Block 4318: msvcrt.dll!_lock

  Block 4319: ntdll.dll!RtlEnterCriticalSection

  Block 4320: msvcrt.dll!__dllonexit

  Block 4321: msvcrt.dll!_lock

  Block 4322: ntdll.dll!RtlEnterCriticalSection

  Block 4323: msvcrt.dll!_msize

  Block 4324: ntdll.dll!RtlSizeHeap

  Block 4325: msvcrt.dll!_unlock

  Block 4326: ntdll.dll!RtlLeaveCriticalSection

  Block 4327: msvcrt.dll!_unlock

  Block 4328: ntdll.dll!RtlLeaveCriticalSection

  Block 4329: msvcrt.dll!_lock

  Block 4330: ntdll.dll!RtlEnterCriticalSection

  Block 4331: msvcrt.dll!__dllonexit

  Block 4332: msvcrt.dll!_lock

  Block 4333: ntdll.dll!RtlEnterCriticalSection

  Block 4334: msvcrt.dll!_msize

  Block 4335: ntdll.dll!RtlSizeHeap

  Block 4336: msvcrt.dll!_unlock

  Block 4337: ntdll.dll!RtlLeaveCriticalSection

  Block 4338: msvcrt.dll!_unlock

  Block 4339: ntdll.dll!RtlLeaveCriticalSection

  Block 4340: msvcrt.dll!_lock

  Block 4341: ntdll.dll!RtlEnterCriticalSection

  Block 4342: msvcrt.dll!__dllonexit

  Block 4343: msvcrt.dll!_lock

  Block 4344: ntdll.dll!RtlEnterCriticalSection

  Block 4345: msvcrt.dll!_msize

  Block 4346: ntdll.dll!RtlSizeHeap

  Block 4347: msvcrt.dll!_unlock

  Block 4348: ntdll.dll!RtlLeaveCriticalSection

  Block 4349: msvcrt.dll!_unlock

  Block 4350: ntdll.dll!RtlLeaveCriticalSection

  Block 4351: ntdll.dll!RtlInitializeCriticalSection

  Block 4352: msvcrt.dll!_lock

  Block 4353: ntdll.dll!RtlEnterCriticalSection

  Block 4354: msvcrt.dll!__dllonexit

  Block 4355: msvcrt.dll!_lock

  Block 4356: ntdll.dll!RtlEnterCriticalSection

  Block 4357: msvcrt.dll!_msize

  Block 4358: ntdll.dll!RtlSizeHeap

  Block 4359: msvcrt.dll!_unlock

  Block 4360: ntdll.dll!RtlLeaveCriticalSection

  Block 4361: msvcrt.dll!_unlock

  Block 4362: ntdll.dll!RtlLeaveCriticalSection

  Block 4363: msvcrt.dll!_lock

  Block 4364: ntdll.dll!RtlEnterCriticalSection

  Block 4365: msvcrt.dll!__dllonexit

  Block 4366: msvcrt.dll!_lock

  Block 4367: ntdll.dll!RtlEnterCriticalSection

  Block 4368: msvcrt.dll!_msize

  Block 4369: ntdll.dll!RtlSizeHeap

  Block 4370: msvcrt.dll!_unlock

  Block 4371: ntdll.dll!RtlLeaveCriticalSection

  Block 4372: msvcrt.dll!_unlock

  Block 4373: ntdll.dll!RtlLeaveCriticalSection

  Block 4374: msvcrt.dll!_lock

  Block 4375: ntdll.dll!RtlEnterCriticalSection

  Block 4376: msvcrt.dll!__dllonexit

  Block 4377: msvcrt.dll!_lock

  Block 4378: ntdll.dll!RtlEnterCriticalSection

  Block 4379: msvcrt.dll!_msize

  Block 4380: ntdll.dll!RtlSizeHeap

  Block 4381: msvcrt.dll!_unlock

  Block 4382: ntdll.dll!RtlLeaveCriticalSection

  Block 4383: msvcrt.dll!_unlock

  Block 4384: ntdll.dll!RtlLeaveCriticalSection

  Block 4385: msvcrt.dll!_lock

  Block 4386: ntdll.dll!RtlEnterCriticalSection

  Block 4387: msvcrt.dll!__dllonexit

  Block 4388: msvcrt.dll!_lock

  Block 4389: ntdll.dll!RtlEnterCriticalSection

  Block 4390: msvcrt.dll!_msize

  Block 4391: ntdll.dll!RtlSizeHeap

  Block 4392: msvcrt.dll!_unlock

  Block 4393: ntdll.dll!RtlLeaveCriticalSection

  Block 4394: msvcrt.dll!_unlock

  Block 4395: ntdll.dll!RtlLeaveCriticalSection

  Block 4396: ntdll.dll!EtwEventRegister

  Block 4397: ntdll.dll!EtwNotificationRegister

  Block 4398: ntdll.dll!RtlInterlockedPopEntrySList

  Block 4399: ntdll.dll!ExpInterlockedPopEntrySListResume

  Block 4400: ntdll.dll!RtlAllocateHeap

  Block 4401: ntdll.dll!memset

  Block 4402: ntdll.dll!RtlAcquireSRWLockExclusive

  Block 4403: ntdll.dll!memset

  Block 4405: ntdll.dll!ZwTraceControl

  Block 4406: ntdll.dll!RtlAcquireSRWLockExclusive

  Block 4407: ntdll.dll!memcmp

  Block 4408: ntdll.dll!memcmp

  Block 4409: ntdll.dll!memcmp

  Block 4410: ntdll.dll!memcmp

  Block 4411: ntdll.dll!memcmp

  Block 4412: ntdll.dll!RtlRbInsertNodeEx

  Block 4413: ntdll.dll!RtlReleaseSRWLockExclusive

  Block 4414: ntdll.dll!RtlAcquireSRWLockExclusive

  Block 4415: ntdll.dll!RtlReleaseSRWLockExclusive

  Block 4416: ntdll.dll!RtlReleaseSRWLockExclusive

  Block 4417: KERNELBASE.dll!DisableThreadLibraryCalls

  Block 4418: ntdll.dll!LdrDisableThreadCalloutsForDll

  Block 4419: ntdll.dll!RtlAcquireSRWLockExclusive

  Block 4420: ntdll.dll!RtlReleaseSRWLockExclusive

  Block 4421: KERNEL32.dll!TlsAlloc

  Block 4422: KERNELBASE.dll!TlsAlloc

  Block 4423: ntdll.dll!RtlAcquirePebLock

  Block 4424: ntdll.dll!RtlEnterCriticalSection

  Block 4425: ntdll.dll!RtlFindClearBitsAndSet

  Block 4426: ntdll.dll!RtlSetBits

  Block 4427: ntdll.dll!RtlReleasePebLock

  Block 4428: ntdll.dll!RtlLeaveCriticalSection

  Block 4429: KERNEL32.dll!TlsAlloc

  Block 4430: KERNELBASE.dll!TlsAlloc

  Block 4431: ntdll.dll!RtlAcquirePebLock

  Block 4432: ntdll.dll!RtlEnterCriticalSection

  Block 4433: ntdll.dll!RtlFindClearBitsAndSet

  Block 4434: ntdll.dll!RtlSetBits

  Block 4435: ntdll.dll!RtlReleasePebLock

  Block 4436: ntdll.dll!RtlLeaveCriticalSection

  Block 4437: ntdll.dll!RtlGetCurrentServiceSessionId

  Block 4438: ntdll.dll!RtlDeactivateActivationContextUnsafeFast

  Block 4439: ntdll.dll!RtlLeaveCriticalSection

  Block 4440: ntdll.dll!RtlGetCurrentServiceSessionId

  Block 4441: ntdll.dll!RtlAcquireSRWLockExclusive

  Block 4442: ntdll.dll!RtlAllocateHeap

  Block 4443: ntdll.dll!RtlReleaseSRWLockExclusive

  Block 4444: ntdll.dll!RtlFreeHeap

  Block 4445: ntdll.dll!RtlTryEnterCriticalSection

  Block 4446: ntdll.dll!RtlFreeHeap

  Block 4447: ntdll.dll!RtlTryEnterCriticalSection

  Block 4448: ntdll.dll!RtlFreeHeap

  Block 4449: ntdll.dll!RtlTryEnterCriticalSection

  Block 4450: ntdll.dll!RtlFreeHeap

  Block 4451: ntdll.dll!RtlTryEnterCriticalSection

  Block 4452: ntdll.dll!RtlEnterCriticalSection

  Block 4453: ntdll.dll!RtlLeaveCriticalSection

  Block 4454: ntdll.dll!ZwSetEvent

  Block 4455: ntdll.dll!RtlDeactivateActivationContextUnsafeFast

  Block 4456: ntdll.dll!RtlGetCurrentServiceSessionId

  Block 4457: ntdll.dll!RtlGetCurrentServiceSessionId

  Block 4458: ntdll.dll!LdrControlFlowGuardEnforced

  Block 4459: ntdll.dll!RtlImageNtHeaderEx

  Block 4460: ntdll.dll!RtlImageNtHeaderEx

  Block 4461: ntdll.dll!RtlImageNtHeaderEx

  Block 4462: ntdll.dll!RtlImageNtHeaderEx

  Block 4463: ntdll.dll!RtlImageNtHeaderEx

  Block 4464: ntdll.dll!RtlImageNtHeaderEx

  Block 4465: ntdll.dll!RtlImageNtHeaderEx

  Block 4466: ntdll.dll!RtlImageNtHeaderEx

  Block 4467: ntdll.dll!RtlImageNtHeaderEx

  Block 4468: ntdll.dll!RtlImageNtHeaderEx

  Block 4469: ntdll.dll!RtlImageNtHeaderEx

  Block 4470: ntdll.dll!RtlImageNtHeaderEx

  Block 4471: ntdll.dll!RtlImageNtHeaderEx

  Block 4472: ntdll.dll!RtlImageNtHeaderEx

  Block 4473: ntdll.dll!RtlImageNtHeaderEx

  Block 4474: ntdll.dll!RtlImageNtHeaderEx

  Block 4475: ntdll.dll!RtlImageNtHeaderEx

  Block 4476: ntdll.dll!RtlImageNtHeaderEx

  Block 4477: ntdll.dll!RtlImageNtHeaderEx

  Block 4478: ntdll.dll!RtlImageNtHeaderEx

  Block 4479: ntdll.dll!RtlImageNtHeaderEx

  Block 4480: ntdll.dll!RtlImageNtHeaderEx

  Block 4481: ntdll.dll!RtlImageNtHeaderEx

  Block 4482: ntdll.dll!RtlImageNtHeaderEx

  Block 4483: ntdll.dll!RtlImageNtHeaderEx

  Block 4484: ntdll.dll!RtlImageNtHeaderEx

  Block 4485: ntdll.dll!RtlImageNtHeaderEx

  Block 4486: ntdll.dll!RtlImageNtHeaderEx

  Block 4487: ntdll.dll!RtlImageNtHeaderEx

  Block 4488: ntdll.dll!RtlImageNtHeaderEx

  Block 4489: ntdll.dll!RtlImageNtHeaderEx

  Block 4490: ntdll.dll!RtlImageNtHeaderEx

  Block 4491: ntdll.dll!RtlImageNtHeaderEx

  Block 4492: ntdll.dll!RtlImageNtHeaderEx

  Block 4493: ntdll.dll!RtlImageNtHeaderEx

  Block 4494: ntdll.dll!RtlImageNtHeaderEx

  Block 4495: ntdll.dll!RtlImageNtHeaderEx

  Block 4496: ntdll.dll!RtlImageNtHeaderEx

  Block 4497: ntdll.dll!RtlImageNtHeaderEx

  Block 4498: ntdll.dll!RtlImageNtHeaderEx

  Block 4499: ntdll.dll!RtlImageNtHeaderEx

  Block 4500: ntdll.dll!RtlImageNtHeaderEx

  Block 4501: ntdll.dll!RtlImageNtHeaderEx

  Block 4502: ntdll.dll!RtlImageNtHeaderEx

  Block 4503: ntdll.dll!RtlAcquireSRWLockExclusive

  Block 4504: ntdll.dll!ZwProtectVirtualMemory

  Block 4505: ntdll.dll!ZwProtectVirtualMemory

  Block 4506: ntdll.dll!LdrControlFlowGuardEnforced

  Block 4507: ntdll.dll!RtlReleaseSRWLockExclusive

  Block 4508: KERNELBASE.dll!GetModuleHandleW

  Block 4509: KERNELBASE.dll!GetModuleFileNameW

  Block 4510: ntdll.dll!LdrGetDllFullName

  Block 4511: ntdll.dll!RtlAcquireSRWLockExclusive

  Block 4512: ntdll.dll!RtlReleaseSRWLockExclusive

  Block 4513: ntdll.dll!RtlCopyUnicodeString

  Block 4514: ntdll.dll!memmove

  Block 4516: KERNELBASE.dll!PathFindFileNameW

  Block 4517: KERNEL32.dll!uaw_lstrcmpiW

  Block 4518: KERNELBASE.dll!lstrcmpiW

  Block 4519: ntdll.dll!ZwQueryInformationToken

  Block 4520: ntdll.dll!RtlAcquireSRWLockExclusive

  Block 4521: ntdll.dll!CsrAllocateCaptureBuffer

  Block 4522: ntdll.dll!RtlAllocateHeap

  Block 4523: ntdll.dll!RtlLeaveCriticalSection

  Block 4525: ntdll.dll!CsrCaptureMessageBuffer

  Block 4526: ntdll.dll!CsrAllocateMessagePointer

  Block 4527: ntdll.dll!CsrClientCallServer

  Block 4528: ntdll.dll!ZwAlpcSendWaitReceivePort

  Block 4530: ntdll.dll!CsrFreeCaptureBuffer

  Block 4531: ntdll.dll!RtlFreeHeap

  Block 4532: ntdll.dll!RtlTryEnterCriticalSection

  Block 4533: KERNELBASE.dll!GetNamedLocaleHashNode

  Block 4534: ntdll.dll!RtlAcquireSRWLockExclusive

  Block 4535: ntdll.dll!RtlInitUnicodeString

  Block 4536: ntdll.dll!ZwOpenKey

  Block 4537: ntdll.dll!RtlInitUnicodeString

  Block 4538: ntdll.dll!memset

  Block 4539: ntdll.dll!ZwQueryValueKey

  Block 4540: ntdll.dll!ZwClose

  Block 4541: ntdll.dll!RtlInitUnicodeString

  Block 4542: ntdll.dll!ZwOpenKey

  Block 4543: ntdll.dll!RtlInitUnicodeString

  Block 4544: ntdll.dll!memset

  Block 4545: ntdll.dll!ZwQueryValueKey

  Block 4546: ntdll.dll!ZwClose

  Block 4547: ntdll.dll!RtlAllocateHeap

  Block 4548: ntdll.dll!RtlLeaveCriticalSection

  Block 4549: ntdll.dll!memset

  Block 4550: ntdll.dll!RtlReleaseSRWLockExclusive

  Block 4551: ntdll.dll!RtlReleaseSRWLockExclusive

  Block 4552: KERNELBASE.dll!GetNamedLocaleHashNode

  Block 4553: ntdll.dll!memset

  Block 4554: ntdll.dll!RtlIntegerToUnicodeString

  Block 4555: ntdll.dll!RtlIntegerToChar

  Block 4556: ntdll.dll!memmove

  Block 4558: ntdll.dll!RtlInitUnicodeString

  Block 4560: ntdll.dll!ZwQueryValueKey

  Block 4561: KERNELBASE.dll!LoadLibraryExW

  Block 4562: ntdll.dll!RtlInitUnicodeStringEx

  Block 4563: ntdll.dll!LdrLoadDll

  Block 4565: ntdll.dll!RtlDosApplyFileIsolationRedirection_Ustr

  Block 4566: ntdll.dll!RtlFindCharInUnicodeString

  Block 4568: ntdll.dll!RtlFindActivationContextSectionString

  Block 4569: ntdll.dll!bsearch

  Block 4570: ntdll.dll!RtlHashUnicodeString

  Block 4571: ntdll.dll!bsearch

  Block 4572: ntdll.dll!bsearch

  Block 4575: ntdll.dll!memmove

  Block 4576: ntdll.dll!RtlAcquireSRWLockExclusive

  Block 4577: ntdll.dll!RtlEqualUnicodeString

  Block 4578: ntdll.dll!RtlReleaseSRWLockExclusive

  Block 4579: ntdll.dll!RtlGetCurrentServiceSessionId

  Block 4580: ntdll.dll!RtlAcquireSRWLockExclusive

  Block 4581: ntdll.dll!RtlReleaseSRWLockExclusive

  Block 4582: KERNELBASE.dll!GetProcAddress

  Block 4583: ntdll.dll!RtlInitString

  Block 4584: ntdll.dll!LdrGetProcedureAddressForCaller

  Block 4585: ntdll.dll!RtlEnterCriticalSection

  Block 4586: ntdll.dll!RtlLeaveCriticalSection

  Block 4587: ntdll.dll!RtlAcquireSRWLockExclusive

  Block 4588: ntdll.dll!RtlReleaseSRWLockExclusive

  Block 4589: ntdll.dll!RtlAcquireSRWLockExclusive

  Block 4590: ntdll.dll!RtlReleaseSRWLockExclusive

  Block 4591: ntdll.dll!memset

  Block 4592: ntdll.dll!RtlImageNtHeaderEx

  Block 4593: ntdll.dll!LdrControlFlowGuardEnforced

  Block 4594: ntdll.dll!LdrControlFlowGuardEnforced

  Block 4595: KERNELBASE.dll!GetProcAddress

  Block 4596: ntdll.dll!RtlInitString

  Block 4597: ntdll.dll!LdrGetProcedureAddressForCaller

  Block 4598: ntdll.dll!RtlEnterCriticalSection

  Block 4599: ntdll.dll!RtlLeaveCriticalSection

  Block 4600: ntdll.dll!RtlAcquireSRWLockExclusive

  Block 4601: ntdll.dll!RtlReleaseSRWLockExclusive

  Block 4602: ntdll.dll!RtlAcquireSRWLockExclusive

  Block 4603: ntdll.dll!RtlReleaseSRWLockExclusive

  Block 4604: ntdll.dll!memset

  Block 4605: ntdll.dll!RtlImageNtHeaderEx

  Block 4606: ntdll.dll!LdrControlFlowGuardEnforced

  Block 4607: ntdll.dll!LdrControlFlowGuardEnforced

  Block 4608: ntdll.dll!RtlAllocateHeap

  Block 4609: ntdll.dll!memset

  Block 4610: ntdll.dll!RtlAcquireSRWLockExclusive

  Block 4611: ntdll.dll!RtlReleaseSRWLockExclusive

  Block 4612: KERNEL32.dll!SortGetHandle

  Block 4613: KERNELBASE.dll!IsValidLocaleName

  Block 4614: KERNELBASE.dll!GetNamedLocaleHashNode

  Block 4615: ntdll.dll!memset

  Block 4616: KERNELBASE.dll!KernelBaseGetGlobalData

  Block 4617: KERNELBASE.dll!KernelBaseGetGlobalData

  Block 4618: ntdll.dll!memmove

  Block 4619: KERNELBASE.dll!CreateFileW

  Block 4620: ntdll.dll!RtlInitUnicodeStringEx

  Block 4621: ntdll.dll!RtlDosPathNameToRelativeNtPathName_U_WithStatus

  Block 4622: ntdll.dll!RtlInitUnicodeStringEx

  Block 4624: ntdll.dll!RtlAllocateHeap

  Block 4625: ntdll.dll!RtlLeaveCriticalSection

  Block 4626: ntdll.dll!memmove

  Block 4628: ntdll.dll!SbSelectProcedure

  Block 4629: ntdll.dll!RtlAcquireSRWLockShared

  Block 4630: ntdll.dll!RtlReleaseSRWLockShared

  Block 4631: ntdll.dll!memset

  Block 4632: KERNELBASE.dll!_amsg_exit

  Block 4633: ntdll.dll!ZwCreateFile

  Block 4634: ntdll.dll!RtlReleaseRelativeName

  Block 4635: ntdll.dll!RtlFreeHeap

  Block 4636: ntdll.dll!RtlTryEnterCriticalSection

  Block 4637: ntdll.dll!RtlFreeHeap

  Block 4638: ntdll.dll!RtlSetLastWin32Error

  Block 4639: KERNELBASE.dll!CreateFileMappingW

  Block 4640: KERNELBASE.dll!CreateFileMappingNumaW

  Block 4642: ntdll.dll!ZwCreateSection

  Block 4643: ntdll.dll!RtlSetLastWin32Error

  Block 4644: KERNELBASE.dll!MapViewOfFile

  Block 4645: KERNELBASE.dll!MapViewOfFileExNuma

  Block 4646: ntdll.dll!ZwMapViewOfSection

  Block 4647: KERNELBASE.dll!CloseHandle

  Block 4648: ntdll.dll!SbSelectProcedure

  Block 4649: ntdll.dll!memset

  Block 4650: ntdll.dll!ZwClose

  Block 4651: KERNELBASE.dll!CloseHandle

  Block 4652: ntdll.dll!SbSelectProcedure

  Block 4653: ntdll.dll!memset

  Block 4654: ntdll.dll!ZwClose

  Block 4656: ntdll.dll!ZwOpenKey

  Block 4657: ntdll.dll!RtlInitUnicodeString

  Block 4659: ntdll.dll!ZwQueryValueKey

  Block 4660: ntdll.dll!RtlInitUnicodeString

  Block 4662: ntdll.dll!ZwQueryValueKey

  Block 4663: ntdll.dll!RtlAllocateHeap

  Block 4664: ntdll.dll!RtlLeaveCriticalSection

  Block 4665: ntdll.dll!memset

  Block 4666: KERNEL32.dll!uaw_lstrcmpiW

  Block 4667: KERNELBASE.dll!lstrcmpiW

  Block 4668: KERNEL32.dll!uaw_lstrcmpiW

  Block 4669: KERNELBASE.dll!lstrcmpiW

  Block 4670: KERNEL32.dll!uaw_lstrcmpiW

  Block 4671: KERNELBASE.dll!lstrcmpiW

  Block 4672: KERNEL32.dll!uaw_lstrcmpiW

  Block 4673: KERNELBASE.dll!lstrcmpiW

  Block 4674: KERNEL32.dll!uaw_lstrcmpiW

  Block 4675: KERNELBASE.dll!lstrcmpiW

  Block 4676: KERNEL32.dll!uaw_lstrcmpiW

  Block 4677: KERNELBASE.dll!lstrcmpiW

  Block 4678: KERNEL32.dll!uaw_lstrcmpiW

  Block 4679: KERNELBASE.dll!lstrcmpiW

  Block 4680: KERNEL32.dll!uaw_lstrcmpiW

  Block 4681: KERNELBASE.dll!lstrcmpiW

  Block 4682: KERNEL32.dll!uaw_lstrcmpiW

  Block 4683: KERNELBASE.dll!lstrcmpiW

  Block 4684: KERNEL32.dll!uaw_lstrcmpiW

  Block 4685: KERNELBASE.dll!lstrcmpiW

  Block 4686: KERNEL32.dll!uaw_lstrcmpiW

  Block 4687: KERNELBASE.dll!lstrcmpiW

  Block 4688: KERNEL32.dll!uaw_lstrcmpiW

  Block 4689: KERNELBASE.dll!lstrcmpiW

  Block 4690: KERNEL32.dll!uaw_lstrcmpiW

  Block 4691: KERNELBASE.dll!lstrcmpiW

  Block 4692: KERNEL32.dll!uaw_lstrcmpiW

  Block 4693: KERNELBASE.dll!lstrcmpiW

  Block 4694: KERNEL32.dll!uaw_lstrcmpiW

  Block 4695: KERNELBASE.dll!lstrcmpiW

  Block 4696: KERNEL32.dll!uaw_lstrcmpiW

  Block 4697: KERNELBASE.dll!lstrcmpiW

  Block 4698: KERNEL32.dll!uaw_lstrcmpiW

  Block 4699: KERNELBASE.dll!lstrcmpiW

  Block 4700: KERNEL32.dll!uaw_lstrcmpiW

  Block 4701: KERNELBASE.dll!lstrcmpiW

  Block 4702: KERNEL32.dll!uaw_lstrcmpiW

  Block 4703: KERNELBASE.dll!lstrcmpiW

  Block 4704: KERNEL32.dll!uaw_lstrcmpiW

  Block 4705: KERNELBASE.dll!lstrcmpiW

  Block 4706: KERNEL32.dll!uaw_lstrcmpiW

  Block 4707: KERNELBASE.dll!lstrcmpiW

  Block 4708: KERNEL32.dll!uaw_lstrcmpiW

  Block 4709: KERNELBASE.dll!lstrcmpiW

  Block 4710: KERNEL32.dll!uaw_lstrcmpiW

  Block 4711: KERNELBASE.dll!lstrcmpiW

  Block 4712: KERNEL32.dll!uaw_lstrcmpiW

  Block 4713: KERNELBASE.dll!lstrcmpiW

  Block 4714: KERNEL32.dll!uaw_lstrcmpiW

  Block 4715: KERNELBASE.dll!lstrcmpiW

  Block 4716: KERNEL32.dll!uaw_lstrcmpiW

  Block 4717: KERNELBASE.dll!lstrcmpiW

  Block 4718: KERNEL32.dll!uaw_lstrcmpiW

  Block 4719: KERNELBASE.dll!lstrcmpiW

  Block 4720: KERNEL32.dll!uaw_lstrcmpiW

  Block 4721: KERNELBASE.dll!lstrcmpiW

  Block 4722: KERNEL32.dll!uaw_lstrcmpiW

  Block 4723: KERNELBASE.dll!lstrcmpiW

  Block 4724: KERNEL32.dll!uaw_lstrcmpiW

  Block 4725: KERNELBASE.dll!lstrcmpiW

  Block 4726: KERNEL32.dll!uaw_lstrcmpiW

  Block 4727: KERNELBASE.dll!lstrcmpiW

  Block 4728: KERNEL32.dll!uaw_lstrcmpiW

  Block 4729: KERNELBASE.dll!lstrcmpiW

  Block 4730: KERNEL32.dll!uaw_lstrcmpiW

  Block 4731: KERNELBASE.dll!lstrcmpiW

  Block 4732: KERNEL32.dll!uaw_lstrcmpiW

  Block 4733: KERNELBASE.dll!lstrcmpiW

  Block 4734: KERNELBASE.dll!PathFindFileNameW

  Block 4735: msvcrt.dll!_vsnwprintf

  Block 4736: msvcrt.dll!_vsnwprintf_l

  Block 4738: KERNELBASE.dll!FlsGetValue

  Block 4739: ntdll.dll!RtlFlsGetValue

  Block 4740: ntdll.dll!RtlSetLastWin32Error

  Block 4741: KERNELBASE.dll!RegOpenKeyExW

  Block 4742: KERNELBASE.dll!RegOpenKeyExInternalW

  Block 4743: KERNELBASE.dll!MapPredefinedHandleInternal

  Block 4744: ntdll.dll!RtlGetCurrentTransaction

  Block 4745: ntdll.dll!RtlSetCurrentTransaction

  Block 4746: ntdll.dll!RtlAcquireSRWLockExclusive

  Block 4747: ntdll.dll!RtlReleaseSRWLockExclusive

  Block 4748: ntdll.dll!RtlSetCurrentTransaction

  Block 4749: ntdll.dll!RtlInitUnicodeStringEx

  Block 4750: ntdll.dll!ZwQueryKey

  Block 4751: ntdll.dll!ZwOpenKeyEx

  Block 4752: KERNEL32.dll!TermsrvOpenRegEntry

  Block 4753: ntdll.dll!RtlNtStatusToDosError

  Block 4754: ntdll.dll!RtlAcquireSRWLockExclusive

  Block 4755: ntdll.dll!RtlReleaseSRWLockExclusive

  Block 4758: KERNELBASE.dll!InitOnceBeginInitialize

  Block 4759: ntdll.dll!RtlRunOnceBeginInitialize

  Block 4761: KERNELBASE.dll!FlsSetValue

  Block 4762: ntdll.dll!RtlFlsSetValue

  Block 4765: KERNELBASE.dll!FlsGetValue

  Block 4766: ntdll.dll!RtlFlsGetValue

  Block 4767: ntdll.dll!RtlSetLastWin32Error

  Block 4768: ntdll.dll!RtlEnterCriticalSection

  Block 4769: ntdll.dll!RtlLeaveCriticalSection

  Block 4770: KERNELBASE.dll!FlsSetValue

  Block 4771: ntdll.dll!RtlFlsSetValue

  Block 4772: ntdll.dll!EtwEventRegister

  Block 4773: ntdll.dll!EtwNotificationRegister

  Block 4774: ntdll.dll!RtlInterlockedPopEntrySList

  Block 4775: ntdll.dll!ExpInterlockedPopEntrySListResume

  Block 4776: ntdll.dll!RtlAllocateHeap

  Block 4777: ntdll.dll!memset

  Block 4778: ntdll.dll!RtlAcquireSRWLockExclusive

  Block 4779: ntdll.dll!memset

  Block 4781: ntdll.dll!ZwTraceControl

  Block 4782: ntdll.dll!RtlAcquireSRWLockExclusive

  Block 4783: ntdll.dll!memcmp

  Block 4784: ntdll.dll!memcmp

  Block 4785: ntdll.dll!memcmp

  Block 4786: ntdll.dll!memcmp

  Block 4787: ntdll.dll!memcmp

  Block 4788: ntdll.dll!memcmp

  Block 4789: ntdll.dll!RtlRbInsertNodeEx

  Block 4790: ntdll.dll!RtlReleaseSRWLockExclusive

  Block 4791: ntdll.dll!RtlAcquireSRWLockExclusive

  Block 4792: ntdll.dll!RtlReleaseSRWLockExclusive

  Block 4793: ntdll.dll!RtlReleaseSRWLockExclusive

  Block 4794: ntdll.dll!EtwEventSetInformation

  Block 4795: ntdll.dll!RtlAcquireSRWLockExclusive

  Block 4796: ntdll.dll!memset

  Block 4797: ntdll.dll!ZwTraceControl

  Block 4798: ntdll.dll!RtlReleaseSRWLockExclusive

  Block 4799: SHELL32.dll!OpenAs_RunDLLA

  Block 4800: KERNELBASE.dll!InitOnceComplete

  Block 4801: ntdll.dll!RtlRunOnceComplete

  Block 4802: KERNELBASE.dll!InitOnceBeginInitialize

  Block 4803: ntdll.dll!RtlRunOnceBeginInitialize

  Block 4804: KERNEL32.dll!GetCurrentThreadId

  Block 4805: KERNELBASE.dll!GetProcessHeap

  Block 4806: ntdll.dll!RtlAllocateHeap

  Block 4807: KERNELBASE.dll!GetProcessHeap

  Block 4808: KERNELBASE.dll!GetProcAddress

  Block 4809: ntdll.dll!RtlInitString

  Block 4810: ntdll.dll!LdrGetProcedureAddressForCaller

  Block 4811: ntdll.dll!RtlEnterCriticalSection

  Block 4812: ntdll.dll!RtlLeaveCriticalSection

  Block 4813: ntdll.dll!RtlAcquireSRWLockExclusive

  Block 4814: ntdll.dll!RtlReleaseSRWLockExclusive

  Block 4815: ntdll.dll!memset

  Block 4816: ntdll.dll!RtlImageNtHeaderEx

  Block 4817: ntdll.dll!LdrControlFlowGuardEnforced

  Block 4818: ntdll.dll!LdrControlFlowGuardEnforced

  Block 4819: ntdll.dll!RtlDisownModuleHeapAllocation

  Block 4820: KERNEL32.dll!GetCurrentThreadId

  Block 4822: ntdll.dll!RtlCompareUnicodeStrings

  Block 4823: KERNELBASE.dll!GetProcessHeap

  Block 4824: ntdll.dll!RtlAllocateHeap

  Block 4825: ntdll.dll!RtlLeaveCriticalSection

  Block 4826: ntdll.dll!memset

  Block 4827: KERNELBASE.dll!GetProcessHeap

  Block 4828: ntdll.dll!RtlAllocateHeap

  Block 4829: ntdll.dll!RtlLeaveCriticalSection

  Block 4830: ntdll.dll!memset

  Block 4831: KERNELBASE.dll!ResolveDelayLoadedAPI

  Block 4832: ntdll.dll!LdrResolveDelayLoadedAPI

  Block 4833: ntdll.dll!RtlAcquireSRWLockExclusive

  Block 4834: ntdll.dll!RtlReleaseSRWLockExclusive

  Block 4835: ntdll.dll!memset

  Block 4836: ntdll.dll!RtlInitString

  Block 4837: ntdll.dll!RtlxOemStringToUnicodeSize

  Block 4838: ntdll.dll!RtlMultiByteToUnicodeSize

  Block 4839: ntdll.dll!RtlAnsiStringToUnicodeString

  Block 4840: ntdll.dll!RtlActivateActivationContextUnsafeFast

  Block 4841: ntdll.dll!RtlDosApplyFileIsolationRedirection_Ustr

  Block 4842: ntdll.dll!RtlFindCharInUnicodeString

  Block 4844: ntdll.dll!RtlFindActivationContextSectionString

  Block 4845: ntdll.dll!bsearch

  Block 4846: ntdll.dll!RtlHashUnicodeString

  Block 4847: ntdll.dll!bsearch

  Block 4848: ntdll.dll!bsearch

  Block 4850: ntdll.dll!memset

  Block 4851: ntdll.dll!memmove

  Block 4852: ntdll.dll!RtlAcquireSRWLockExclusive

  Block 4853: ntdll.dll!RtlEqualUnicodeString

  Block 4854: ntdll.dll!RtlReleaseSRWLockExclusive

  Block 4855: ntdll.dll!RtlGetCurrentServiceSessionId

  Block 4856: ntdll.dll!RtlAcquireSRWLockExclusive

  Block 4857: ntdll.dll!RtlReleaseSRWLockExclusive

  Block 4858: ntdll.dll!RtlAcquireSRWLockExclusive

  Block 4859: ntdll.dll!RtlReleaseSRWLockExclusive

  Block 4860: ntdll.dll!RtlDeactivateActivationContextUnsafeFast

  Block 4861: ntdll.dll!RtlGetCurrentServiceSessionId

  Block 4862: ntdll.dll!RtlGetCurrentServiceSessionId

  Block 4863: ntdll.dll!LdrControlFlowGuardEnforced

  Block 4864: ntdll.dll!RtlImageNtHeaderEx

  Block 4865: ntdll.dll!RtlImageNtHeaderEx

  Block 4866: ntdll.dll!RtlImageNtHeaderEx

  Block 4867: ntdll.dll!RtlAcquireSRWLockExclusive

  Block 4868: ntdll.dll!ZwProtectVirtualMemory

  Block 4869: ntdll.dll!ZwProtectVirtualMemory

  Block 4870: ntdll.dll!LdrControlFlowGuardEnforced

  Block 4871: ntdll.dll!RtlReleaseSRWLockExclusive

  Block 4872: RPCRT4.dll!UuidCreate

  Block 4873: KERNELBASE.dll!ResolveDelayLoadedAPI

  Block 4874: ntdll.dll!LdrResolveDelayLoadedAPI

  Block 4875: ntdll.dll!RtlAcquireSRWLockExclusive

  Block 4876: ntdll.dll!RtlReleaseSRWLockExclusive

  Block 4877: ntdll.dll!memset

  Block 4878: ntdll.dll!RtlInitString

  Block 4879: ntdll.dll!RtlxOemStringToUnicodeSize

  Block 4880: ntdll.dll!RtlMultiByteToUnicodeSize

  Block 4881: ntdll.dll!RtlAnsiStringToUnicodeString

  Block 4882: ntdll.dll!RtlActivateActivationContextUnsafeFast

  Block 4883: ntdll.dll!RtlDosApplyFileIsolationRedirection_Ustr

  Block 4884: ntdll.dll!RtlFindCharInUnicodeString

  Block 4886: ntdll.dll!RtlFindActivationContextSectionString

  Block 4887: ntdll.dll!bsearch

  Block 4888: ntdll.dll!RtlHashUnicodeString

  Block 4889: ntdll.dll!bsearch

  Block 4890: ntdll.dll!bsearch

  Block 4892: ntdll.dll!memset

  Block 4893: ntdll.dll!memmove

  Block 4894: ntdll.dll!RtlAcquireSRWLockExclusive

  Block 4895: ntdll.dll!RtlReleaseSRWLockExclusive

  Block 4896: ntdll.dll!RtlGetCurrentServiceSessionId

  Block 4897: ntdll.dll!RtlEnterCriticalSection

  Block 4898: ntdll.dll!RtlLeaveCriticalSection

  Block 4899: ntdll.dll!ZwSetInformationProcess

  Block 4900: ntdll.dll!RtlAcquireSRWLockExclusive

  Block 4901: ntdll.dll!RtlReleaseSRWLockExclusive

  Block 4902: ntdll.dll!RtlGetCurrentServiceSessionId

  Block 4903: ntdll.dll!RtlAllocateHeap

  Block 4904: ntdll.dll!RtlLeaveCriticalSection

  Block 4905: ntdll.dll!memset

  Block 4906: ntdll.dll!memmove

  Block 4907: ntdll.dll!RtlAllocateHeap

  Block 4908: ntdll.dll!memset

  Block 4909: ntdll.dll!RtlAllocateHeap

  Block 4910: ntdll.dll!memset

  Block 4911: ntdll.dll!ZwOpenSection

  Block 4912: ntdll.dll!RtlAllocateHeap

  Block 4913: ntdll.dll!RtlAppendUnicodeStringToString

  Block 4914: ntdll.dll!memmove

  Block 4915: ntdll.dll!RtlAppendUnicodeToString

  Block 4916: ntdll.dll!memmove

  Block 4917: ntdll.dll!RtlAppendUnicodeStringToString

  Block 4918: ntdll.dll!memmove

  Block 4919: ntdll.dll!RtlInitUnicodeStringEx

  Block 4920: ntdll.dll!RtlHashUnicodeString

  Block 4921: ntdll.dll!RtlAcquireSRWLockExclusive

  Block 4922: ntdll.dll!RtlReleaseSRWLockExclusive

  Block 4923: ntdll.dll!RtlEqualUnicodeString

  Block 4924: ntdll.dll!ZwMapViewOfSection

  Block 4925: ntdll.dll!RtlImageNtHeaderEx

  Block 4926: ntdll.dll!RtlAcquireSRWLockExclusive

  Block 4928: ntdll.dll!RtlRbInsertNodeEx

  Block 4929: ntdll.dll!RtlReleaseSRWLockExclusive

  Block 4930: ntdll.dll!RtlIsCriticalSectionLockedByThread

  Block 4931: ntdll.dll!RtlImageNtHeaderEx

  Block 4932: ntdll.dll!RtlImageNtHeaderEx

  Block 4933: ntdll.dll!RtlImageNtHeaderEx

  Block 4934: ntdll.dll!RtlIsProcessorFeaturePresent

  Block 4935: ntdll.dll!RtlImageNtHeaderEx

  Block 4936: ntdll.dll!RtlImageNtHeaderEx

  Block 4937: ntdll.dll!RtlImageNtHeaderEx

  Block 4938: ntdll.dll!RtlImageRvaToSection

  Block 4939: ntdll.dll!ZwQueryPerformanceCounter

  Block 4940: ntdll.dll!RtlImageNtHeaderEx

  Block 4941: ntdll.dll!LdrControlFlowGuardEnforced

  Block 4942: ntdll.dll!LdrControlFlowGuardEnforced

  Block 4943: ntdll.dll!ZwProtectVirtualMemory

  Block 4944: ntdll.dll!LdrControlFlowGuardEnforced

  Block 4945: ntdll.dll!ZwProtectVirtualMemory

  Block 4946: ntdll.dll!ZwProtectVirtualMemory

  Block 4947: ntdll.dll!LdrControlFlowGuardEnforced

  Block 4948: ntdll.dll!ZwProtectVirtualMemory

  Block 4949: ntdll.dll!RtlImageNtHeaderEx

  Block 4950: ntdll.dll!RtlAcquireSRWLockExclusive

  Block 4951: ntdll.dll!RtlAcquireSRWLockExclusive

  Block 4952: ntdll.dll!ZwProtectVirtualMemory

  Block 4953: ntdll.dll!RtlReleaseSRWLockExclusive

  Block 4955: ntdll.dll!RtlAcquireSRWLockExclusive

  Block 4956: ntdll.dll!ZwProtectVirtualMemory

  Block 4957: ntdll.dll!RtlReleaseSRWLockExclusive

  Block 4958: ntdll.dll!RtlReleaseSRWLockExclusive

  Block 4959: ntdll.dll!RtlAcquireSRWLockExclusive

  Block 4960: ntdll.dll!RtlReleaseSRWLockExclusive

  Block 4961: ntdll.dll!RtlGetCurrentServiceSessionId

  Block 4962: ntdll.dll!RtlGetCurrentServiceSessionId

  Block 4963: KERNELBASE.dll!InitOnceExecuteOnce

  Block 4964: ntdll.dll!RtlRunOnceExecuteOnce

  Block 4965: ntdll.dll!LdrResFindResourceDirectory

  Block 4966: ntdll.dll!LdrResSearchResource

  Block 4967: ntdll.dll!RtlGetCurrentServiceSessionId

  Block 4968: ntdll.dll!memmove

  Block 4969: ntdll.dll!LdrpResGetMappingSize

  Block 4970: ntdll.dll!RtlGetCurrentServiceSessionId

  Block 4971: ntdll.dll!RtlImageNtHeaderEx

  Block 4972: ntdll.dll!RtlGetCurrentServiceSessionId

  Block 4973: ntdll.dll!RtlGetCurrentServiceSessionId

  Block 4974: ntdll.dll!LdrpResGetResourceDirectory

  Block 4975: ntdll.dll!RtlGetCurrentServiceSessionId

  Block 4976: ntdll.dll!RtlImageNtHeaderEx

  Block 4978: ntdll.dll!RtlGetCurrentServiceSessionId

  Block 4979: ntdll.dll!RtlGetCurrentServiceSessionId

  Block 4980: ntdll.dll!RtlGetCurrentServiceSessionId

  Block 4981: ntdll.dll!RtlGetCurrentServiceSessionId

  Block 4982: ntdll.dll!RtlImageNtHeaderEx

  Block 4983: ntdll.dll!RtlImageNtHeaderEx

  Block 4984: ntdll.dll!RtlImageNtHeaderEx

  Block 4985: ntdll.dll!RtlImageNtHeaderEx

  Block 4986: ntdll.dll!ZwProtectVirtualMemory

  Block 4987: ntdll.dll!RtlImageNtHeaderEx

  Block 4988: ntdll.dll!RtlAllocateHeap

  Block 4989: ntdll.dll!RtlLeaveCriticalSection

  Block 4990: ntdll.dll!memset

  Block 4991: ntdll.dll!RtlAnsiStringToUnicodeString

  Block 4992: ntdll.dll!RtlDosApplyFileIsolationRedirection_Ustr

  Block 4993: ntdll.dll!RtlFindCharInUnicodeString

  Block 4995: ntdll.dll!RtlFindActivationContextSectionString

  Block 4996: ntdll.dll!bsearch

  Block 4997: ntdll.dll!RtlHashUnicodeString

  Block 4998: ntdll.dll!bsearch

  Block 4999: ntdll.dll!bsearch

  Block 5002: ntdll.dll!memmove

  Block 5003: ntdll.dll!RtlAllocateHeap

  Block 5004: ntdll.dll!RtlAcquireSRWLockExclusive

  Block 5005: ntdll.dll!RtlEqualUnicodeString

  Block 5006: ntdll.dll!RtlReleaseSRWLockExclusive

  Block 5007: ntdll.dll!RtlGetCurrentServiceSessionId

  Block 5008: ntdll.dll!RtlAcquireSRWLockExclusive

  Block 5009: ntdll.dll!RtlAcquireSRWLockExclusive

  Block 5010: ntdll.dll!RtlDeactivateActivationContextUnsafeFast

  Block 5011: ntdll.dll!RtlAnsiStringToUnicodeString

  Block 5012: ntdll.dll!RtlCompareUnicodeStrings

  Block 5013: ntdll.dll!memmove

  Block 5014: ntdll.dll!memmove

  Block 5015: ntdll.dll!RtlAcquireSRWLockExclusive

  Block 5016: ntdll.dll!RtlGetCurrentServiceSessionId

  Block 5017: ntdll.dll!RtlAcquireSRWLockExclusive

  Block 5018: ntdll.dll!RtlAcquireSRWLockExclusive

  Block 5019: ntdll.dll!RtlDeactivateActivationContextUnsafeFast

  Block 5020: ntdll.dll!RtlAnsiStringToUnicodeString

  Block 5021: ntdll.dll!RtlCompareUnicodeStrings

  Block 5022: ntdll.dll!memmove

  Block 5023: ntdll.dll!memmove

  Block 5024: ntdll.dll!RtlAcquireSRWLockExclusive

  Block 5025: ntdll.dll!RtlGetCurrentServiceSessionId

  Block 5026: ntdll.dll!RtlAcquireSRWLockExclusive

  Block 5027: ntdll.dll!RtlAcquireSRWLockExclusive

  Block 5028: ntdll.dll!RtlDeactivateActivationContextUnsafeFast

  Block 5029: ntdll.dll!RtlAnsiStringToUnicodeString

  Block 5030: ntdll.dll!RtlCompareUnicodeStrings

  Block 5031: ntdll.dll!memmove

  Block 5032: ntdll.dll!memmove

  Block 5033: ntdll.dll!RtlAcquireSRWLockExclusive

  Block 5034: ntdll.dll!RtlGetCurrentServiceSessionId

  Block 5035: ntdll.dll!RtlAcquireSRWLockExclusive

  Block 5036: ntdll.dll!RtlAcquireSRWLockExclusive

  Block 5037: ntdll.dll!RtlDeactivateActivationContextUnsafeFast

  Block 5038: ntdll.dll!RtlAnsiStringToUnicodeString

  Block 5039: ntdll.dll!RtlCompareUnicodeStrings

  Block 5040: ntdll.dll!memmove

  Block 5041: ntdll.dll!memmove

  Block 5042: ntdll.dll!RtlAcquireSRWLockExclusive

  Block 5043: ntdll.dll!RtlGetCurrentServiceSessionId

  Block 5044: ntdll.dll!RtlAcquireSRWLockExclusive

  Block 5045: ntdll.dll!RtlAcquireSRWLockExclusive

  Block 5046: ntdll.dll!RtlDeactivateActivationContextUnsafeFast

  Block 5047: ntdll.dll!RtlAnsiStringToUnicodeString

  Block 5048: ntdll.dll!RtlCompareUnicodeStrings

  Block 5049: ntdll.dll!memmove

  Block 5050: ntdll.dll!memmove

  Block 5051: ntdll.dll!RtlAcquireSRWLockExclusive

  Block 5052: ntdll.dll!RtlGetCurrentServiceSessionId

  Block 5053: ntdll.dll!RtlAcquireSRWLockExclusive

  Block 5054: ntdll.dll!RtlAcquireSRWLockExclusive

  Block 5055: ntdll.dll!RtlDeactivateActivationContextUnsafeFast

  Block 5056: ntdll.dll!RtlAnsiStringToUnicodeString

  Block 5057: ntdll.dll!RtlCompareUnicodeStrings

  Block 5058: ntdll.dll!RtlCompareUnicodeStrings

  Block 5059: ntdll.dll!memmove

  Block 5060: ntdll.dll!memmove

  Block 5061: ntdll.dll!RtlAcquireSRWLockExclusive

  Block 5062: ntdll.dll!RtlGetCurrentServiceSessionId

  Block 5063: ntdll.dll!RtlAcquireSRWLockExclusive

  Block 5064: ntdll.dll!RtlAcquireSRWLockExclusive

  Block 5065: ntdll.dll!RtlDeactivateActivationContextUnsafeFast

  Block 5066: ntdll.dll!RtlAnsiStringToUnicodeString

  Block 5067: ntdll.dll!RtlCompareUnicodeStrings

  Block 5068: ntdll.dll!memmove

  Block 5069: ntdll.dll!memmove

  Block 5070: ntdll.dll!RtlAcquireSRWLockExclusive

  Block 5071: ntdll.dll!RtlGetCurrentServiceSessionId

  Block 5072: ntdll.dll!RtlAcquireSRWLockExclusive

  Block 5073: ntdll.dll!RtlAcquireSRWLockExclusive

  Block 5074: ntdll.dll!RtlDeactivateActivationContextUnsafeFast

  Block 5075: ntdll.dll!RtlAnsiStringToUnicodeString

  Block 5076: ntdll.dll!RtlCompareUnicodeStrings

  Block 5077: ntdll.dll!memmove

  Block 5078: ntdll.dll!memmove

  Block 5079: ntdll.dll!RtlAcquireSRWLockExclusive

  Block 5080: ntdll.dll!RtlGetCurrentServiceSessionId

  Block 5081: ntdll.dll!RtlAcquireSRWLockExclusive

  Block 5082: ntdll.dll!RtlAcquireSRWLockExclusive

  Block 5083: ntdll.dll!RtlDeactivateActivationContextUnsafeFast

  Block 5084: ntdll.dll!RtlAnsiStringToUnicodeString

  Block 5085: ntdll.dll!RtlCompareUnicodeStrings

  Block 5086: ntdll.dll!memmove

  Block 5087: ntdll.dll!memmove

  Block 5088: ntdll.dll!RtlAcquireSRWLockExclusive

  Block 5089: ntdll.dll!RtlGetCurrentServiceSessionId

  Block 5090: ntdll.dll!RtlAcquireSRWLockExclusive

  Block 5091: ntdll.dll!RtlAcquireSRWLockExclusive

  Block 5092: ntdll.dll!RtlDeactivateActivationContextUnsafeFast

  Block 5093: ntdll.dll!RtlAnsiStringToUnicodeString

  Block 5094: ntdll.dll!RtlCompareUnicodeStrings

  Block 5095: ntdll.dll!RtlCompareUnicodeStrings

  Block 5096: ntdll.dll!memmove

  Block 5097: ntdll.dll!memmove

  Block 5098: ntdll.dll!RtlAcquireSRWLockExclusive

  Block 5099: ntdll.dll!RtlGetCurrentServiceSessionId

  Block 5100: ntdll.dll!RtlAcquireSRWLockExclusive

  Block 5101: ntdll.dll!RtlAcquireSRWLockExclusive

  Block 5102: ntdll.dll!RtlDeactivateActivationContextUnsafeFast

  Block 5103: ntdll.dll!RtlAnsiStringToUnicodeString

  Block 5104: ntdll.dll!RtlCompareUnicodeStrings

  Block 5105: ntdll.dll!memmove

  Block 5106: ntdll.dll!memmove

  Block 5107: ntdll.dll!RtlAcquireSRWLockExclusive

  Block 5108: ntdll.dll!RtlGetCurrentServiceSessionId

  Block 5109: ntdll.dll!RtlAcquireSRWLockExclusive

  Block 5110: ntdll.dll!RtlAcquireSRWLockExclusive

  Block 5111: ntdll.dll!RtlDeactivateActivationContextUnsafeFast

  Block 5112: ntdll.dll!RtlAnsiStringToUnicodeString

  Block 5113: ntdll.dll!RtlCompareUnicodeStrings

  Block 5114: ntdll.dll!memmove

  Block 5115: ntdll.dll!memmove

  Block 5116: ntdll.dll!RtlAcquireSRWLockExclusive

  Block 5117: ntdll.dll!RtlGetCurrentServiceSessionId

  Block 5118: ntdll.dll!RtlAcquireSRWLockExclusive

  Block 5119: ntdll.dll!RtlAcquireSRWLockExclusive

  Block 5120: ntdll.dll!RtlDeactivateActivationContextUnsafeFast

  Block 5121: ntdll.dll!RtlAnsiStringToUnicodeString

  Block 5122: ntdll.dll!RtlCompareUnicodeStrings

  Block 5123: ntdll.dll!memmove

  Block 5124: ntdll.dll!memmove

  Block 5125: ntdll.dll!RtlAcquireSRWLockExclusive

  Block 5126: ntdll.dll!RtlGetCurrentServiceSessionId

  Block 5127: ntdll.dll!RtlAcquireSRWLockExclusive

  Block 5128: ntdll.dll!RtlAcquireSRWLockExclusive

  Block 5129: ntdll.dll!RtlDeactivateActivationContextUnsafeFast

  Block 5130: ntdll.dll!RtlFreeHeap

  Block 5131: ntdll.dll!RtlGetCurrentServiceSessionId

  Block 5132: ntdll.dll!RtlAcquireSRWLockExclusive

  Block 5133: ntdll.dll!RtlReleaseSRWLockExclusive

  Block 5134: ntdll.dll!RtlEnterCriticalSection

  Block 5135: ntdll.dll!RtlLeaveCriticalSection

  Block 5136: ntdll.dll!ZwClose

  Block 5137: ntdll.dll!RtlEnterCriticalSection

  Block 5138: ntdll.dll!RtlLeaveCriticalSection

  Block 5139: ntdll.dll!RtlImageNtHeaderEx

  Block 5140: ntdll.dll!RtlImageNtHeaderEx

  Block 5141: ntdll.dll!strrchr

  Block 5142: ntdll.dll!RtlImageNtHeaderEx

  Block 5143: ntdll.dll!LdrControlFlowGuardEnforced

  Block 5144: ntdll.dll!RtlImageNtHeaderEx

  Block 5145: ntdll.dll!RtlImageNtHeaderEx

  Block 5146: ntdll.dll!strrchr

  Block 5147: ntdll.dll!RtlImageNtHeaderEx

  Block 5148: ntdll.dll!LdrControlFlowGuardEnforced

  Block 5149: ntdll.dll!strrchr

  Block 5150: ntdll.dll!RtlImageNtHeaderEx

  Block 5151: ntdll.dll!LdrControlFlowGuardEnforced

  Block 5152: ntdll.dll!strrchr

  Block 5153: ntdll.dll!RtlImageNtHeaderEx

  Block 5154: ntdll.dll!LdrControlFlowGuardEnforced

  Block 5155: ntdll.dll!strrchr

  Block 5156: ntdll.dll!RtlImageNtHeaderEx

  Block 5157: ntdll.dll!LdrControlFlowGuardEnforced

  Block 5158: ntdll.dll!RtlImageNtHeaderEx

  Block 5159: ntdll.dll!strrchr

  Block 5160: ntdll.dll!RtlImageNtHeaderEx

  Block 5161: ntdll.dll!LdrControlFlowGuardEnforced

  Block 5162: ntdll.dll!strrchr

  Block 5163: ntdll.dll!RtlImageNtHeaderEx

  Block 5164: ntdll.dll!LdrControlFlowGuardEnforced

  Block 5165: ntdll.dll!RtlImageNtHeaderEx

  Block 5166: ntdll.dll!RtlImageNtHeaderEx

  Block 5167: ntdll.dll!RtlImageNtHeaderEx

  Block 5168: ntdll.dll!RtlImageNtHeaderEx

  Block 5169: ntdll.dll!strrchr

  Block 5170: ntdll.dll!RtlImageNtHeaderEx

  Block 5171: ntdll.dll!LdrControlFlowGuardEnforced

  Block 5172: ntdll.dll!strrchr

  Block 5173: ntdll.dll!RtlImageNtHeaderEx

  Block 5174: ntdll.dll!LdrControlFlowGuardEnforced

  Block 5175: ntdll.dll!strrchr

  Block 5176: ntdll.dll!RtlImageNtHeaderEx

  Block 5177: ntdll.dll!LdrControlFlowGuardEnforced

  Block 5178: ntdll.dll!strrchr

  Block 5179: ntdll.dll!RtlImageNtHeaderEx

  Block 5180: ntdll.dll!LdrControlFlowGuardEnforced

  Block 5181: ntdll.dll!RtlImageNtHeaderEx

  Block 5182: ntdll.dll!RtlImageNtHeaderEx

  Block 5183: ntdll.dll!RtlImageNtHeaderEx

  Block 5184: ntdll.dll!RtlImageNtHeaderEx

  Block 5185: ntdll.dll!RtlImageNtHeaderEx

  Block 5186: ntdll.dll!ZwProtectVirtualMemory

  Block 5187: ntdll.dll!RtlImageNtHeaderEx

  Block 5188: ntdll.dll!LdrControlFlowGuardEnforced

  Block 5189: ntdll.dll!RtlEnterCriticalSection

  Block 5190: ntdll.dll!RtlLeaveCriticalSection

  Block 5191: ntdll.dll!RtlIsCriticalSectionLockedByThread

  Block 5192: ntdll.dll!RtlEnterCriticalSection

  Block 5193: ntdll.dll!RtlImageNtHeader

  Block 5194: ntdll.dll!RtlImageNtHeaderEx

  Block 5195: ntdll.dll!memset

  Block 5196: ntdll.dll!wcsrchr

  Block 5197: ntdll.dll!RtlInitUnicodeStringEx

  Block 5198: ntdll.dll!ZwApphelpCacheControl

  Block 5199: ntdll.dll!RtlEnterCriticalSection

  Block 5200: ntdll.dll!RtlLeaveCriticalSection

  Block 5201: ntdll.dll!RtlLeaveCriticalSection

  Block 5202: ntdll.dll!RtlGetCurrentServiceSessionId

  Block 5203: ntdll.dll!RtlEnterCriticalSection

  Block 5204: ntdll.dll!RtlGetCurrentServiceSessionId

  Block 5205: ntdll.dll!ZwSetInformationVirtualMemory

  Block 5206: ntdll.dll!RtlActivateActivationContextUnsafeFast

  Block 5207: ntdll.dll!RtlGetCurrentServiceSessionId

  Block 5208: ntdll.dll!ZwQueryInformationProcess

  Block 5209: ntdll.dll!ZwQueryInformationProcess

  Block 5210: KERNELBASE.dll!DisableThreadLibraryCalls

  Block 5211: ntdll.dll!LdrDisableThreadCalloutsForDll

  Block 5212: ntdll.dll!RtlAcquireSRWLockExclusive

  Block 5213: ntdll.dll!RtlReleaseSRWLockExclusive

  Block 5214: KERNELBASE.dll!GetEnabledXStateFeatures

  Block 5215: ntdll.dll!RtlGetEnabledExtendedFeatures

  Block 5216: ntdll.dll!RtlImageNtHeader

  Block 5217: ntdll.dll!RtlImageNtHeaderEx

  Block 5218: ntdll.dll!EtwRegisterTraceGuidsW

  Block 5219: ntdll.dll!RtlAllocateHeap

  Block 5220: ntdll.dll!memset

  Block 5221: ntdll.dll!memset

  Block 5222: ntdll.dll!EtwNotificationRegister

  Block 5223: ntdll.dll!RtlInterlockedPopEntrySList

  Block 5224: ntdll.dll!ExpInterlockedPopEntrySListResume

  Block 5225: ntdll.dll!RtlAllocateHeap

  Block 5226: ntdll.dll!memset

  Block 5227: ntdll.dll!RtlAcquireSRWLockExclusive

  Block 5228: ntdll.dll!memset

  Block 5230: ntdll.dll!ZwTraceControl

  Block 5231: ntdll.dll!RtlAcquireSRWLockExclusive

  Block 5232: ntdll.dll!memcmp

  Block 5233: ntdll.dll!memcmp

  Block 5234: ntdll.dll!memcmp

  Block 5235: ntdll.dll!memcmp

  Block 5236: ntdll.dll!memcmp

  Block 5237: ntdll.dll!memcmp

  Block 5238: ntdll.dll!RtlRbInsertNodeEx

  Block 5239: ntdll.dll!RtlReleaseSRWLockExclusive

  Block 5240: ntdll.dll!RtlAcquireSRWLockExclusive

  Block 5241: ntdll.dll!RtlReleaseSRWLockExclusive

  Block 5242: ntdll.dll!RtlReleaseSRWLockExclusive

  Block 5243: ntdll.dll!EtwEventRegister

  Block 5244: ntdll.dll!EtwNotificationRegister

  Block 5245: ntdll.dll!RtlInterlockedPopEntrySList

  Block 5246: ntdll.dll!ExpInterlockedPopEntrySListResume

  Block 5247: ntdll.dll!RtlAllocateHeap

  Block 5248: ntdll.dll!memset

  Block 5249: ntdll.dll!RtlAcquireSRWLockExclusive

  Block 5250: ntdll.dll!memset

  Block 5252: ntdll.dll!ZwTraceControl

  Block 5253: ntdll.dll!RtlAcquireSRWLockExclusive

  Block 5254: ntdll.dll!memcmp

  Block 5255: ntdll.dll!memcmp

  Block 5256: ntdll.dll!memcmp

  Block 5257: ntdll.dll!memcmp

  Block 5258: ntdll.dll!memcmp

  Block 5259: ntdll.dll!memcmp

  Block 5260: ntdll.dll!RtlRbInsertNodeEx

  Block 5261: ntdll.dll!RtlReleaseSRWLockExclusive

  Block 5262: ntdll.dll!RtlAcquireSRWLockExclusive

  Block 5263: ntdll.dll!RtlReleaseSRWLockExclusive

  Block 5264: ntdll.dll!RtlReleaseSRWLockExclusive

  Block 5265: ntdll.dll!EtwEventSetInformation

  Block 5266: ntdll.dll!RtlAcquireSRWLockExclusive

  Block 5267: ntdll.dll!memset

  Block 5268: ntdll.dll!ZwTraceControl

  Block 5269: ntdll.dll!RtlReleaseSRWLockExclusive

  Block 5270: ntdll.dll!RtlInitUnicodeString

  Block 5271: ntdll.dll!RtlInitUnicodeString

  Block 5272: ntdll.dll!ZwOpenKey

  Block 5273: ntdll.dll!ZwQueryValueKey

  Block 5274: ntdll.dll!ZwClose

  Block 5275: ntdll.dll!RtlInitUnicodeString

  Block 5276: ntdll.dll!RtlInitUnicodeString

  Block 5277: ntdll.dll!ZwOpenKey

  Block 5278: ntdll.dll!ZwQueryValueKey

  Block 5279: ntdll.dll!RtlInitUnicodeString

  Block 5280: ntdll.dll!RtlInitUnicodeString

  Block 5281: ntdll.dll!ZwOpenKey

  Block 5282: ntdll.dll!ZwQueryValueKey

  Block 5283: ntdll.dll!RtlInitUnicodeString

  Block 5284: ntdll.dll!ZwQueryValueKey

  Block 5285: ntdll.dll!ZwClose

  Block 5286: ntdll.dll!ZwClose

  Block 5287: ntdll.dll!RtlInitUnicodeString

  Block 5288: ntdll.dll!RtlInitUnicodeString

  Block 5289: ntdll.dll!ZwOpenKey

  Block 5290: ntdll.dll!RtlInitUnicodeString

  Block 5291: ntdll.dll!ZwOpenFile

  Block 5292: KERNEL32.dll!DeviceIoControl

  Block 5293: KERNELBASE.dll!DeviceIoControl

  Block 5294: ntdll.dll!ZwDeviceIoControlFile

  Block 5295: ntdll.dll!RtlInitializeCriticalSection

  Block 5296: ntdll.dll!memset

  Block 5299: ntdll.dll!memset

  Block 5300: ntdll.dll!memcmp

  Block 5301: ntdll.dll!memset

  Block 5302: ntdll.dll!memmove

  Block 5303: ntdll.dll!memset

  Block 5305: ntdll.dll!memset

  Block 5306: KERNELBASE.dll!GetModuleHandleExW

  Block 5307: ntdll.dll!RtlPcToFileHeader

  Block 5308: ntdll.dll!LdrAddRefDll

  Block 5309: ntdll.dll!RtlAcquireSRWLockExclusive

  Block 5310: ntdll.dll!RtlReleaseSRWLockExclusive

  Block 5311: ntdll.dll!RtlAcquireSRWLockExclusive

  Block 5312: ntdll.dll!RtlReleaseSRWLockExclusive

  Block 5313: ntdll.dll!RtlGetCurrentServiceSessionId

  Block 5314: ntdll.dll!RtlDeactivateActivationContextUnsafeFast

  Block 5315: ntdll.dll!RtlLeaveCriticalSection

  Block 5316: ntdll.dll!RtlGetCurrentServiceSessionId

  Block 5317: ntdll.dll!RtlAcquireSRWLockExclusive

  Block 5318: ntdll.dll!RtlReleaseSRWLockExclusive

  Block 5319: ntdll.dll!RtlFreeHeap

  Block 5320: ntdll.dll!RtlTryEnterCriticalSection

  Block 5321: ntdll.dll!RtlFreeHeap

  Block 5322: ntdll.dll!RtlTryEnterCriticalSection

  Block 5323: ntdll.dll!RtlEnterCriticalSection

  Block 5324: ntdll.dll!RtlLeaveCriticalSection

  Block 5325: ntdll.dll!ZwSetEvent

  Block 5326: ntdll.dll!RtlDeactivateActivationContextUnsafeFast

  Block 5327: ntdll.dll!RtlGetCurrentServiceSessionId

  Block 5328: ntdll.dll!RtlGetCurrentServiceSessionId

  Block 5329: ntdll.dll!LdrControlFlowGuardEnforced

  Block 5330: ntdll.dll!RtlImageNtHeaderEx

  Block 5331: ntdll.dll!RtlAcquireSRWLockExclusive

  Block 5332: ntdll.dll!ZwProtectVirtualMemory

  Block 5333: ntdll.dll!ZwProtectVirtualMemory

  Block 5334: ntdll.dll!LdrControlFlowGuardEnforced

  Block 5335: ntdll.dll!RtlReleaseSRWLockExclusive

  Block 5336: bcryptPrimitives.dll!ProcessPrng

  Block 5337: ntdll.dll!RtlGetCurrentProcessorNumberEx

  Block 5338: ntdll.dll!RtlAllocateHeap

  Block 5339: ntdll.dll!RtlLeaveCriticalSection

  Block 5340: ntdll.dll!memset

  Block 5341: ntdll.dll!RtlAllocateHeap

  Block 5342: ntdll.dll!RtlLeaveCriticalSection

  Block 5343: ntdll.dll!memset

  Block 5344: ntdll.dll!RtlEnterCriticalSection

  Block 5346: ntdll.dll!memset

  Block 5347: ntdll.dll!memmove

  Block 5348: ntdll.dll!RtlLeaveCriticalSection

  Block 5349: ntdll.dll!RtlInitializeCriticalSection

  Block 5350: ntdll.dll!memset

  Block 5354: ntdll.dll!memcmp

  Block 5356: ntdll.dll!memmove

  Block 5358: ntdll.dll!memset

  Block 5360: ntdll.dll!RtlEnterCriticalSection

  Block 5362: ntdll.dll!memset

  Block 5363: ntdll.dll!memmove

  Block 5364: ntdll.dll!RtlLeaveCriticalSection

  Block 5365: ucrtbase.dll!memset

  Block 5366: KERNELBASE.dll!GetProcessHeap

  Block 5367: ntdll.dll!RtlAllocateHeap

  Block 5368: ntdll.dll!RtlLeaveCriticalSection

  Block 5369: ntdll.dll!memset

  Block 5370: KERNELBASE.dll!ResolveDelayLoadedAPI

  Block 5371: ntdll.dll!LdrResolveDelayLoadedAPI

  Block 5372: ntdll.dll!RtlAcquireSRWLockExclusive

  Block 5373: ntdll.dll!RtlReleaseSRWLockExclusive

  Block 5374: ntdll.dll!memset

  Block 5375: ntdll.dll!RtlInitString

  Block 5376: ntdll.dll!RtlxOemStringToUnicodeSize

  Block 5377: ntdll.dll!RtlMultiByteToUnicodeSize

  Block 5378: ntdll.dll!RtlAnsiStringToUnicodeString

  Block 5379: ntdll.dll!RtlActivateActivationContextUnsafeFast

  Block 5380: ntdll.dll!RtlCompareUnicodeStrings

  Block 5381: ntdll.dll!RtlGetNtSystemRoot

  Block 5382: ntdll.dll!RtlGetCurrentServiceSessionId

  Block 5383: ntdll.dll!RtlInitUnicodeString

  Block 5384: ntdll.dll!memmove

  Block 5385: ntdll.dll!memmove

  Block 5386: ntdll.dll!memmove

  Block 5387: ntdll.dll!RtlAcquireSRWLockExclusive

  Block 5388: ntdll.dll!RtlEqualUnicodeString

  Block 5389: ntdll.dll!RtlReleaseSRWLockExclusive

  Block 5390: ntdll.dll!RtlGetCurrentServiceSessionId

  Block 5391: ntdll.dll!RtlAcquireSRWLockExclusive

  Block 5392: ntdll.dll!RtlReleaseSRWLockExclusive

  Block 5393: ntdll.dll!RtlAcquireSRWLockExclusive

  Block 5394: ntdll.dll!RtlAllocateHeap

  Block 5395: ntdll.dll!RtlReleaseSRWLockExclusive

  Block 5396: ntdll.dll!RtlDeactivateActivationContextUnsafeFast

  Block 5397: ntdll.dll!RtlGetCurrentServiceSessionId

  Block 5398: ntdll.dll!RtlGetCurrentServiceSessionId

  Block 5399: ntdll.dll!LdrControlFlowGuardEnforced

  Block 5400: ntdll.dll!RtlImageNtHeaderEx

  Block 5401: ntdll.dll!RtlImageNtHeaderEx

  Block 5402: ntdll.dll!RtlImageNtHeaderEx

  Block 5403: ntdll.dll!RtlImageNtHeaderEx

  Block 5404: ntdll.dll!RtlImageNtHeaderEx

  Block 5405: ntdll.dll!RtlImageNtHeaderEx

  Block 5406: ntdll.dll!RtlImageNtHeaderEx

  Block 5407: ntdll.dll!RtlImageNtHeaderEx

  Block 5408: ntdll.dll!RtlImageNtHeaderEx

  Block 5409: ntdll.dll!RtlImageNtHeaderEx

  Block 5410: ntdll.dll!RtlImageNtHeaderEx

  Block 5411: ntdll.dll!RtlImageNtHeaderEx

  Block 5412: ntdll.dll!RtlImageNtHeaderEx

  Block 5413: ntdll.dll!RtlImageNtHeaderEx

  Block 5414: ntdll.dll!RtlImageNtHeaderEx

  Block 5415: ntdll.dll!RtlImageNtHeaderEx

  Block 5416: ntdll.dll!RtlImageNtHeaderEx

  Block 5417: ntdll.dll!RtlImageNtHeaderEx

  Block 5418: ntdll.dll!RtlImageNtHeaderEx

  Block 5419: ntdll.dll!RtlImageNtHeaderEx

  Block 5420: ntdll.dll!RtlImageNtHeaderEx

  Block 5421: ntdll.dll!RtlImageNtHeaderEx

  Block 5422: ntdll.dll!RtlImageNtHeaderEx

  Block 5423: ntdll.dll!RtlImageNtHeaderEx

  Block 5424: ntdll.dll!RtlImageNtHeaderEx

  Block 5425: ntdll.dll!RtlImageNtHeaderEx

  Block 5426: ntdll.dll!RtlImageNtHeaderEx

  Block 5427: ntdll.dll!RtlImageNtHeaderEx

  Block 5428: ntdll.dll!RtlImageNtHeaderEx

  Block 5429: ntdll.dll!RtlImageNtHeaderEx

  Block 5430: ntdll.dll!RtlImageNtHeaderEx

  Block 5431: ntdll.dll!RtlImageNtHeaderEx

  Block 5432: ntdll.dll!RtlImageNtHeaderEx

  Block 5433: ntdll.dll!RtlImageNtHeaderEx

  Block 5434: ntdll.dll!RtlImageNtHeaderEx

  Block 5435: ntdll.dll!RtlImageNtHeaderEx

  Block 5436: ntdll.dll!RtlImageNtHeaderEx

  Block 5437: ntdll.dll!RtlImageNtHeaderEx

  Block 5438: ntdll.dll!RtlImageNtHeaderEx

  Block 5439: ntdll.dll!RtlAcquireSRWLockExclusive

  Block 5440: ntdll.dll!ZwProtectVirtualMemory

  Block 5441: ntdll.dll!ZwProtectVirtualMemory

  Block 5442: ntdll.dll!LdrControlFlowGuardEnforced

  Block 5443: ntdll.dll!RtlReleaseSRWLockExclusive

  Block 5445: ntdll.dll!RtlAllocateHeap

  Block 5446: ntdll.dll!RtlAllocateHeap

  Block 5447: combase.dll!CoTaskMemAlloc

  Block 5448: ntdll.dll!RtlAllocateHeap

  Block 5449: ntdll.dll!RtlLeaveCriticalSection

  Block 5450: ucrtbase.dll!memmove

  Block 5451: ucrtbase.dll!_o___stdio_common_vsprintf_s

  Block 5452: KERNELBASE.dll!FlsSetValue

  Block 5453: ntdll.dll!RtlFlsSetValue

  Block 5454: ucrtbase.dll!__stdio_common_vsprintf_s

  Block 5455: ucrtbase.dll!memmove

  Block 5456: ucrtbase.dll!_free_base

  Block 5457: KERNELBASE.dll!FlsSetValue

  Block 5458: ntdll.dll!RtlFlsSetValue

  Block 5460: KERNELBASE.dll!InitOnceBeginInitialize

  Block 5461: ntdll.dll!RtlRunOnceBeginInitialize

  Block 5462: KERNELBASE.dll!InitOnceBeginInitialize

  Block 5463: ntdll.dll!RtlRunOnceBeginInitialize

  Block 5464: KERNEL32.dll!GetCurrentThreadId

  Block 5465: KERNEL32.dll!GetCurrentThreadId

  Block 5466: combase.dll!CoTaskMemFree

  Block 5467: ntdll.dll!RtlFreeHeap

  Block 5468: ntdll.dll!RtlTryEnterCriticalSection

  Block 5469: ntdll.dll!RtlAcquireSRWLockExclusive

  Block 5470: ntdll.dll!RtlReleaseSRWLockExclusive

  Block 5471: msvcrt.dll!malloc

  Block 5472: ntdll.dll!RtlAllocateHeap

  Block 5473: ntdll.dll!RtlLeaveCriticalSection

  Block 5474: ntdll.dll!RtlRunOnceInitialize

  Block 5475: KERNELBASE.dll!LocalAlloc

  Block 5476: ntdll.dll!RtlAllocateHeap

  Block 5477: ntdll.dll!RtlLeaveCriticalSection

  Block 5478: ntdll.dll!memset

  Block 5479: ntdll.dll!RtlAcquireSRWLockExclusive

  Block 5480: ntdll.dll!RtlAcquireSRWLockExclusive

  Block 5481: KERNELBASE.dll!GetModuleHandleW

  Block 5482: ntdll.dll!RtlInitUnicodeString

  Block 5484: ntdll.dll!LdrGetDllHandleEx

  Block 5485: ntdll.dll!memset

  Block 5486: ntdll.dll!RtlDosApplyFileIsolationRedirection_Ustr

  Block 5487: ntdll.dll!RtlFindCharInUnicodeString

  Block 5489: ntdll.dll!RtlFindActivationContextSectionString

  Block 5490: ntdll.dll!bsearch

  Block 5491: ntdll.dll!RtlHashUnicodeString

  Block 5492: ntdll.dll!bsearch

  Block 5493: ntdll.dll!bsearch

  Block 5495: ntdll.dll!memset

  Block 5496: ntdll.dll!memmove

  Block 5497: ntdll.dll!RtlAcquireSRWLockExclusive

  Block 5498: ntdll.dll!RtlEqualUnicodeString

  Block 5499: ntdll.dll!RtlReleaseSRWLockExclusive

  Block 5500: ntdll.dll!RtlGetCurrentServiceSessionId

  Block 5501: KERNELBASE.dll!GetProcAddress

  Block 5502: ntdll.dll!RtlInitString

  Block 5503: ntdll.dll!LdrGetProcedureAddressForCaller

  Block 5504: ntdll.dll!RtlEnterCriticalSection

  Block 5505: ntdll.dll!RtlLeaveCriticalSection

  Block 5506: ntdll.dll!RtlAcquireSRWLockExclusive

  Block 5507: ntdll.dll!RtlReleaseSRWLockExclusive

  Block 5509: ntdll.dll!RtlImageNtHeaderEx

  Block 5510: ntdll.dll!LdrControlFlowGuardEnforced

  Block 5511: ntdll.dll!LdrControlFlowGuardEnforced

  Block 5512: ntdll.dll!RtlRegisterFeatureConfigurationChangeNotification

  Block 5514: ntdll.dll!RtlAllocateHeap

  Block 5515: ntdll.dll!memset

  Block 5517: ntdll.dll!RtlAllocateHeap

  Block 5518: ntdll.dll!RtlLeaveCriticalSection

  Block 5519: ntdll.dll!memset

  Block 5520: ntdll.dll!RtlQueryInformationActivationContext

  Block 5522: ntdll.dll!RtlAcquireSRWLockShared

  Block 5523: ntdll.dll!RtlReleaseSRWLockShared

  Block 5524: ntdll.dll!RtlAcquireSRWLockExclusive

  Block 5525: ntdll.dll!RtlReleaseSRWLockExclusive

  Block 5526: ntdll.dll!RtlAcquireSRWLockExclusive

  Block 5527: ntdll.dll!RtlReleaseSRWLockExclusive

  Block 5528: KERNELBASE.dll!GetProcAddress

  Block 5529: ntdll.dll!RtlInitString

  Block 5530: ntdll.dll!LdrGetProcedureAddressForCaller

  Block 5531: ntdll.dll!RtlEnterCriticalSection

  Block 5532: ntdll.dll!RtlLeaveCriticalSection

  Block 5533: ntdll.dll!RtlAcquireSRWLockExclusive

  Block 5534: ntdll.dll!RtlReleaseSRWLockExclusive

  Block 5536: ntdll.dll!RtlImageNtHeaderEx

  Block 5537: ntdll.dll!LdrControlFlowGuardEnforced

  Block 5538: ntdll.dll!LdrControlFlowGuardEnforced

  Block 5540: KERNELBASE.dll!GetProcAddress

  Block 5541: ntdll.dll!RtlInitString

  Block 5542: ntdll.dll!LdrGetProcedureAddressForCaller

  Block 5543: ntdll.dll!RtlEnterCriticalSection

  Block 5544: ntdll.dll!RtlLeaveCriticalSection

  Block 5545: ntdll.dll!RtlAcquireSRWLockExclusive

  Block 5546: ntdll.dll!RtlReleaseSRWLockExclusive

  Block 5548: ntdll.dll!RtlImageNtHeaderEx

  Block 5549: ntdll.dll!LdrControlFlowGuardEnforced

  Block 5550: ntdll.dll!LdrControlFlowGuardEnforced

  Block 5551: ntdll.dll!RtlSubscribeWnfStateChangeNotification

  Block 5553: ntdll.dll!RtlAllocateHeap

  Block 5554: ntdll.dll!RtlLeaveCriticalSection

  Block 5556: ntdll.dll!RtlAcquireSRWLockShared

  Block 5557: ntdll.dll!RtlReleaseSRWLockShared

  Block 5558: ntdll.dll!RtlAcquireSRWLockExclusive

  Block 5559: ntdll.dll!RtlAcquireSRWLockExclusive

  Block 5562: ntdll.dll!RtlReleaseSRWLockExclusive

  Block 5563: ntdll.dll!RtlReleaseSRWLockExclusive

  Block 5565: ntdll.dll!RtlSubscribeWnfStateChangeNotification

  Block 5567: ntdll.dll!RtlAllocateHeap

  Block 5568: ntdll.dll!RtlLeaveCriticalSection

  Block 5570: ntdll.dll!RtlAcquireSRWLockShared

  Block 5571: ntdll.dll!RtlReleaseSRWLockShared

  Block 5572: ntdll.dll!RtlAcquireSRWLockExclusive

  Block 5573: ntdll.dll!RtlAcquireSRWLockExclusive

  Block 5576: ntdll.dll!RtlReleaseSRWLockExclusive

  Block 5577: ntdll.dll!RtlReleaseSRWLockExclusive

  Block 5578: KERNELBASE.dll!GetLastError

  Block 5579: KERNELBASE.dll!GetProcessHeap

  Block 5580: ntdll.dll!RtlAllocateHeap

  Block 5581: KERNELBASE.dll!GetProcessHeap

  Block 5582: KERNELBASE.dll!GetProcAddress

  Block 5583: ntdll.dll!RtlInitString

  Block 5584: ntdll.dll!LdrGetProcedureAddressForCaller

  Block 5585: ntdll.dll!RtlEnterCriticalSection

  Block 5586: ntdll.dll!RtlLeaveCriticalSection

  Block 5587: ntdll.dll!RtlAcquireSRWLockExclusive

  Block 5588: ntdll.dll!RtlReleaseSRWLockExclusive

  Block 5590: ntdll.dll!RtlImageNtHeaderEx

  Block 5591: ntdll.dll!LdrControlFlowGuardEnforced

  Block 5592: ntdll.dll!LdrControlFlowGuardEnforced

  Block 5593: ntdll.dll!RtlDisownModuleHeapAllocation

  Block 5594: msvcrt.dll!memcpy_s

  Block 5595: ntdll.dll!RtlSetLastWin32Error

  Block 5596: msvcrt.dll!memcpy_s

  Block 5597: msvcrt.dll!memmove

  Block 5598: ntdll.dll!RtlReleaseSRWLockExclusive

  Block 5599: ntdll.dll!RtlReleaseSRWLockExclusive

  Block 5600: KERNELBASE.dll!GetProcAddress

  Block 5601: ntdll.dll!RtlInitString

  Block 5602: ntdll.dll!LdrGetProcedureAddressForCaller

  Block 5603: ntdll.dll!RtlEnterCriticalSection

  Block 5604: ntdll.dll!RtlLeaveCriticalSection

  Block 5605: ntdll.dll!RtlAcquireSRWLockExclusive

  Block 5606: ntdll.dll!RtlReleaseSRWLockExclusive

  Block 5608: ntdll.dll!RtlImageNtHeaderEx

  Block 5609: ntdll.dll!LdrControlFlowGuardEnforced

  Block 5610: ntdll.dll!LdrControlFlowGuardEnforced

  Block 5611: ntdll.dll!RtlQueryFeatureConfiguration

  Block 5614: ntdll.dll!RtlAcquireSRWLockExclusive

  Block 5615: KERNELBASE.dll!GetLastError

  Block 5616: KERNELBASE.dll!GetProcessHeap

  Block 5617: ntdll.dll!RtlAllocateHeap

  Block 5618: KERNELBASE.dll!GetProcessHeap

  Block 5619: ntdll.dll!RtlDisownModuleHeapAllocation

  Block 5620: msvcrt.dll!memcpy_s

  Block 5621: ntdll.dll!RtlSetLastWin32Error

  Block 5622: msvcrt.dll!memcpy_s

  Block 5623: msvcrt.dll!memmove

  Block 5624: ntdll.dll!RtlReleaseSRWLockExclusive

  Block 5625: KERNELBASE.dll!GetProcAddress

  Block 5626: ntdll.dll!RtlInitString

  Block 5627: ntdll.dll!LdrGetProcedureAddressForCaller

  Block 5628: ntdll.dll!RtlEnterCriticalSection

  Block 5629: ntdll.dll!RtlLeaveCriticalSection

  Block 5630: ntdll.dll!RtlAcquireSRWLockExclusive

  Block 5631: ntdll.dll!RtlReleaseSRWLockExclusive

  Block 5633: ntdll.dll!RtlImageNtHeaderEx

  Block 5634: ntdll.dll!LdrControlFlowGuardEnforced

  Block 5635: ntdll.dll!LdrControlFlowGuardEnforced

  Block 5636: ntdll.dll!RtlDllShutdownInProgress

  Block 5637: ntdll.dll!RtlAcquireSRWLockExclusive

  Block 5638: KERNELBASE.dll!GetLastError

  Block 5639: KERNELBASE.dll!GetProcessHeap

  Block 5640: ntdll.dll!RtlAllocateHeap

  Block 5641: KERNELBASE.dll!GetProcessHeap

  Block 5642: ntdll.dll!RtlDisownModuleHeapAllocation

  Block 5643: msvcrt.dll!memcpy_s

  Block 5644: ntdll.dll!RtlSetLastWin32Error

  Block 5645: msvcrt.dll!memcpy_s

  Block 5646: msvcrt.dll!memmove

  Block 5648: KERNELBASE.dll!CreateThreadpoolTimer

  Block 5649: ntdll.dll!TpAllocTimer

  Block 5650: ntdll.dll!RtlAllocateHeap

  Block 5651: ntdll.dll!RtlLeaveCriticalSection

  Block 5652: ntdll.dll!memset

  Block 5653: ntdll.dll!RtlQueryInformationActivationContext

  Block 5655: ntdll.dll!RtlAcquireSRWLockShared

  Block 5656: ntdll.dll!RtlReleaseSRWLockShared

  Block 5657: ntdll.dll!RtlAcquireSRWLockExclusive

  Block 5658: ntdll.dll!RtlReleaseSRWLockExclusive

  Block 5659: ntdll.dll!RtlSetLastWin32Error

  Block 5660: ntdll.dll!TpSetTimer

  Block 5661: ntdll.dll!TpSetTimerEx

  Block 5662: ntdll.dll!RtlAcquireSRWLockExclusive

  Block 5663: ntdll.dll!TpIsTimerSet

  Block 5664: ntdll.dll!RtlGetCurrentServiceSessionId

  Block 5665: ntdll.dll!RtlAcquireSRWLockExclusive

  Block 5666: ntdll.dll!RtlReleaseSRWLockExclusive

  Block 5667: ntdll.dll!RtlReleaseSRWLockExclusive

  Block 5668: ntdll.dll!RtlReleaseSRWLockExclusive

  Block 5669: ntdll.dll!RtlAcquireSRWLockExclusive

  Block 5670: ntdll.dll!RtlDllShutdownInProgress

  Block 5671: KERNELBASE.dll!GetLastError

  Block 5672: KERNEL32.dll!GetCurrentProcessId

  Block 5673: KERNELBASE.dll!GetCurrentProcessId

  Block 5674: msvcrt.dll!_vsnwprintf

  Block 5675: msvcrt.dll!_vsnwprintf_l

  Block 5676: KERNELBASE.dll!GetLastError

  Block 5677: KERNELBASE.dll!FlsGetValue

  Block 5678: ntdll.dll!RtlFlsGetValue

  Block 5679: ntdll.dll!RtlSetLastWin32Error

  Block 5680: msvcrt.dll!_mbtowc_l

  Block 5681: msvcrt.dll!_mbtowc_l

  Block 5682: msvcrt.dll!_mbtowc_l

  Block 5683: msvcrt.dll!_mbtowc_l

  Block 5684: msvcrt.dll!_mbtowc_l

  Block 5685: msvcrt.dll!_mbtowc_l

  Block 5686: msvcrt.dll!_mbtowc_l

  Block 5687: msvcrt.dll!_isleadbyte_l

  Block 5688: msvcrt.dll!_isleadbyte_l

  Block 5689: msvcrt.dll!_isleadbyte_l

  Block 5690: msvcrt.dll!_isleadbyte_l

  Block 5691: msvcrt.dll!_isleadbyte_l

  Block 5692: msvcrt.dll!_isleadbyte_l

  Block 5693: msvcrt.dll!_isleadbyte_l

  Block 5694: msvcrt.dll!_isleadbyte_l

  Block 5695: msvcrt.dll!_isleadbyte_l

  Block 5696: msvcrt.dll!_isleadbyte_l

  Block 5697: msvcrt.dll!_isleadbyte_l

  Block 5698: msvcrt.dll!_isleadbyte_l

  Block 5699: msvcrt.dll!_isleadbyte_l

  Block 5700: msvcrt.dll!_mbtowc_l

  Block 5701: msvcrt.dll!_mbtowc_l

  Block 5702: msvcrt.dll!_mbtowc_l

  Block 5703: msvcrt.dll!_mbtowc_l

  Block 5704: msvcrt.dll!_mbtowc_l

  Block 5705: msvcrt.dll!_mbtowc_l

  Block 5706: msvcrt.dll!_mbtowc_l

  Block 5707: msvcrt.dll!_mbtowc_l

  Block 5708: msvcrt.dll!_mbtowc_l

  Block 5709: msvcrt.dll!_mbtowc_l

  Block 5710: msvcrt.dll!_mbtowc_l

  Block 5711: msvcrt.dll!_mbtowc_l

  Block 5712: msvcrt.dll!_mbtowc_l

  Block 5713: KERNELBASE.dll!CreateMutexExW

  Block 5714: ntdll.dll!RtlInitUnicodeString

  Block 5715: KERNELBASE.dll!BaseFormatObjectAttributes

  Block 5717: KERNELBASE.dll!BasepAdjustObjectAttributesForPrivateNamespace

  Block 5718: ntdll.dll!ZwCreateMutant

  Block 5720: KERNELBASE.dll!WaitForSingleObjectEx

  Block 5721: ntdll.dll!ZwWaitForSingleObject

  Block 5722: KERNELBASE.dll!OpenSemaphoreW

  Block 5723: ntdll.dll!RtlInitUnicodeString

  Block 5724: KERNELBASE.dll!BaseGetNamedObjectDirectory

  Block 5725: KERNELBASE.dll!BasepAdjustObjectAttributesForPrivateNamespace

  Block 5726: ntdll.dll!ZwOpenSemaphore

  Block 5727: KERNELBASE.dll!WaitForSingleObject

  Block 5728: KERNELBASE.dll!WaitForSingleObjectEx

  Block 5729: ntdll.dll!ZwWaitForSingleObject

  Block 5730: KERNELBASE.dll!ReleaseSemaphore

  Block 5731: ntdll.dll!ZwReleaseSemaphore

  Block 5732: KERNELBASE.dll!ReleaseSemaphore

  Block 5733: ntdll.dll!ZwReleaseSemaphore

  Block 5734: ntdll.dll!RtlNtStatusToDosError

  Block 5735: ntdll.dll!RtlSetLastWin32Error

  Block 5736: KERNELBASE.dll!GetLastError

  Block 5737: KERNELBASE.dll!OpenSemaphoreW

  Block 5738: ntdll.dll!RtlInitUnicodeString

  Block 5739: KERNELBASE.dll!BaseGetNamedObjectDirectory

  Block 5740: KERNELBASE.dll!BasepAdjustObjectAttributesForPrivateNamespace

  Block 5741: ntdll.dll!ZwOpenSemaphore

  Block 5742: KERNELBASE.dll!WaitForSingleObject

  Block 5743: KERNELBASE.dll!WaitForSingleObjectEx

  Block 5744: ntdll.dll!ZwWaitForSingleObject

  Block 5745: KERNELBASE.dll!ReleaseSemaphore

  Block 5746: ntdll.dll!ZwReleaseSemaphore

  Block 5747: KERNELBASE.dll!ReleaseSemaphore

  Block 5748: ntdll.dll!ZwReleaseSemaphore

  Block 5749: ntdll.dll!RtlNtStatusToDosError

  Block 5750: ntdll.dll!RtlSetLastWin32Error

  Block 5751: KERNELBASE.dll!GetLastError

  Block 5752: KERNELBASE.dll!CloseHandle

  Block 5753: ntdll.dll!SbSelectProcedure

  Block 5754: ntdll.dll!memset

  Block 5755: ntdll.dll!ZwClose

  Block 5756: KERNELBASE.dll!CloseHandle

  Block 5757: ntdll.dll!SbSelectProcedure

  Block 5758: ntdll.dll!memset

  Block 5759: ntdll.dll!ZwClose

  Block 5760: KERNELBASE.dll!ReleaseMutex

  Block 5761: ntdll.dll!ZwReleaseMutant

  Block 5762: KERNELBASE.dll!CloseHandle

  Block 5763: ntdll.dll!SbSelectProcedure

  Block 5764: ntdll.dll!memset

  Block 5765: ntdll.dll!ZwClose

  Block 5766: ntdll.dll!RtlAcquireSRWLockExclusive

  Block 5767: ntdll.dll!RtlReleaseSRWLockExclusive

  Block 5769: ntdll.dll!RtlAcquireSRWLockExclusive

  Block 5770: ntdll.dll!RtlAcquireSRWLockExclusive

  Block 5771: msvcrt.dll!memcpy_s

  Block 5772: msvcrt.dll!memmove

  Block 5773: ntdll.dll!RtlReleaseSRWLockExclusive

  Block 5774: KERNELBASE.dll!GetLastError

  Block 5775: KERNELBASE.dll!GetProcessHeap

  Block 5776: ntdll.dll!RtlAllocateHeap

  Block 5777: KERNELBASE.dll!GetProcessHeap

  Block 5778: ntdll.dll!RtlDisownModuleHeapAllocation

  Block 5779: msvcrt.dll!memcpy_s

  Block 5780: ntdll.dll!RtlSetLastWin32Error

  Block 5781: msvcrt.dll!memcpy_s

  Block 5782: msvcrt.dll!memmove

  Block 5783: ntdll.dll!RtlReleaseSRWLockExclusive

  Block 5784: ntdll.dll!RtlReleaseSRWLockExclusive

  Block 5785: KERNEL32.dll!GetCurrentProcessId

  Block 5786: KERNELBASE.dll!GetCurrentProcessId

  Block 5787: msvcrt.dll!_vsnwprintf

  Block 5788: msvcrt.dll!_vsnwprintf_l

  Block 5789: KERNELBASE.dll!GetLastError

  Block 5790: KERNELBASE.dll!FlsGetValue

  Block 5791: ntdll.dll!RtlFlsGetValue

  Block 5792: ntdll.dll!RtlSetLastWin32Error

  Block 5793: msvcrt.dll!_mbtowc_l

  Block 5794: msvcrt.dll!_mbtowc_l

  Block 5795: msvcrt.dll!_mbtowc_l

  Block 5796: msvcrt.dll!_mbtowc_l

  Block 5797: msvcrt.dll!_mbtowc_l

  Block 5798: msvcrt.dll!_mbtowc_l

  Block 5799: msvcrt.dll!_mbtowc_l

  Block 5800: msvcrt.dll!_isleadbyte_l

  Block 5801: msvcrt.dll!_isleadbyte_l

  Block 5802: msvcrt.dll!_isleadbyte_l

  Block 5803: msvcrt.dll!_isleadbyte_l

  Block 5804: msvcrt.dll!_isleadbyte_l

  Block 5805: msvcrt.dll!_isleadbyte_l

  Block 5806: msvcrt.dll!_isleadbyte_l

  Block 5807: msvcrt.dll!_isleadbyte_l

  Block 5808: msvcrt.dll!_isleadbyte_l

  Block 5809: msvcrt.dll!_isleadbyte_l

  Block 5810: msvcrt.dll!_isleadbyte_l

  Block 5811: msvcrt.dll!_mbtowc_l

  Block 5812: msvcrt.dll!_mbtowc_l

  Block 5813: msvcrt.dll!_mbtowc_l

  Block 5814: msvcrt.dll!_mbtowc_l

  Block 5815: msvcrt.dll!_mbtowc_l

  Block 5816: msvcrt.dll!_mbtowc_l

  Block 5817: msvcrt.dll!_mbtowc_l

  Block 5818: msvcrt.dll!_mbtowc_l

  Block 5819: msvcrt.dll!_mbtowc_l

  Block 5820: msvcrt.dll!_mbtowc_l

  Block 5821: msvcrt.dll!_mbtowc_l

  Block 5822: KERNELBASE.dll!CreateMutexExW

  Block 5823: ntdll.dll!RtlInitUnicodeString

  Block 5824: KERNELBASE.dll!BaseFormatObjectAttributes

  Block 5826: KERNELBASE.dll!BasepAdjustObjectAttributesForPrivateNamespace

  Block 5827: ntdll.dll!ZwCreateMutant

  Block 5828: ntdll.dll!RtlSetLastWin32Error

  Block 5829: KERNELBASE.dll!WaitForSingleObjectEx

  Block 5830: ntdll.dll!ZwWaitForSingleObject

  Block 5831: KERNELBASE.dll!OpenSemaphoreW

  Block 5832: ntdll.dll!RtlInitUnicodeString

  Block 5833: KERNELBASE.dll!BaseGetNamedObjectDirectory

  Block 5834: KERNELBASE.dll!BasepAdjustObjectAttributesForPrivateNamespace

  Block 5835: ntdll.dll!ZwOpenSemaphore

  Block 5836: ntdll.dll!RtlNtStatusToDosError

  Block 5837: ntdll.dll!RtlSetLastWin32Error

  Block 5838: KERNELBASE.dll!GetLastError

  Block 5839: KERNELBASE.dll!GetProcessHeap

  Block 5840: ntdll.dll!RtlAllocateHeap

  Block 5841: ntdll.dll!RtlLeaveCriticalSection

  Block 5842: ntdll.dll!memset

  Block 5843: KERNELBASE.dll!GetProcessHeap

  Block 5844: ntdll.dll!RtlDisownModuleHeapAllocation

  Block 5845: KERNELBASE.dll!CreateSemaphoreExW

  Block 5846: ntdll.dll!RtlInitUnicodeString

  Block 5847: KERNELBASE.dll!BaseFormatObjectAttributes

  Block 5849: KERNELBASE.dll!BasepAdjustObjectAttributesForPrivateNamespace

  Block 5850: ntdll.dll!ZwCreateSemaphore

  Block 5852: KERNELBASE.dll!CreateSemaphoreExW

  Block 5853: ntdll.dll!RtlInitUnicodeString

  Block 5854: KERNELBASE.dll!BaseFormatObjectAttributes

  Block 5856: KERNELBASE.dll!BasepAdjustObjectAttributesForPrivateNamespace

  Block 5857: ntdll.dll!ZwCreateSemaphore

  Block 5858: ntdll.dll!RtlSetLastWin32Error

  Block 5861: KERNELBASE.dll!ReleaseMutex

  Block 5862: ntdll.dll!ZwReleaseMutant

  Block 5863: KERNEL32.dll!GetCurrentThreadId

  Block 5864: KERNELBASE.dll!GetProcessHeap

  Block 5865: ntdll.dll!RtlAllocateHeap

  Block 5866: KERNELBASE.dll!GetProcessHeap

  Block 5867: ntdll.dll!RtlDisownModuleHeapAllocation

  Block 5868: msvcrt.dll!malloc

  Block 5869: ntdll.dll!RtlAllocateHeap

  Block 5870: ntdll.dll!RtlLeaveCriticalSection

  Block 5871: ntdll.dll!RtlRunOnceInitialize

  Block 5872: KERNELBASE.dll!LocalAlloc

  Block 5873: ntdll.dll!RtlAllocateHeap

  Block 5874: ntdll.dll!RtlLeaveCriticalSection

  Block 5875: ntdll.dll!memset

  Block 5876: KERNELBASE.dll!OpenFileMappingW

  Block 5877: ntdll.dll!RtlInitUnicodeString

  Block 5878: KERNELBASE.dll!BaseGetNamedObjectDirectory

  Block 5879: KERNELBASE.dll!BasepAdjustObjectAttributesForPrivateNamespace

  Block 5880: ntdll.dll!ZwOpenSection

  Block 5881: KERNELBASE.dll!MapViewOfFile

  Block 5882: KERNELBASE.dll!MapViewOfFileExNuma

  Block 5883: ntdll.dll!ZwMapViewOfSection

  Block 5884: ntdll.dll!RtlAcquireSRWLockExclusive

  Block 5885: msvcrt.dll!memset

  Block 5886: ntdll.dll!RtlReleaseSRWLockExclusive

  Block 5887: ntdll.dll!RtlAcquireSRWLockShared

  Block 5888: ntdll.dll!RtlReleaseSRWLockShared

  Block 5889: msvcrt.dll!_vsnwprintf

  Block 5890: msvcrt.dll!_vsnwprintf_l

  Block 5891: KERNELBASE.dll!GetLastError

  Block 5892: KERNELBASE.dll!FlsGetValue

  Block 5893: ntdll.dll!RtlFlsGetValue

  Block 5894: ntdll.dll!RtlSetLastWin32Error

  Block 5895: SHCORE.dll!SHRegGetValueW

  Block 5896: KERNELBASE.dll!RegOpenKeyExW

  Block 5897: KERNELBASE.dll!RegOpenKeyExInternalW

  Block 5898: KERNELBASE.dll!MapPredefinedHandleInternal

  Block 5899: ntdll.dll!RtlGetCurrentTransaction

  Block 5900: ntdll.dll!RtlSetCurrentTransaction

  Block 5901: ntdll.dll!RtlAcquireSRWLockExclusive

  Block 5902: ntdll.dll!RtlReleaseSRWLockExclusive

  Block 5903: ntdll.dll!RtlSetCurrentTransaction

  Block 5904: ntdll.dll!RtlInitUnicodeStringEx

  Block 5905: ntdll.dll!ZwQueryKey

  Block 5906: ntdll.dll!ZwOpenKeyEx

  Block 5908: ntdll.dll!RtlAcquireSRWLockExclusive

  Block 5909: ntdll.dll!RtlReleaseSRWLockExclusive

  Block 5910: KERNELBASE.dll!RegQueryValueExW

  Block 5911: KERNELBASE.dll!MapPredefinedHandleInternal

  Block 5912: ntdll.dll!RtlInitUnicodeStringEx

  Block 5913: ntdll.dll!ZwQueryValueKey

  Block 5914: ntdll.dll!RtlNtStatusToDosError

  Block 5915: KERNELBASE.dll!RegCloseKey

  Block 5916: ntdll.dll!SbSelectProcedure

  Block 5918: ntdll.dll!ZwClose

  Block 5919: SHCORE.dll!SHRegGetValueW

  Block 5920: KERNELBASE.dll!RegOpenKeyExW

  Block 5921: KERNELBASE.dll!RegOpenKeyExInternalW

  Block 5922: KERNELBASE.dll!MapPredefinedHandleInternal

  Block 5923: ntdll.dll!RtlGetCurrentTransaction

  Block 5924: ntdll.dll!RtlSetCurrentTransaction

  Block 5925: ntdll.dll!RtlAcquireSRWLockExclusive

  Block 5926: ntdll.dll!RtlReleaseSRWLockExclusive

  Block 5927: ntdll.dll!RtlOpenCurrentUser

  Block 5928: ntdll.dll!RtlFormatCurrentUserKeyPath

  Block 5929: ntdll.dll!ZwQueryInformationToken

  Block 5930: ntdll.dll!RtlLengthSidAsUnicodeString

  Block 5931: ntdll.dll!RtlValidSid

  Block 5932: ntdll.dll!RtlAllocateHeap

  Block 5933: ntdll.dll!RtlLeaveCriticalSection

  Block 5934: ntdll.dll!RtlAppendUnicodeToString

  Block 5935: ntdll.dll!memmove

  Block 5936: ntdll.dll!RtlConvertSidToUnicodeString

  Block 5937: ntdll.dll!RtlValidSid

  Block 5938: ntdll.dll!wcscpy_s

  Block 5941: ntdll.dll!memmove

  Block 5942: ntdll.dll!memmove

  Block 5943: ntdll.dll!memmove

  Block 5945: ntdll.dll!memmove

  Block 5946: ntdll.dll!ZwOpenKey

  Block 5947: ntdll.dll!RtlFreeUnicodeString

  Block 5948: ntdll.dll!RtlDeleteBoundaryDescriptor

  Block 5949: ntdll.dll!RtlFreeHeap

  Block 5950: ntdll.dll!RtlTryEnterCriticalSection

  Block 5951: ntdll.dll!RtlNtStatusToDosError

  Block 5952: ntdll.dll!RtlAllocateHeap

  Block 5953: ntdll.dll!RtlAcquireSRWLockExclusive

  Block 5954: ntdll.dll!RtlReleaseSRWLockExclusive

  Block 5955: ntdll.dll!RtlSetCurrentTransaction

  Block 5956: ntdll.dll!RtlInitUnicodeStringEx

  Block 5957: ntdll.dll!ZwQueryKey

  Block 5958: ntdll.dll!ZwOpenKeyEx

  Block 5959: KERNEL32.dll!TermsrvOpenRegEntry

  Block 5960: ntdll.dll!RtlNtStatusToDosError

  Block 5961: ntdll.dll!RtlAcquireSRWLockExclusive

  Block 5962: ntdll.dll!RtlReleaseSRWLockExclusive

  Block 5963: ntdll.dll!RtlAcquireSRWLockExclusive

  Block 5964: ntdll.dll!RtlReleaseSRWLockExclusive

  Block 5965: KERNELBASE.dll!GetCurrentDirectoryW

  Block 5966: ntdll.dll!RtlGetCurrentDirectory_U

  Block 5967: ntdll.dll!RtlEnterCriticalSection

  Block 5968: ntdll.dll!RtlLeaveCriticalSection

  Block 5969: ntdll.dll!memmove

  Block 5970: combase.dll!CoTaskMemAlloc

  Block 5971: ntdll.dll!RtlAllocateHeap

  Block 5972: ucrtbase.dll!memmove

  Block 5973: SHELL32.dll!OpenAs_RunDLLA

  Block 5974: KERNELBASE.dll!ResolveDelayLoadedAPI

  Block 5975: ntdll.dll!LdrResolveDelayLoadedAPI

  Block 5976: ntdll.dll!RtlAcquireSRWLockExclusive

  Block 5977: ntdll.dll!RtlReleaseSRWLockExclusive

  Block 5978: ntdll.dll!memset

  Block 5979: ntdll.dll!RtlInitString

  Block 5980: ntdll.dll!RtlxOemStringToUnicodeSize

  Block 5981: ntdll.dll!RtlMultiByteToUnicodeSize

  Block 5982: ntdll.dll!RtlAnsiStringToUnicodeString

  Block 5983: ntdll.dll!RtlActivateActivationContextUnsafeFast

  Block 5984: ntdll.dll!RtlCompareUnicodeStrings

  Block 5985: ntdll.dll!RtlGetNtSystemRoot

  Block 5986: ntdll.dll!RtlGetCurrentServiceSessionId

  Block 5987: ntdll.dll!RtlInitUnicodeString

  Block 5988: ntdll.dll!memmove

  Block 5989: ntdll.dll!memmove

  Block 5990: ntdll.dll!memmove

  Block 5991: ntdll.dll!RtlAcquireSRWLockExclusive

  Block 5992: ntdll.dll!RtlReleaseSRWLockExclusive

  Block 5993: ntdll.dll!RtlGetCurrentServiceSessionId

  Block 5994: ntdll.dll!RtlEnterCriticalSection

  Block 5995: ntdll.dll!RtlLeaveCriticalSection

  Block 5996: ntdll.dll!ZwSetInformationProcess

  Block 5997: ntdll.dll!RtlAcquireSRWLockExclusive

  Block 5998: ntdll.dll!RtlReleaseSRWLockExclusive

  Block 5999: ntdll.dll!RtlGetCurrentServiceSessionId

  Block 6000: ntdll.dll!RtlAllocateHeap

  Block 6001: ntdll.dll!memset

  Block 6002: ntdll.dll!memmove

  Block 6003: ntdll.dll!RtlAllocateHeap

  Block 6004: ntdll.dll!memset

  Block 6005: ntdll.dll!RtlAllocateHeap

  Block 6006: ntdll.dll!memset

  Block 6007: ntdll.dll!RtlEqualUnicodeString

  Block 6008: ntdll.dll!ZwOpenSection

  Block 6009: ntdll.dll!RtlAllocateHeap

  Block 6010: ntdll.dll!RtlAppendUnicodeStringToString

  Block 6011: ntdll.dll!memmove

  Block 6012: ntdll.dll!RtlAppendUnicodeToString

  Block 6013: ntdll.dll!memmove

  Block 6014: ntdll.dll!RtlAppendUnicodeStringToString

  Block 6015: ntdll.dll!memmove

  Block 6016: ntdll.dll!RtlInitUnicodeStringEx

  Block 6017: ntdll.dll!RtlHashUnicodeString

  Block 6018: ntdll.dll!RtlAcquireSRWLockExclusive

  Block 6019: ntdll.dll!RtlReleaseSRWLockExclusive

  Block 6020: ntdll.dll!RtlEqualUnicodeString

  Block 6021: ntdll.dll!ZwMapViewOfSection

  Block 6022: ntdll.dll!RtlImageNtHeaderEx

  Block 6023: ntdll.dll!RtlAcquireSRWLockExclusive

  Block 6025: ntdll.dll!RtlRbInsertNodeEx

  Block 6026: ntdll.dll!RtlReleaseSRWLockExclusive

  Block 6027: ntdll.dll!RtlIsCriticalSectionLockedByThread

  Block 6028: ntdll.dll!RtlImageNtHeaderEx

  Block 6029: ntdll.dll!RtlImageNtHeaderEx

  Block 6030: ntdll.dll!RtlImageNtHeaderEx

  Block 6031: ntdll.dll!RtlIsProcessorFeaturePresent

  Block 6032: ntdll.dll!RtlImageNtHeaderEx

  Block 6033: ntdll.dll!RtlImageNtHeaderEx

  Block 6034: ntdll.dll!RtlImageNtHeaderEx

  Block 6035: ntdll.dll!RtlImageRvaToSection

  Block 6036: ntdll.dll!ZwQueryPerformanceCounter

  Block 6037: ntdll.dll!RtlImageNtHeaderEx

  Block 6038: ntdll.dll!ZwProtectVirtualMemory

  Block 6039: ntdll.dll!LdrControlFlowGuardEnforced

  Block 6040: ntdll.dll!LdrControlFlowGuardEnforced

  Block 6041: ntdll.dll!ZwProtectVirtualMemory

  Block 6042: ntdll.dll!LdrControlFlowGuardEnforced

  Block 6043: ntdll.dll!ZwProtectVirtualMemory

  Block 6044: ntdll.dll!ZwProtectVirtualMemory

  Block 6045: ntdll.dll!LdrControlFlowGuardEnforced

  Block 6046: ntdll.dll!ZwProtectVirtualMemory

  Block 6047: ntdll.dll!RtlImageNtHeaderEx

  Block 6048: ntdll.dll!RtlAcquireSRWLockExclusive

  Block 6049: ntdll.dll!RtlAcquireSRWLockExclusive

  Block 6050: ntdll.dll!ZwProtectVirtualMemory

  Block 6051: ntdll.dll!RtlReleaseSRWLockExclusive

  Block 6052: ntdll.dll!memmove

  Block 6053: ntdll.dll!RtlAcquireSRWLockExclusive

  Block 6054: ntdll.dll!ZwProtectVirtualMemory

  Block 6055: ntdll.dll!RtlReleaseSRWLockExclusive

  Block 6056: ntdll.dll!RtlReleaseSRWLockExclusive

  Block 6057: ntdll.dll!RtlAcquireSRWLockExclusive

  Block 6058: ntdll.dll!RtlReleaseSRWLockExclusive

  Block 6059: ntdll.dll!RtlGetCurrentServiceSessionId

  Block 6060: ntdll.dll!RtlGetCurrentServiceSessionId

  Block 6061: KERNELBASE.dll!InitOnceExecuteOnce

  Block 6062: ntdll.dll!RtlRunOnceExecuteOnce

  Block 6063: ntdll.dll!LdrResFindResourceDirectory

  Block 6064: ntdll.dll!LdrResSearchResource

  Block 6065: ntdll.dll!RtlGetCurrentServiceSessionId

  Block 6066: ntdll.dll!memmove

  Block 6067: ntdll.dll!LdrpResGetMappingSize

  Block 6068: ntdll.dll!RtlGetCurrentServiceSessionId

  Block 6069: ntdll.dll!RtlImageNtHeaderEx

  Block 6070: ntdll.dll!RtlGetCurrentServiceSessionId

  Block 6071: ntdll.dll!RtlGetCurrentServiceSessionId

  Block 6072: ntdll.dll!LdrpResGetResourceDirectory

  Block 6073: ntdll.dll!RtlGetCurrentServiceSessionId

  Block 6074: ntdll.dll!RtlImageNtHeaderEx

  Block 6076: ntdll.dll!RtlGetCurrentServiceSessionId

  Block 6077: ntdll.dll!RtlGetCurrentServiceSessionId

  Block 6078: ntdll.dll!RtlGetCurrentServiceSessionId

  Block 6079: ntdll.dll!RtlGetCurrentServiceSessionId

  Block 6080: ntdll.dll!RtlImageNtHeaderEx

  Block 6081: ntdll.dll!RtlImageNtHeaderEx

  Block 6082: ntdll.dll!RtlImageNtHeaderEx

  Block 6083: ntdll.dll!RtlImageNtHeaderEx

  Block 6084: ntdll.dll!ZwProtectVirtualMemory

  Block 6085: ntdll.dll!RtlImageNtHeaderEx

  Block 6086: ntdll.dll!RtlAllocateHeap

  Block 6087: ntdll.dll!RtlLeaveCriticalSection

  Block 6088: ntdll.dll!memset

  Block 6089: ntdll.dll!RtlAnsiStringToUnicodeString

  Block 6090: ntdll.dll!RtlDosApplyFileIsolationRedirection_Ustr

  Block 6091: ntdll.dll!RtlFindCharInUnicodeString

  Block 6093: ntdll.dll!RtlFindActivationContextSectionString

  Block 6094: ntdll.dll!bsearch

  Block 6095: ntdll.dll!RtlHashUnicodeString

  Block 6096: ntdll.dll!bsearch

  Block 6097: ntdll.dll!bsearch

  Block 6099: ntdll.dll!memset

  Block 6100: ntdll.dll!memmove

  Block 6101: ntdll.dll!RtlAllocateHeap

  Block 6102: ntdll.dll!RtlAcquireSRWLockExclusive

  Block 6103: ntdll.dll!RtlEqualUnicodeString

  Block 6104: ntdll.dll!RtlReleaseSRWLockExclusive

  Block 6105: ntdll.dll!RtlGetCurrentServiceSessionId

  Block 6106: ntdll.dll!RtlAcquireSRWLockExclusive

  Block 6107: ntdll.dll!RtlAcquireSRWLockExclusive

  Block 6108: ntdll.dll!RtlDeactivateActivationContextUnsafeFast

  Block 6109: ntdll.dll!RtlAnsiStringToUnicodeString

  Block 6110: ntdll.dll!RtlDosApplyFileIsolationRedirection_Ustr

  Block 6111: ntdll.dll!RtlFindCharInUnicodeString

  Block 6113: ntdll.dll!RtlFindActivationContextSectionString

  Block 6114: ntdll.dll!bsearch

  Block 6115: ntdll.dll!RtlHashUnicodeString

  Block 6116: ntdll.dll!bsearch

  Block 6117: ntdll.dll!bsearch

  Block 6119: ntdll.dll!memset

  Block 6120: ntdll.dll!memmove

  Block 6121: ntdll.dll!RtlAcquireSRWLockExclusive

  Block 6122: ntdll.dll!RtlEqualUnicodeString

  Block 6123: ntdll.dll!RtlReleaseSRWLockExclusive

  Block 6124: ntdll.dll!RtlGetCurrentServiceSessionId

  Block 6125: ntdll.dll!RtlAcquireSRWLockExclusive

  Block 6126: ntdll.dll!RtlAcquireSRWLockExclusive

  Block 6127: ntdll.dll!RtlDeactivateActivationContextUnsafeFast

  Block 6128: ntdll.dll!RtlAnsiStringToUnicodeString

  Block 6129: ntdll.dll!RtlCompareUnicodeStrings

  Block 6130: ntdll.dll!memmove

  Block 6131: ntdll.dll!memmove

  Block 6132: ntdll.dll!RtlAcquireSRWLockExclusive

  Block 6133: ntdll.dll!RtlGetCurrentServiceSessionId

  Block 6134: ntdll.dll!RtlAcquireSRWLockExclusive

  Block 6135: ntdll.dll!RtlAcquireSRWLockExclusive

  Block 6136: ntdll.dll!RtlDeactivateActivationContextUnsafeFast

  Block 6137: ntdll.dll!RtlAnsiStringToUnicodeString

  Block 6138: ntdll.dll!RtlCompareUnicodeStrings

  Block 6139: ntdll.dll!memmove

  Block 6140: ntdll.dll!memmove

  Block 6141: ntdll.dll!RtlAcquireSRWLockExclusive

  Block 6142: ntdll.dll!RtlGetCurrentServiceSessionId

  Block 6143: ntdll.dll!RtlAcquireSRWLockExclusive

  Block 6144: ntdll.dll!RtlAcquireSRWLockExclusive

  Block 6145: ntdll.dll!RtlDeactivateActivationContextUnsafeFast

  Block 6146: ntdll.dll!RtlAnsiStringToUnicodeString

  Block 6147: ntdll.dll!RtlCompareUnicodeStrings

  Block 6148: ntdll.dll!memmove

  Block 6149: ntdll.dll!memmove

  Block 6150: ntdll.dll!RtlAcquireSRWLockExclusive

  Block 6151: ntdll.dll!RtlGetCurrentServiceSessionId

  Block 6152: ntdll.dll!RtlAcquireSRWLockExclusive

  Block 6153: ntdll.dll!RtlAcquireSRWLockExclusive

  Block 6154: ntdll.dll!RtlDeactivateActivationContextUnsafeFast

  Block 6155: ntdll.dll!RtlAnsiStringToUnicodeString

  Block 6156: ntdll.dll!RtlCompareUnicodeStrings

  Block 6157: ntdll.dll!memmove

  Block 6158: ntdll.dll!memmove

  Block 6159: ntdll.dll!RtlAcquireSRWLockExclusive

  Block 6160: ntdll.dll!RtlGetCurrentServiceSessionId

  Block 6161: ntdll.dll!RtlAcquireSRWLockExclusive

  Block 6162: ntdll.dll!RtlAcquireSRWLockExclusive

  Block 6163: ntdll.dll!RtlDeactivateActivationContextUnsafeFast

  Block 6164: ntdll.dll!RtlAnsiStringToUnicodeString

  Block 6165: ntdll.dll!RtlCompareUnicodeStrings

  Block 6166: ntdll.dll!memmove

  Block 6167: ntdll.dll!memmove

  Block 6168: ntdll.dll!RtlAcquireSRWLockExclusive

  Block 6169: ntdll.dll!RtlGetCurrentServiceSessionId

  Block 6170: ntdll.dll!RtlAcquireSRWLockExclusive

  Block 6171: ntdll.dll!RtlAcquireSRWLockExclusive

  Block 6172: ntdll.dll!RtlDeactivateActivationContextUnsafeFast

  Block 6173: ntdll.dll!RtlAnsiStringToUnicodeString

  Block 6174: ntdll.dll!RtlCompareUnicodeStrings

  Block 6175: ntdll.dll!RtlCompareUnicodeStrings

  Block 6176: ntdll.dll!memmove

  Block 6177: ntdll.dll!memmove

  Block 6178: ntdll.dll!RtlAcquireSRWLockExclusive

  Block 6179: ntdll.dll!RtlGetCurrentServiceSessionId

  Block 6180: ntdll.dll!RtlAcquireSRWLockExclusive

  Block 6181: ntdll.dll!RtlAcquireSRWLockExclusive

  Block 6182: ntdll.dll!RtlDeactivateActivationContextUnsafeFast

  Block 6183: ntdll.dll!RtlAnsiStringToUnicodeString

  Block 6184: ntdll.dll!RtlCompareUnicodeStrings

  Block 6185: ntdll.dll!memmove

  Block 6186: ntdll.dll!memmove

  Block 6187: ntdll.dll!RtlAcquireSRWLockExclusive

  Block 6188: ntdll.dll!RtlGetCurrentServiceSessionId

  Block 6189: ntdll.dll!RtlAcquireSRWLockExclusive

  Block 6190: ntdll.dll!RtlAcquireSRWLockExclusive

  Block 6191: ntdll.dll!RtlDeactivateActivationContextUnsafeFast

  Block 6192: ntdll.dll!RtlAnsiStringToUnicodeString

  Block 6193: ntdll.dll!RtlCompareUnicodeStrings

  Block 6194: ntdll.dll!memmove

  Block 6195: ntdll.dll!memmove

  Block 6196: ntdll.dll!RtlAcquireSRWLockExclusive

  Block 6197: ntdll.dll!RtlGetCurrentServiceSessionId

  Block 6198: ntdll.dll!RtlAcquireSRWLockExclusive

  Block 6199: ntdll.dll!RtlAcquireSRWLockExclusive

  Block 6200: ntdll.dll!RtlDeactivateActivationContextUnsafeFast

  Block 6201: ntdll.dll!RtlAnsiStringToUnicodeString

  Block 6202: ntdll.dll!RtlCompareUnicodeStrings

  Block 6203: ntdll.dll!memmove

  Block 6204: ntdll.dll!memmove

  Block 6205: ntdll.dll!RtlAcquireSRWLockExclusive

  Block 6206: ntdll.dll!RtlGetCurrentServiceSessionId

  Block 6207: ntdll.dll!RtlAcquireSRWLockExclusive

  Block 6208: ntdll.dll!RtlAcquireSRWLockExclusive

  Block 6209: ntdll.dll!RtlDeactivateActivationContextUnsafeFast

  Block 6210: ntdll.dll!RtlAnsiStringToUnicodeString

  Block 6211: ntdll.dll!RtlCompareUnicodeStrings

  Block 6212: ntdll.dll!memmove

  Block 6213: ntdll.dll!memmove

  Block 6214: ntdll.dll!RtlAcquireSRWLockExclusive

  Block 6215: ntdll.dll!RtlGetCurrentServiceSessionId

  Block 6216: ntdll.dll!RtlAcquireSRWLockExclusive

  Block 6217: ntdll.dll!RtlAcquireSRWLockExclusive

  Block 6218: ntdll.dll!RtlDeactivateActivationContextUnsafeFast

  Block 6219: ntdll.dll!RtlAnsiStringToUnicodeString

  Block 6220: ntdll.dll!RtlCompareUnicodeStrings

  Block 6221: ntdll.dll!memmove

  Block 6222: ntdll.dll!memmove

  Block 6223: ntdll.dll!RtlAcquireSRWLockExclusive

  Block 6224: ntdll.dll!RtlGetCurrentServiceSessionId

  Block 6225: ntdll.dll!RtlAcquireSRWLockExclusive

  Block 6226: ntdll.dll!RtlAcquireSRWLockExclusive

  Block 6227: ntdll.dll!RtlDeactivateActivationContextUnsafeFast

  Block 6228: ntdll.dll!RtlAnsiStringToUnicodeString

  Block 6229: ntdll.dll!RtlCompareUnicodeStrings

  Block 6230: ntdll.dll!memmove

  Block 6231: ntdll.dll!memmove

  Block 6232: ntdll.dll!RtlAcquireSRWLockExclusive

  Block 6233: ntdll.dll!RtlGetCurrentServiceSessionId

  Block 6234: ntdll.dll!RtlAcquireSRWLockExclusive

  Block 6235: ntdll.dll!RtlAcquireSRWLockExclusive

  Block 6236: ntdll.dll!RtlDeactivateActivationContextUnsafeFast

  Block 6237: ntdll.dll!RtlAnsiStringToUnicodeString

  Block 6238: ntdll.dll!RtlCompareUnicodeStrings

  Block 6239: ntdll.dll!memmove

  Block 6240: ntdll.dll!memmove

  Block 6241: ntdll.dll!RtlAcquireSRWLockExclusive

  Block 6242: ntdll.dll!RtlGetCurrentServiceSessionId

  Block 6243: ntdll.dll!RtlAcquireSRWLockExclusive

  Block 6244: ntdll.dll!RtlAcquireSRWLockExclusive

  Block 6245: ntdll.dll!RtlDeactivateActivationContextUnsafeFast

  Block 6246: ntdll.dll!RtlAnsiStringToUnicodeString

  Block 6247: ntdll.dll!RtlCompareUnicodeStrings

  Block 6248: ntdll.dll!memmove

  Block 6249: ntdll.dll!memmove

  Block 6250: ntdll.dll!RtlAcquireSRWLockExclusive

  Block 6251: ntdll.dll!RtlGetCurrentServiceSessionId

  Block 6252: ntdll.dll!RtlAcquireSRWLockExclusive

  Block 6253: ntdll.dll!RtlAcquireSRWLockExclusive

  Block 6254: ntdll.dll!RtlDeactivateActivationContextUnsafeFast

  Block 6255: ntdll.dll!RtlAnsiStringToUnicodeString

  Block 6256: ntdll.dll!RtlCompareUnicodeStrings

  Block 6257: ntdll.dll!memmove

  Block 6258: ntdll.dll!memmove

  Block 6259: ntdll.dll!RtlAcquireSRWLockExclusive

  Block 6260: ntdll.dll!RtlGetCurrentServiceSessionId

  Block 6261: ntdll.dll!RtlAcquireSRWLockExclusive

  Block 6262: ntdll.dll!RtlAcquireSRWLockExclusive

  Block 6263: ntdll.dll!RtlDeactivateActivationContextUnsafeFast

  Block 6264: ntdll.dll!RtlAnsiStringToUnicodeString

  Block 6265: ntdll.dll!RtlCompareUnicodeStrings

  Block 6266: ntdll.dll!memmove

  Block 6267: ntdll.dll!memmove

  Block 6268: ntdll.dll!RtlAcquireSRWLockExclusive

  Block 6269: ntdll.dll!RtlGetCurrentServiceSessionId

  Block 6270: ntdll.dll!RtlAcquireSRWLockExclusive

  Block 6271: ntdll.dll!RtlAcquireSRWLockExclusive

  Block 6272: ntdll.dll!RtlDeactivateActivationContextUnsafeFast

  Block 6273: ntdll.dll!RtlAnsiStringToUnicodeString

  Block 6274: ntdll.dll!RtlCompareUnicodeStrings

  Block 6275: ntdll.dll!memmove

  Block 6276: ntdll.dll!memmove

  Block 6277: ntdll.dll!RtlAcquireSRWLockExclusive

  Block 6278: ntdll.dll!RtlGetCurrentServiceSessionId

  Block 6279: ntdll.dll!RtlAcquireSRWLockExclusive

  Block 6280: ntdll.dll!RtlAcquireSRWLockExclusive

  Block 6281: ntdll.dll!RtlDeactivateActivationContextUnsafeFast

  Block 6282: ntdll.dll!RtlAnsiStringToUnicodeString

  Block 6283: ntdll.dll!RtlCompareUnicodeStrings

  Block 6284: ntdll.dll!memmove

  Block 6285: ntdll.dll!memmove

  Block 6286: ntdll.dll!RtlAcquireSRWLockExclusive

  Block 6287: ntdll.dll!RtlGetCurrentServiceSessionId

  Block 6288: ntdll.dll!RtlAcquireSRWLockExclusive

  Block 6289: ntdll.dll!RtlAcquireSRWLockExclusive

  Block 6290: ntdll.dll!RtlDeactivateActivationContextUnsafeFast

  Block 6291: ntdll.dll!RtlAnsiStringToUnicodeString

  Block 6292: ntdll.dll!RtlCompareUnicodeStrings

  Block 6293: ntdll.dll!memmove

  Block 6294: ntdll.dll!memmove

  Block 6295: ntdll.dll!RtlAcquireSRWLockExclusive

  Block 6296: ntdll.dll!RtlGetCurrentServiceSessionId

  Block 6297: ntdll.dll!RtlAcquireSRWLockExclusive

  Block 6298: ntdll.dll!RtlAcquireSRWLockExclusive

  Block 6299: ntdll.dll!RtlDeactivateActivationContextUnsafeFast

  Block 6300: ntdll.dll!RtlAnsiStringToUnicodeString

  Block 6301: ntdll.dll!RtlCompareUnicodeStrings

  Block 6302: ntdll.dll!RtlCompareUnicodeStrings

  Block 6303: ntdll.dll!memmove

  Block 6304: ntdll.dll!memmove

  Block 6305: ntdll.dll!RtlAcquireSRWLockExclusive

  Block 6306: ntdll.dll!RtlGetCurrentServiceSessionId

  Block 6307: ntdll.dll!RtlAcquireSRWLockExclusive

  Block 6308: ntdll.dll!RtlAcquireSRWLockExclusive

  Block 6309: ntdll.dll!RtlDeactivateActivationContextUnsafeFast

  Block 6310: ntdll.dll!RtlAnsiStringToUnicodeString

  Block 6311: ntdll.dll!RtlCompareUnicodeStrings

  Block 6312: ntdll.dll!memmove

  Block 6313: ntdll.dll!memmove

  Block 6314: ntdll.dll!RtlAcquireSRWLockExclusive

  Block 6315: ntdll.dll!RtlGetCurrentServiceSessionId

  Block 6316: ntdll.dll!RtlAcquireSRWLockExclusive

  Block 6317: ntdll.dll!RtlAcquireSRWLockExclusive

  Block 6318: ntdll.dll!RtlDeactivateActivationContextUnsafeFast

  Block 6319: ntdll.dll!RtlAnsiStringToUnicodeString

  Block 6320: ntdll.dll!RtlCompareUnicodeStrings

  Block 6321: ntdll.dll!memmove

  Block 6322: ntdll.dll!memmove

  Block 6323: ntdll.dll!RtlAcquireSRWLockExclusive

  Block 6324: ntdll.dll!RtlGetCurrentServiceSessionId

  Block 6325: ntdll.dll!RtlAcquireSRWLockExclusive

  Block 6326: ntdll.dll!RtlAcquireSRWLockExclusive

  Block 6327: ntdll.dll!RtlDeactivateActivationContextUnsafeFast

  Block 6328: ntdll.dll!RtlAnsiStringToUnicodeString

  Block 6329: ntdll.dll!RtlCompareUnicodeStrings

  Block 6330: ntdll.dll!RtlCompareUnicodeStrings

  Block 6331: ntdll.dll!memmove

  Block 6332: ntdll.dll!memmove

  Block 6333: ntdll.dll!RtlAcquireSRWLockExclusive

  Block 6334: ntdll.dll!RtlGetCurrentServiceSessionId

  Block 6335: ntdll.dll!RtlAcquireSRWLockExclusive

  Block 6336: ntdll.dll!RtlAcquireSRWLockExclusive

  Block 6337: ntdll.dll!RtlDeactivateActivationContextUnsafeFast

  Block 6338: ntdll.dll!RtlAnsiStringToUnicodeString

  Block 6339: ntdll.dll!RtlCompareUnicodeStrings

  Block 6340: ntdll.dll!memmove

  Block 6341: ntdll.dll!memmove

  Block 6342: ntdll.dll!RtlAcquireSRWLockExclusive

  Block 6343: ntdll.dll!RtlGetCurrentServiceSessionId

  Block 6344: ntdll.dll!RtlAcquireSRWLockExclusive

  Block 6345: ntdll.dll!RtlAcquireSRWLockExclusive

  Block 6346: ntdll.dll!RtlDeactivateActivationContextUnsafeFast

  Block 6347: ntdll.dll!RtlAnsiStringToUnicodeString

  Block 6348: ntdll.dll!RtlCompareUnicodeStrings

  Block 6349: ntdll.dll!memmove

  Block 6350: ntdll.dll!memmove

  Block 6351: ntdll.dll!RtlAcquireSRWLockExclusive

  Block 6352: ntdll.dll!RtlGetCurrentServiceSessionId

  Block 6353: ntdll.dll!RtlAcquireSRWLockExclusive

  Block 6354: ntdll.dll!RtlAcquireSRWLockExclusive

  Block 6355: ntdll.dll!RtlDeactivateActivationContextUnsafeFast

  Block 6356: ntdll.dll!RtlAnsiStringToUnicodeString

  Block 6357: ntdll.dll!RtlCompareUnicodeStrings

  Block 6358: ntdll.dll!memmove

  Block 6359: ntdll.dll!memmove

  Block 6360: ntdll.dll!RtlAcquireSRWLockExclusive

  Block 6361: ntdll.dll!RtlGetCurrentServiceSessionId

  Block 6362: ntdll.dll!RtlAcquireSRWLockExclusive

  Block 6363: ntdll.dll!RtlAcquireSRWLockExclusive

  Block 6364: ntdll.dll!RtlDeactivateActivationContextUnsafeFast

  Block 6365: ntdll.dll!RtlAnsiStringToUnicodeString

  Block 6366: ntdll.dll!RtlCompareUnicodeStrings

  Block 6367: ntdll.dll!memmove

  Block 6368: ntdll.dll!memmove

  Block 6369: ntdll.dll!RtlAcquireSRWLockExclusive

  Block 6370: ntdll.dll!RtlGetCurrentServiceSessionId

  Block 6371: ntdll.dll!RtlAcquireSRWLockExclusive

  Block 6372: ntdll.dll!RtlAcquireSRWLockExclusive

  Block 6373: ntdll.dll!RtlDeactivateActivationContextUnsafeFast

  Block 6374: ntdll.dll!RtlAnsiStringToUnicodeString

  Block 6375: ntdll.dll!RtlCompareUnicodeStrings

  Block 6376: ntdll.dll!memmove

  Block 6377: ntdll.dll!memmove

  Block 6378: ntdll.dll!RtlAcquireSRWLockExclusive

  Block 6379: ntdll.dll!RtlGetCurrentServiceSessionId

  Block 6380: ntdll.dll!RtlAcquireSRWLockExclusive

  Block 6381: ntdll.dll!RtlAcquireSRWLockExclusive

  Block 6382: ntdll.dll!RtlDeactivateActivationContextUnsafeFast

  Block 6383: ntdll.dll!RtlAnsiStringToUnicodeString

  Block 6384: ntdll.dll!RtlCompareUnicodeStrings

  Block 6385: ntdll.dll!memmove

  Block 6386: ntdll.dll!memmove

  Block 6387: ntdll.dll!RtlAcquireSRWLockExclusive

  Block 6388: ntdll.dll!RtlGetCurrentServiceSessionId

  Block 6389: ntdll.dll!RtlAcquireSRWLockExclusive

  Block 6390: ntdll.dll!RtlAcquireSRWLockExclusive

  Block 6391: ntdll.dll!RtlDeactivateActivationContextUnsafeFast

  Block 6392: ntdll.dll!RtlAnsiStringToUnicodeString

  Block 6393: ntdll.dll!RtlCompareUnicodeStrings

  Block 6394: ntdll.dll!memmove

  Block 6395: ntdll.dll!memmove

  Block 6396: ntdll.dll!RtlAcquireSRWLockExclusive

  Block 6397: ntdll.dll!RtlGetCurrentServiceSessionId

  Block 6398: ntdll.dll!RtlAcquireSRWLockExclusive

  Block 6399: ntdll.dll!RtlAcquireSRWLockExclusive

  Block 6400: ntdll.dll!RtlDeactivateActivationContextUnsafeFast

  Block 6401: ntdll.dll!RtlAnsiStringToUnicodeString

  Block 6402: ntdll.dll!RtlCompareUnicodeStrings

  Block 6403: ntdll.dll!memmove

  Block 6404: ntdll.dll!memmove

  Block 6405: ntdll.dll!RtlAcquireSRWLockExclusive

  Block 6406: ntdll.dll!RtlGetCurrentServiceSessionId

  Block 6407: ntdll.dll!RtlAcquireSRWLockExclusive

  Block 6408: ntdll.dll!RtlAcquireSRWLockExclusive

  Block 6409: ntdll.dll!RtlDeactivateActivationContextUnsafeFast

  Block 6410: ntdll.dll!RtlAnsiStringToUnicodeString

  Block 6411: ntdll.dll!RtlCompareUnicodeStrings

  Block 6412: ntdll.dll!memmove

  Block 6413: ntdll.dll!memmove

  Block 6414: ntdll.dll!RtlAcquireSRWLockExclusive

  Block 6415: ntdll.dll!RtlGetCurrentServiceSessionId

  Block 6416: ntdll.dll!RtlAcquireSRWLockExclusive

  Block 6417: ntdll.dll!RtlAcquireSRWLockExclusive

  Block 6418: ntdll.dll!RtlDeactivateActivationContextUnsafeFast

  Block 6419: ntdll.dll!RtlAnsiStringToUnicodeString

  Block 6420: ntdll.dll!RtlCompareUnicodeStrings

  Block 6421: ntdll.dll!memmove

  Block 6422: ntdll.dll!memmove

  Block 6423: ntdll.dll!RtlAcquireSRWLockExclusive

  Block 6424: ntdll.dll!RtlGetCurrentServiceSessionId

  Block 6425: ntdll.dll!RtlAcquireSRWLockExclusive

  Block 6426: ntdll.dll!RtlAcquireSRWLockExclusive

  Block 6427: ntdll.dll!RtlDeactivateActivationContextUnsafeFast

  Block 6428: ntdll.dll!RtlAnsiStringToUnicodeString

  Block 6429: ntdll.dll!RtlCompareUnicodeStrings

  Block 6430: ntdll.dll!memmove

  Block 6431: ntdll.dll!memmove

  Block 6432: ntdll.dll!RtlAcquireSRWLockExclusive

  Block 6433: ntdll.dll!RtlGetCurrentServiceSessionId

  Block 6434: ntdll.dll!RtlAcquireSRWLockExclusive

  Block 6435: ntdll.dll!RtlAcquireSRWLockExclusive

  Block 6436: ntdll.dll!RtlDeactivateActivationContextUnsafeFast

  Block 6437: ntdll.dll!RtlAnsiStringToUnicodeString

  Block 6438: ntdll.dll!RtlCompareUnicodeStrings

  Block 6439: ntdll.dll!memmove

  Block 6440: ntdll.dll!memmove

  Block 6441: ntdll.dll!RtlAcquireSRWLockExclusive

  Block 6442: ntdll.dll!RtlGetCurrentServiceSessionId

  Block 6443: ntdll.dll!RtlAcquireSRWLockExclusive

  Block 6444: ntdll.dll!RtlAcquireSRWLockExclusive

  Block 6445: ntdll.dll!RtlDeactivateActivationContextUnsafeFast

  Block 6446: ntdll.dll!RtlAnsiStringToUnicodeString

  Block 6447: ntdll.dll!RtlCompareUnicodeStrings

  Block 6448: ntdll.dll!memmove

  Block 6449: ntdll.dll!memmove

  Block 6450: ntdll.dll!RtlAcquireSRWLockExclusive

  Block 6451: ntdll.dll!RtlGetCurrentServiceSessionId

  Block 6452: ntdll.dll!RtlAcquireSRWLockExclusive

  Block 6453: ntdll.dll!RtlAcquireSRWLockExclusive

  Block 6454: ntdll.dll!RtlDeactivateActivationContextUnsafeFast

  Block 6455: ntdll.dll!RtlAnsiStringToUnicodeString

  Block 6456: ntdll.dll!RtlCompareUnicodeStrings

  Block 6457: ntdll.dll!memmove

  Block 6458: ntdll.dll!memmove

  Block 6459: ntdll.dll!RtlAcquireSRWLockExclusive

  Block 6460: ntdll.dll!RtlGetCurrentServiceSessionId

  Block 6461: ntdll.dll!RtlAcquireSRWLockExclusive

  Block 6462: ntdll.dll!RtlAcquireSRWLockExclusive

  Block 6463: ntdll.dll!RtlDeactivateActivationContextUnsafeFast

  Block 6464: ntdll.dll!RtlAnsiStringToUnicodeString

  Block 6465: ntdll.dll!RtlCompareUnicodeStrings

  Block 6466: ntdll.dll!memmove

  Block 6467: ntdll.dll!memmove

  Block 6468: ntdll.dll!RtlAcquireSRWLockExclusive

  Block 6469: ntdll.dll!RtlGetCurrentServiceSessionId

  Block 6470: ntdll.dll!RtlAcquireSRWLockExclusive

  Block 6471: ntdll.dll!RtlAcquireSRWLockExclusive

  Block 6472: ntdll.dll!RtlDeactivateActivationContextUnsafeFast

  Block 6473: ntdll.dll!RtlAnsiStringToUnicodeString

  Block 6474: ntdll.dll!RtlCompareUnicodeStrings

  Block 6475: ntdll.dll!memmove

  Block 6476: ntdll.dll!memmove

  Block 6477: ntdll.dll!RtlAcquireSRWLockExclusive

  Block 6478: ntdll.dll!RtlGetCurrentServiceSessionId

  Block 6479: ntdll.dll!RtlAcquireSRWLockExclusive

  Block 6480: ntdll.dll!RtlAcquireSRWLockExclusive

  Block 6481: ntdll.dll!RtlDeactivateActivationContextUnsafeFast

  Block 6482: ntdll.dll!RtlAnsiStringToUnicodeString

  Block 6483: ntdll.dll!RtlCompareUnicodeStrings

  Block 6484: ntdll.dll!memmove

  Block 6485: ntdll.dll!memmove

  Block 6486: ntdll.dll!RtlAcquireSRWLockExclusive

  Block 6487: ntdll.dll!RtlGetCurrentServiceSessionId

  Block 6488: ntdll.dll!RtlAcquireSRWLockExclusive

  Block 6489: ntdll.dll!RtlAcquireSRWLockExclusive

  Block 6490: ntdll.dll!RtlDeactivateActivationContextUnsafeFast

  Block 6491: ntdll.dll!RtlAnsiStringToUnicodeString

  Block 6492: ntdll.dll!RtlCompareUnicodeStrings

  Block 6493: ntdll.dll!memmove

  Block 6494: ntdll.dll!memmove

  Block 6495: ntdll.dll!RtlAcquireSRWLockExclusive

  Block 6496: ntdll.dll!RtlGetCurrentServiceSessionId

  Block 6497: ntdll.dll!RtlAcquireSRWLockExclusive

  Block 6498: ntdll.dll!RtlAcquireSRWLockExclusive

  Block 6499: ntdll.dll!RtlDeactivateActivationContextUnsafeFast

  Block 6500: ntdll.dll!RtlAnsiStringToUnicodeString

  Block 6501: ntdll.dll!RtlDosApplyFileIsolationRedirection_Ustr

  Block 6502: ntdll.dll!RtlFindCharInUnicodeString

  Block 6504: ntdll.dll!RtlFindActivationContextSectionString

  Block 6505: ntdll.dll!bsearch

  Block 6506: ntdll.dll!RtlHashUnicodeString

  Block 6507: ntdll.dll!bsearch

  Block 6508: ntdll.dll!bsearch

  Block 6510: ntdll.dll!memset

  Block 6511: ntdll.dll!memmove

  Block 6512: ntdll.dll!RtlAcquireSRWLockExclusive

  Block 6513: ntdll.dll!RtlEqualUnicodeString

  Block 6514: ntdll.dll!RtlReleaseSRWLockExclusive

  Block 6515: ntdll.dll!RtlGetCurrentServiceSessionId

  Block 6516: ntdll.dll!RtlAcquireSRWLockExclusive

  Block 6517: ntdll.dll!RtlAcquireSRWLockExclusive

  Block 6518: ntdll.dll!RtlDeactivateActivationContextUnsafeFast

  Block 6519: ntdll.dll!RtlAnsiStringToUnicodeString

  Block 6520: ntdll.dll!RtlCompareUnicodeStrings

  Block 6521: ntdll.dll!memmove

  Block 6522: ntdll.dll!memmove

  Block 6523: ntdll.dll!RtlAcquireSRWLockExclusive

  Block 6524: ntdll.dll!RtlGetCurrentServiceSessionId

  Block 6525: ntdll.dll!RtlAcquireSRWLockExclusive

  Block 6526: ntdll.dll!RtlAcquireSRWLockExclusive

  Block 6527: ntdll.dll!RtlDeactivateActivationContextUnsafeFast

  Block 6528: ntdll.dll!RtlFreeHeap

  Block 6529: ntdll.dll!RtlGetCurrentServiceSessionId

  Block 6530: ntdll.dll!RtlAcquireSRWLockExclusive

  Block 6531: ntdll.dll!RtlReleaseSRWLockExclusive

  Block 6532: ntdll.dll!RtlEnterCriticalSection

  Block 6533: ntdll.dll!RtlLeaveCriticalSection

  Block 6534: ntdll.dll!ZwClose

  Block 6535: ntdll.dll!RtlEnterCriticalSection

  Block 6536: ntdll.dll!RtlLeaveCriticalSection

  Block 6537: ntdll.dll!RtlImageNtHeaderEx

  Block 6538: ntdll.dll!RtlImageNtHeaderEx

  Block 6539: ntdll.dll!RtlImageNtHeaderEx

  Block 6540: ntdll.dll!RtlImageNtHeaderEx

  Block 6541: ntdll.dll!RtlImageNtHeaderEx

  Block 6542: ntdll.dll!strrchr

  Block 6543: ntdll.dll!RtlImageNtHeaderEx

  Block 6544: ntdll.dll!LdrControlFlowGuardEnforced

  Block 6545: ntdll.dll!strrchr

  Block 6546: ntdll.dll!RtlImageNtHeaderEx

  Block 6547: ntdll.dll!LdrControlFlowGuardEnforced

  Block 6548: ntdll.dll!strrchr

  Block 6549: ntdll.dll!RtlImageNtHeaderEx

  Block 6550: ntdll.dll!LdrControlFlowGuardEnforced

  Block 6551: ntdll.dll!strrchr

  Block 6552: ntdll.dll!RtlImageNtHeaderEx

  Block 6553: ntdll.dll!LdrControlFlowGuardEnforced

  Block 6554: ntdll.dll!strrchr

  Block 6555: ntdll.dll!RtlImageNtHeaderEx

  Block 6556: ntdll.dll!LdrControlFlowGuardEnforced

  Block 6557: ntdll.dll!strrchr

  Block 6558: ntdll.dll!RtlImageNtHeaderEx

  Block 6559: ntdll.dll!LdrControlFlowGuardEnforced

  Block 6560: ntdll.dll!strrchr

  Block 6561: ntdll.dll!RtlImageNtHeaderEx

  Block 6562: ntdll.dll!LdrControlFlowGuardEnforced

  Block 6563: ntdll.dll!RtlImageNtHeaderEx

  Block 6564: ntdll.dll!strrchr

  Block 6565: ntdll.dll!RtlImageNtHeaderEx

  Block 6566: ntdll.dll!LdrControlFlowGuardEnforced

  Block 6567: ntdll.dll!strrchr

  Block 6568: ntdll.dll!RtlImageNtHeaderEx

  Block 6569: ntdll.dll!LdrControlFlowGuardEnforced

  Block 6570: ntdll.dll!RtlImageNtHeaderEx

  Block 6571: ntdll.dll!strrchr

  Block 6572: ntdll.dll!RtlImageNtHeaderEx

  Block 6573: ntdll.dll!LdrControlFlowGuardEnforced

  Block 6574: ntdll.dll!RtlImageNtHeaderEx

  Block 6575: ntdll.dll!strrchr

  Block 6576: ntdll.dll!RtlAnsiStringToUnicodeString

  Block 6577: ntdll.dll!RtlCompareUnicodeStrings

  Block 6578: ntdll.dll!RtlCompareUnicodeStrings

  Block 6579: ntdll.dll!memmove

  Block 6580: ntdll.dll!memmove

  Block 6581: ntdll.dll!RtlAllocateHeap

  Block 6582: ntdll.dll!RtlAcquireSRWLockExclusive

  Block 6583: ntdll.dll!RtlGetCurrentServiceSessionId

  Block 6584: ntdll.dll!RtlAcquireSRWLockExclusive

  Block 6585: ntdll.dll!RtlAcquireSRWLockExclusive

  Block 6586: ntdll.dll!RtlDeactivateActivationContextUnsafeFast

  Block 6587: ntdll.dll!RtlImageNtHeaderEx

  Block 6588: ntdll.dll!LdrControlFlowGuardEnforced

  Block 6589: ntdll.dll!RtlFreeHeap

  Block 6590: ntdll.dll!RtlGetCurrentServiceSessionId

  Block 6591: ntdll.dll!strrchr

  Block 6592: ntdll.dll!RtlAnsiStringToUnicodeString

  Block 6593: ntdll.dll!RtlCompareUnicodeStrings

  Block 6594: ntdll.dll!RtlCompareUnicodeStrings

  Block 6595: ntdll.dll!memmove

  Block 6596: ntdll.dll!memmove

  Block 6597: ntdll.dll!RtlAllocateHeap

  Block 6598: ntdll.dll!RtlAcquireSRWLockExclusive

  Block 6599: ntdll.dll!RtlGetCurrentServiceSessionId

  Block 6600: ntdll.dll!RtlAcquireSRWLockExclusive

  Block 6601: ntdll.dll!RtlAcquireSRWLockExclusive

  Block 6602: ntdll.dll!RtlDeactivateActivationContextUnsafeFast

  Block 6603: ntdll.dll!RtlImageNtHeaderEx

  Block 6604: ntdll.dll!LdrControlFlowGuardEnforced

  Block 6605: ntdll.dll!RtlFreeHeap

  Block 6606: ntdll.dll!RtlGetCurrentServiceSessionId

  Block 6607: ntdll.dll!RtlImageNtHeaderEx

  Block 6608: ntdll.dll!RtlImageNtHeaderEx

  Block 6609: ntdll.dll!RtlImageNtHeaderEx

  Block 6610: ntdll.dll!RtlImageNtHeaderEx

  Block 6611: ntdll.dll!RtlImageNtHeaderEx

  Block 6612: ntdll.dll!RtlImageNtHeaderEx

  Block 6613: ntdll.dll!strrchr

  Block 6614: ntdll.dll!RtlImageNtHeaderEx

  Block 6615: ntdll.dll!LdrControlFlowGuardEnforced

  Block 6616: ntdll.dll!strrchr

  Block 6617: ntdll.dll!RtlImageNtHeaderEx

  Block 6618: ntdll.dll!LdrControlFlowGuardEnforced

  Block 6619: ntdll.dll!strrchr

  Block 6620: ntdll.dll!RtlImageNtHeaderEx

  Block 6621: ntdll.dll!LdrControlFlowGuardEnforced

  Block 6622: ntdll.dll!RtlImageNtHeaderEx

  Block 6623: ntdll.dll!RtlImageNtHeaderEx

  Block 6624: ntdll.dll!RtlImageNtHeaderEx

  Block 6625: ntdll.dll!RtlImageNtHeaderEx

  Block 6626: ntdll.dll!RtlImageNtHeaderEx

  Block 6627: ntdll.dll!RtlImageNtHeaderEx

  Block 6628: ntdll.dll!RtlImageNtHeaderEx

  Block 6629: ntdll.dll!RtlImageNtHeaderEx

  Block 6630: ntdll.dll!RtlImageNtHeaderEx

  Block 6631: ntdll.dll!RtlImageNtHeaderEx

  Block 6632: ntdll.dll!RtlImageNtHeaderEx

  Block 6633: ntdll.dll!strrchr

  Block 6634: ntdll.dll!RtlImageNtHeaderEx

  Block 6635: ntdll.dll!LdrControlFlowGuardEnforced

  Block 6636: ntdll.dll!strrchr

  Block 6637: ntdll.dll!RtlImageNtHeaderEx

  Block 6638: ntdll.dll!LdrControlFlowGuardEnforced

  Block 6639: ntdll.dll!RtlImageNtHeaderEx

  Block 6640: ntdll.dll!RtlImageNtHeaderEx

  Block 6641: ntdll.dll!RtlImageNtHeaderEx

  Block 6642: ntdll.dll!RtlImageNtHeaderEx

  Block 6643: ntdll.dll!RtlImageNtHeaderEx

  Block 6644: ntdll.dll!strrchr

  Block 6645: ntdll.dll!RtlImageNtHeaderEx

  Block 6646: ntdll.dll!LdrControlFlowGuardEnforced

  Block 6647: ntdll.dll!RtlImageNtHeaderEx

  Block 6648: ntdll.dll!RtlImageNtHeaderEx

  Block 6649: ntdll.dll!RtlImageNtHeaderEx

  Block 6650: ntdll.dll!RtlImageNtHeaderEx

  Block 6651: ntdll.dll!RtlImageNtHeaderEx

  Block 6652: ntdll.dll!RtlImageNtHeaderEx

  Block 6653: ntdll.dll!RtlImageNtHeaderEx

  Block 6654: ntdll.dll!RtlImageNtHeaderEx

  Block 6655: ntdll.dll!RtlImageNtHeaderEx

  Block 6656: ntdll.dll!RtlImageNtHeaderEx

  Block 6657: ntdll.dll!RtlImageNtHeaderEx

  Block 6658: ntdll.dll!RtlImageNtHeaderEx

  Block 6659: ntdll.dll!RtlImageNtHeaderEx

  Block 6660: ntdll.dll!RtlImageNtHeaderEx

  Block 6661: ntdll.dll!RtlImageNtHeaderEx

  Block 6662: ntdll.dll!ZwProtectVirtualMemory

  Block 6663: ntdll.dll!RtlImageNtHeaderEx

  Block 6664: ntdll.dll!LdrControlFlowGuardEnforced

  Block 6665: ntdll.dll!RtlEnterCriticalSection

  Block 6666: ntdll.dll!RtlLeaveCriticalSection

  Block 6667: ntdll.dll!RtlIsCriticalSectionLockedByThread

  Block 6668: ntdll.dll!RtlEnterCriticalSection

  Block 6669: ntdll.dll!RtlImageNtHeader

  Block 6670: ntdll.dll!RtlImageNtHeaderEx

  Block 6671: ntdll.dll!memset

  Block 6672: ntdll.dll!wcsrchr

  Block 6673: ntdll.dll!RtlInitUnicodeStringEx

  Block 6674: ntdll.dll!ZwApphelpCacheControl

  Block 6675: ntdll.dll!RtlEnterCriticalSection

  Block 6676: ntdll.dll!RtlLeaveCriticalSection

  Block 6677: ntdll.dll!RtlLeaveCriticalSection

  Block 6678: ntdll.dll!RtlGetCurrentServiceSessionId

  Block 6679: ntdll.dll!RtlEnterCriticalSection

  Block 6680: ntdll.dll!RtlGetCurrentServiceSessionId

  Block 6681: ntdll.dll!ZwSetInformationVirtualMemory

  Block 6682: ntdll.dll!RtlActivateActivationContextUnsafeFast

  Block 6683: ntdll.dll!RtlGetCurrentServiceSessionId

  Block 6684: msvcrt.dll!malloc

  Block 6685: ntdll.dll!RtlAllocateHeap

  Block 6686: ntdll.dll!RtlLeaveCriticalSection

  Block 6687: msvcrt.dll!_initterm

  Block 6688: msvcrt.dll!_lock

  Block 6689: ntdll.dll!RtlEnterCriticalSection

  Block 6690: msvcrt.dll!__dllonexit

  Block 6691: msvcrt.dll!_lock

  Block 6692: ntdll.dll!RtlEnterCriticalSection

  Block 6693: msvcrt.dll!_msize

  Block 6694: ntdll.dll!RtlSizeHeap

  Block 6695: msvcrt.dll!_unlock

  Block 6696: ntdll.dll!RtlLeaveCriticalSection

  Block 6697: msvcrt.dll!_unlock

  Block 6698: ntdll.dll!RtlLeaveCriticalSection

  Block 6699: msvcrt.dll!_lock

  Block 6700: ntdll.dll!RtlEnterCriticalSection

  Block 6701: msvcrt.dll!__dllonexit

  Block 6702: msvcrt.dll!_lock

  Block 6703: ntdll.dll!RtlEnterCriticalSection

  Block 6704: msvcrt.dll!_msize

  Block 6705: ntdll.dll!RtlSizeHeap

  Block 6706: msvcrt.dll!_unlock

  Block 6707: ntdll.dll!RtlLeaveCriticalSection

  Block 6708: msvcrt.dll!_unlock

  Block 6709: ntdll.dll!RtlLeaveCriticalSection

  Block 6710: KERNELBASE.dll!InitializeCriticalSectionEx

  Block 6712: KERNELBASE.dll!InitializeCriticalSectionEx

  Block 6714: msvcrt.dll!_lock

  Block 6715: ntdll.dll!RtlEnterCriticalSection

  Block 6716: msvcrt.dll!__dllonexit

  Block 6717: msvcrt.dll!_lock

  Block 6718: ntdll.dll!RtlEnterCriticalSection

  Block 6719: msvcrt.dll!_msize

  Block 6720: ntdll.dll!RtlSizeHeap

  Block 6721: msvcrt.dll!_unlock

  Block 6722: ntdll.dll!RtlLeaveCriticalSection

  Block 6723: msvcrt.dll!_unlock

  Block 6724: ntdll.dll!RtlLeaveCriticalSection

  Block 6725: msvcrt.dll!_lock

  Block 6726: ntdll.dll!RtlEnterCriticalSection

  Block 6727: msvcrt.dll!__dllonexit

  Block 6728: msvcrt.dll!_lock

  Block 6729: ntdll.dll!RtlEnterCriticalSection

  Block 6730: msvcrt.dll!_msize

  Block 6731: ntdll.dll!RtlSizeHeap

  Block 6732: msvcrt.dll!_unlock

  Block 6733: ntdll.dll!RtlLeaveCriticalSection

  Block 6734: msvcrt.dll!_unlock

  Block 6735: ntdll.dll!RtlLeaveCriticalSection

  Block 6736: KERNELBASE.dll!InitOnceExecuteOnce

  Block 6737: ntdll.dll!RtlRunOnceExecuteOnce

  Block 6738: ntdll.dll!RtlRunOnceComplete

  Block 6739: msvcrt.dll!_lock

  Block 6740: ntdll.dll!RtlEnterCriticalSection

  Block 6741: msvcrt.dll!__dllonexit

  Block 6742: msvcrt.dll!_lock

  Block 6743: ntdll.dll!RtlEnterCriticalSection

  Block 6744: msvcrt.dll!_msize

  Block 6745: ntdll.dll!RtlSizeHeap

  Block 6746: msvcrt.dll!_unlock

  Block 6747: ntdll.dll!RtlLeaveCriticalSection

  Block 6748: msvcrt.dll!_unlock

  Block 6749: ntdll.dll!RtlLeaveCriticalSection

  Block 6750: ntdll.dll!EtwRegisterTraceGuidsW

  Block 6751: ntdll.dll!RtlAllocateHeap

  Block 6752: ntdll.dll!memset

  Block 6753: ntdll.dll!memset

  Block 6754: ntdll.dll!EtwNotificationRegister

  Block 6755: ntdll.dll!RtlInterlockedPopEntrySList

  Block 6756: ntdll.dll!ExpInterlockedPopEntrySListResume

  Block 6757: ntdll.dll!RtlAllocateHeap

  Block 6758: ntdll.dll!memset

  Block 6759: ntdll.dll!RtlAcquireSRWLockExclusive

  Block 6760: ntdll.dll!memset

  Block 6762: ntdll.dll!ZwTraceControl

  Block 6763: ntdll.dll!RtlAcquireSRWLockExclusive

  Block 6764: ntdll.dll!memcmp

  Block 6765: ntdll.dll!memcmp

  Block 6766: ntdll.dll!memcmp

  Block 6767: ntdll.dll!memcmp

  Block 6768: ntdll.dll!memcmp

  Block 6769: ntdll.dll!RtlRbInsertNodeEx

  Block 6770: ntdll.dll!RtlReleaseSRWLockExclusive

  Block 6771: ntdll.dll!RtlAcquireSRWLockExclusive

  Block 6772: ntdll.dll!RtlReleaseSRWLockExclusive

  Block 6773: ntdll.dll!RtlReleaseSRWLockExclusive

  Block 6774: ntdll.dll!EtwRegisterTraceGuidsW

  Block 6775: ntdll.dll!RtlAllocateHeap

  Block 6776: ntdll.dll!memset

  Block 6777: ntdll.dll!memset

  Block 6778: ntdll.dll!EtwNotificationRegister

  Block 6779: ntdll.dll!RtlInterlockedPopEntrySList

  Block 6780: ntdll.dll!ExpInterlockedPopEntrySListResume

  Block 6781: ntdll.dll!RtlAllocateHeap

  Block 6782: ntdll.dll!memset

  Block 6783: ntdll.dll!RtlAcquireSRWLockExclusive

  Block 6784: ntdll.dll!memset

  Block 6786: ntdll.dll!ZwTraceControl

  Block 6787: ntdll.dll!RtlAcquireSRWLockExclusive

  Block 6788: ntdll.dll!memcmp

  Block 6789: ntdll.dll!memcmp

  Block 6790: ntdll.dll!memcmp

  Block 6791: ntdll.dll!memcmp

  Block 6792: ntdll.dll!memcmp

  Block 6793: ntdll.dll!RtlRbInsertNodeEx

  Block 6794: ntdll.dll!RtlReleaseSRWLockExclusive

  Block 6795: ntdll.dll!RtlAcquireSRWLockExclusive

  Block 6796: ntdll.dll!RtlReleaseSRWLockExclusive

  Block 6797: ntdll.dll!RtlReleaseSRWLockExclusive

  Block 6798: ntdll.dll!EtwRegisterTraceGuidsW

  Block 6799: ntdll.dll!RtlAllocateHeap

  Block 6800: ntdll.dll!memset

  Block 6801: ntdll.dll!memset

  Block 6802: ntdll.dll!EtwNotificationRegister

  Block 6803: ntdll.dll!RtlInterlockedPopEntrySList

  Block 6804: ntdll.dll!ExpInterlockedPopEntrySListResume

  Block 6805: ntdll.dll!RtlAllocateHeap

  Block 6806: ntdll.dll!memset

  Block 6807: ntdll.dll!RtlAcquireSRWLockExclusive

  Block 6808: ntdll.dll!memset

  Block 6810: ntdll.dll!ZwTraceControl

  Block 6811: ntdll.dll!RtlAcquireSRWLockExclusive

  Block 6812: ntdll.dll!memcmp

  Block 6813: ntdll.dll!memcmp

  Block 6814: ntdll.dll!memcmp

  Block 6815: ntdll.dll!memcmp

  Block 6816: ntdll.dll!memcmp

  Block 6817: ntdll.dll!RtlRbInsertNodeEx

  Block 6818: ntdll.dll!RtlReleaseSRWLockExclusive

  Block 6819: ntdll.dll!RtlAcquireSRWLockExclusive

  Block 6820: ntdll.dll!RtlReleaseSRWLockExclusive

  Block 6821: ntdll.dll!RtlReleaseSRWLockExclusive

  Block 6822: ntdll.dll!EtwRegisterTraceGuidsW

  Block 6823: ntdll.dll!RtlAllocateHeap

  Block 6824: ntdll.dll!memset

  Block 6825: ntdll.dll!memset

  Block 6826: ntdll.dll!EtwNotificationRegister

  Block 6827: ntdll.dll!RtlInterlockedPopEntrySList

  Block 6828: ntdll.dll!ExpInterlockedPopEntrySListResume

  Block 6829: ntdll.dll!RtlAllocateHeap

  Block 6830: ntdll.dll!memset

  Block 6831: ntdll.dll!RtlAcquireSRWLockExclusive

  Block 6832: ntdll.dll!memset

  Block 6834: ntdll.dll!ZwTraceControl

  Block 6835: ntdll.dll!RtlAcquireSRWLockExclusive

  Block 6836: ntdll.dll!memcmp

  Block 6837: ntdll.dll!memcmp

  Block 6838: ntdll.dll!memcmp

  Block 6839: ntdll.dll!memcmp

  Block 6840: ntdll.dll!memcmp

  Block 6841: ntdll.dll!memcmp

  Block 6842: ntdll.dll!RtlRbInsertNodeEx

  Block 6843: ntdll.dll!RtlReleaseSRWLockExclusive

  Block 6844: ntdll.dll!RtlAcquireSRWLockExclusive

  Block 6845: ntdll.dll!RtlReleaseSRWLockExclusive

  Block 6846: ntdll.dll!RtlReleaseSRWLockExclusive

  Block 6847: ntdll.dll!EtwRegisterTraceGuidsW

  Block 6848: ntdll.dll!RtlAllocateHeap

  Block 6849: ntdll.dll!memset

  Block 6850: ntdll.dll!memset

  Block 6851: ntdll.dll!EtwNotificationRegister

  Block 6852: ntdll.dll!RtlInterlockedPopEntrySList

  Block 6853: ntdll.dll!ExpInterlockedPopEntrySListResume

  Block 6854: ntdll.dll!RtlAllocateHeap

  Block 6855: ntdll.dll!memset

  Block 6856: ntdll.dll!RtlAcquireSRWLockExclusive

  Block 6857: ntdll.dll!memset

  Block 6859: ntdll.dll!ZwTraceControl

  Block 6860: ntdll.dll!RtlAcquireSRWLockExclusive

  Block 6861: ntdll.dll!memcmp

  Block 6862: ntdll.dll!memcmp

  Block 6863: ntdll.dll!memcmp

  Block 6864: ntdll.dll!memcmp

  Block 6865: ntdll.dll!memcmp

  Block 6866: ntdll.dll!memcmp

  Block 6867: ntdll.dll!RtlRbInsertNodeEx

  Block 6868: ntdll.dll!RtlReleaseSRWLockExclusive

  Block 6869: ntdll.dll!RtlAcquireSRWLockExclusive

  Block 6870: ntdll.dll!RtlReleaseSRWLockExclusive

  Block 6871: ntdll.dll!RtlReleaseSRWLockExclusive

  Block 6872: ntdll.dll!EtwRegisterTraceGuidsW

  Block 6873: ntdll.dll!RtlAllocateHeap

  Block 6874: ntdll.dll!memset

  Block 6875: ntdll.dll!memset

  Block 6876: ntdll.dll!EtwNotificationRegister

  Block 6877: ntdll.dll!RtlInterlockedPopEntrySList

  Block 6878: ntdll.dll!ExpInterlockedPopEntrySListResume

  Block 6879: ntdll.dll!RtlAllocateHeap

  Block 6880: ntdll.dll!memset

  Block 6881: ntdll.dll!RtlAcquireSRWLockExclusive

  Block 6882: ntdll.dll!memset

  Block 6884: ntdll.dll!ZwTraceControl

  Block 6885: ntdll.dll!RtlAcquireSRWLockExclusive

  Block 6886: ntdll.dll!memcmp

  Block 6887: ntdll.dll!memcmp

  Block 6888: ntdll.dll!memcmp

  Block 6889: ntdll.dll!memcmp

  Block 6890: ntdll.dll!memcmp

  Block 6891: ntdll.dll!memcmp

  Block 6892: ntdll.dll!memcmp

  Block 6893: ntdll.dll!RtlRbInsertNodeEx

  Block 6894: ntdll.dll!RtlReleaseSRWLockExclusive

  Block 6895: ntdll.dll!RtlAcquireSRWLockExclusive

  Block 6896: ntdll.dll!RtlReleaseSRWLockExclusive

  Block 6897: ntdll.dll!RtlReleaseSRWLockExclusive

  Block 6898: ntdll.dll!EtwEventRegister

  Block 6899: ntdll.dll!EtwNotificationRegister

  Block 6900: ntdll.dll!RtlInterlockedPopEntrySList

  Block 6901: ntdll.dll!ExpInterlockedPopEntrySListResume

  Block 6902: ntdll.dll!RtlAllocateHeap

  Block 6903: ntdll.dll!memset

  Block 6904: ntdll.dll!RtlAcquireSRWLockExclusive

  Block 6905: ntdll.dll!memset

  Block 6907: ntdll.dll!ZwTraceControl

  Block 6908: ntdll.dll!RtlAcquireSRWLockExclusive

  Block 6909: ntdll.dll!memcmp

  Block 6910: ntdll.dll!memcmp

  Block 6911: ntdll.dll!memcmp

  Block 6912: ntdll.dll!memcmp

  Block 6913: ntdll.dll!memcmp

  Block 6914: ntdll.dll!memcmp

  Block 6915: ntdll.dll!RtlRbInsertNodeEx

  Block 6916: ntdll.dll!RtlReleaseSRWLockExclusive

  Block 6917: ntdll.dll!RtlAcquireSRWLockExclusive

  Block 6918: ntdll.dll!RtlReleaseSRWLockExclusive

  Block 6919: ntdll.dll!RtlReleaseSRWLockExclusive

  Block 6920: KERNELBASE.dll!DisableThreadLibraryCalls

  Block 6921: ntdll.dll!LdrDisableThreadCalloutsForDll

  Block 6922: ntdll.dll!RtlAcquireSRWLockExclusive

  Block 6923: ntdll.dll!RtlReleaseSRWLockExclusive

  Block 6924: ntdll.dll!RtlGetCurrentServiceSessionId

  Block 6925: ntdll.dll!RtlDeactivateActivationContextUnsafeFast

  Block 6926: ntdll.dll!RtlLeaveCriticalSection

  Block 6927: ntdll.dll!RtlGetCurrentServiceSessionId

  Block 6928: ntdll.dll!RtlAcquireSRWLockExclusive

  Block 6929: ntdll.dll!RtlAllocateHeap

  Block 6930: ntdll.dll!RtlReleaseSRWLockExclusive

  Block 6931: ntdll.dll!RtlFreeHeap

  Block 6932: ntdll.dll!RtlTryEnterCriticalSection

  Block 6933: ntdll.dll!RtlFreeHeap

  Block 6934: ntdll.dll!RtlGetCurrentServiceSessionId

  Block 6935: ntdll.dll!RtlEnterCriticalSection

  Block 6936: ntdll.dll!RtlLeaveCriticalSection

  Block 6937: ntdll.dll!ZwSetEvent

  Block 6938: ntdll.dll!RtlDeactivateActivationContextUnsafeFast

  Block 6939: ntdll.dll!RtlGetCurrentServiceSessionId

  Block 6940: ntdll.dll!RtlGetCurrentServiceSessionId

  Block 6941: ntdll.dll!LdrControlFlowGuardEnforced

  Block 6942: ntdll.dll!RtlImageNtHeaderEx

  Block 6943: ntdll.dll!RtlImageNtHeaderEx

  Block 6944: ntdll.dll!RtlImageNtHeaderEx

  Block 6945: ntdll.dll!RtlImageNtHeaderEx

  Block 6946: ntdll.dll!RtlImageNtHeaderEx

  Block 6947: ntdll.dll!RtlImageNtHeaderEx

  Block 6948: ntdll.dll!RtlImageNtHeaderEx

  Block 6949: ntdll.dll!RtlImageNtHeaderEx

  Block 6950: ntdll.dll!RtlImageNtHeaderEx

  Block 6951: ntdll.dll!RtlImageNtHeaderEx

  Block 6952: ntdll.dll!RtlImageNtHeaderEx

  Block 6953: ntdll.dll!RtlImageNtHeaderEx

  Block 6954: ntdll.dll!RtlImageNtHeaderEx

  Block 6955: ntdll.dll!RtlImageNtHeaderEx

  Block 6956: ntdll.dll!RtlImageNtHeaderEx

  Block 6957: ntdll.dll!RtlImageNtHeaderEx

  Block 6958: ntdll.dll!RtlImageNtHeaderEx

  Block 6959: ntdll.dll!RtlImageNtHeaderEx

  Block 6960: ntdll.dll!RtlImageNtHeaderEx

  Block 6961: ntdll.dll!RtlImageNtHeaderEx

  Block 6962: ntdll.dll!RtlImageNtHeaderEx

  Block 6963: ntdll.dll!RtlImageNtHeaderEx

  Block 6964: ntdll.dll!RtlAcquireSRWLockExclusive

  Block 6965: ntdll.dll!ZwProtectVirtualMemory

  Block 6966: ntdll.dll!ZwProtectVirtualMemory

  Block 6967: ntdll.dll!LdrControlFlowGuardEnforced

  Block 6968: ntdll.dll!RtlReleaseSRWLockExclusive

  Block 6969: SHLWAPI.dll!PathIsDirectoryW

  Block 6970: KERNELBASE.dll!PathIsUNCServerW

  Block 6971: KERNELBASE.dll!PathIsUNCEx

  Block 6972: KERNELBASE.dll!PathIsUNCServerShareW

  Block 6973: KERNELBASE.dll!PathIsUNCEx

  Block 6974: KERNELBASE.dll!GetFileAttributesW

  Block 6975: ntdll.dll!RtlDosPathNameToNtPathName_U_WithStatus

  Block 6976: ntdll.dll!RtlInitUnicodeStringEx

  Block 6977: ntdll.dll!memset

  Block 6978: ntdll.dll!RtlAllocateHeap

  Block 6979: ntdll.dll!RtlLeaveCriticalSection

  Block 6980: ntdll.dll!memmove

  Block 6981: ntdll.dll!memmove

  Block 6982: ntdll.dll!ZwQueryAttributesFile

  Block 6983: ntdll.dll!RtlFreeHeap

  Block 6984: ntdll.dll!RtlTryEnterCriticalSection

  Block 6985: combase.dll!CoTaskMemAlloc

  Block 6986: ntdll.dll!RtlAllocateHeap

  Block 6987: ucrtbase.dll!memmove

  Block 6988: KERNELBASE.dll!UrlIsW

  Block 6989: KERNELBASE.dll!PathUnquoteSpacesW

  Block 6990: KERNELBASE.dll!PathGetDriveNumberW

  Block 6991: KERNELBASE.dll!PathIsUNCW

  Block 6992: KERNELBASE.dll!ResolveDelayLoadedAPI

  Block 6993: ntdll.dll!LdrResolveDelayLoadedAPI

  Block 6994: ntdll.dll!RtlAcquireSRWLockExclusive

  Block 6995: ntdll.dll!RtlReleaseSRWLockExclusive

  Block 6996: ntdll.dll!memset

  Block 6997: ntdll.dll!RtlInitString

  Block 6998: ntdll.dll!RtlxOemStringToUnicodeSize

  Block 6999: ntdll.dll!RtlMultiByteToUnicodeSize

  Block 7000: ntdll.dll!RtlAnsiStringToUnicodeString

  Block 7001: ntdll.dll!RtlActivateActivationContextUnsafeFast

  Block 7002: ntdll.dll!RtlCompareUnicodeStrings

  Block 7003: ntdll.dll!RtlGetNtSystemRoot

  Block 7004: ntdll.dll!RtlGetCurrentServiceSessionId

  Block 7005: ntdll.dll!RtlInitUnicodeString

  Block 7006: ntdll.dll!memmove

  Block 7007: ntdll.dll!memmove

  Block 7009: ntdll.dll!RtlAcquireSRWLockExclusive

  Block 7010: ntdll.dll!RtlReleaseSRWLockExclusive

  Block 7011: ntdll.dll!RtlGetCurrentServiceSessionId

  Block 7012: ntdll.dll!RtlEnterCriticalSection

  Block 7013: ntdll.dll!RtlLeaveCriticalSection

  Block 7014: ntdll.dll!ZwSetInformationProcess

  Block 7015: ntdll.dll!RtlAcquireSRWLockExclusive

  Block 7016: ntdll.dll!RtlReleaseSRWLockExclusive

  Block 7017: ntdll.dll!RtlGetCurrentServiceSessionId

  Block 7018: ntdll.dll!RtlAllocateHeap

  Block 7019: ntdll.dll!RtlLeaveCriticalSection

  Block 7020: ntdll.dll!memset

  Block 7021: ntdll.dll!memmove

  Block 7022: ntdll.dll!RtlAllocateHeap

  Block 7023: ntdll.dll!memset

  Block 7024: ntdll.dll!RtlAllocateHeap

  Block 7025: ntdll.dll!memset

  Block 7026: ntdll.dll!RtlEqualUnicodeString

  Block 7027: ntdll.dll!ZwOpenSection

  Block 7028: ntdll.dll!RtlAllocateHeap

  Block 7029: ntdll.dll!memmove

  Block 7030: ntdll.dll!memmove

  Block 7031: ntdll.dll!memmove

  Block 7032: ntdll.dll!ZwQueryAttributesFile

  Block 7033: ntdll.dll!RtlInitUnicodeStringEx

  Block 7034: ntdll.dll!RtlHashUnicodeString

  Block 7035: ntdll.dll!RtlAcquireSRWLockExclusive

  Block 7036: ntdll.dll!RtlReleaseSRWLockExclusive

  Block 7037: ntdll.dll!RtlEnterCriticalSection

  Block 7038: ntdll.dll!RtlLeaveCriticalSection

  Block 7039: ntdll.dll!RtlGetCurrentServiceSessionId

  Block 7040: ntdll.dll!ZwOpenFile

  Block 7041: ntdll.dll!ZwCreateSection

  Block 7042: ntdll.dll!RtlGetCurrentServiceSessionId

  Block 7043: ntdll.dll!RtlEqualUnicodeString

  Block 7044: ntdll.dll!ZwMapViewOfSection

  Block 7045: ntdll.dll!RtlImageNtHeaderEx

  Block 7046: ntdll.dll!RtlAcquireSRWLockExclusive

  Block 7048: ntdll.dll!RtlRbInsertNodeEx

  Block 7049: ntdll.dll!RtlReleaseSRWLockExclusive

  Block 7050: ntdll.dll!RtlIsCriticalSectionLockedByThread

  Block 7051: ntdll.dll!RtlImageNtHeaderEx

  Block 7052: ntdll.dll!RtlImageNtHeaderEx

  Block 7053: ntdll.dll!RtlImageNtHeaderEx

  Block 7054: ntdll.dll!RtlIsProcessorFeaturePresent

  Block 7055: ntdll.dll!RtlImageNtHeaderEx

  Block 7056: ntdll.dll!RtlImageNtHeaderEx

  Block 7057: ntdll.dll!RtlImageNtHeaderEx

  Block 7058: ntdll.dll!RtlImageRvaToSection

  Block 7059: ntdll.dll!ZwQueryPerformanceCounter

  Block 7060: ntdll.dll!RtlImageNtHeaderEx

  Block 7061: ntdll.dll!ZwProtectVirtualMemory

  Block 7062: ntdll.dll!LdrControlFlowGuardEnforced

  Block 7063: ntdll.dll!LdrControlFlowGuardEnforced

  Block 7064: ntdll.dll!ZwProtectVirtualMemory

  Block 7065: ntdll.dll!LdrControlFlowGuardEnforced

  Block 7066: ntdll.dll!ZwProtectVirtualMemory

  Block 7067: ntdll.dll!ZwProtectVirtualMemory

  Block 7068: ntdll.dll!LdrControlFlowGuardEnforced

  Block 7069: ntdll.dll!ZwProtectVirtualMemory

  Block 7070: ntdll.dll!RtlImageNtHeaderEx

  Block 7071: ntdll.dll!RtlAcquireSRWLockExclusive

  Block 7072: ntdll.dll!RtlAcquireSRWLockExclusive

  Block 7073: ntdll.dll!ZwProtectVirtualMemory

  Block 7074: ntdll.dll!RtlReleaseSRWLockExclusive

  Block 7076: ntdll.dll!RtlAcquireSRWLockExclusive

  Block 7077: ntdll.dll!ZwProtectVirtualMemory

  Block 7078: ntdll.dll!RtlReleaseSRWLockExclusive

  Block 7079: ntdll.dll!RtlReleaseSRWLockExclusive

  Block 7080: ntdll.dll!RtlAcquireSRWLockExclusive

  Block 7081: ntdll.dll!RtlReleaseSRWLockExclusive

  Block 7082: ntdll.dll!RtlGetCurrentServiceSessionId

  Block 7083: ntdll.dll!RtlGetCurrentServiceSessionId

  Block 7084: KERNELBASE.dll!InitOnceExecuteOnce

  Block 7085: ntdll.dll!RtlRunOnceExecuteOnce

  Block 7086: ntdll.dll!LdrResFindResourceDirectory

  Block 7087: ntdll.dll!LdrResSearchResource

  Block 7088: ntdll.dll!RtlGetCurrentServiceSessionId

  Block 7089: ntdll.dll!memmove

  Block 7090: ntdll.dll!LdrpResGetMappingSize

  Block 7091: ntdll.dll!RtlGetCurrentServiceSessionId

  Block 7092: ntdll.dll!RtlImageNtHeaderEx

  Block 7093: ntdll.dll!RtlGetCurrentServiceSessionId

  Block 7094: ntdll.dll!RtlGetCurrentServiceSessionId

  Block 7095: ntdll.dll!LdrpResGetResourceDirectory

  Block 7096: ntdll.dll!RtlGetCurrentServiceSessionId

  Block 7097: ntdll.dll!RtlImageNtHeaderEx

  Block 7099: ntdll.dll!RtlGetCurrentServiceSessionId

  Block 7100: ntdll.dll!RtlGetCurrentServiceSessionId

  Block 7101: ntdll.dll!RtlGetCurrentServiceSessionId

  Block 7102: ntdll.dll!RtlGetCurrentServiceSessionId

  Block 7103: ntdll.dll!RtlImageNtHeaderEx

  Block 7104: ntdll.dll!RtlImageNtHeaderEx

  Block 7105: ntdll.dll!RtlImageNtHeaderEx

  Block 7106: ntdll.dll!RtlImageNtHeaderEx

  Block 7107: ntdll.dll!ZwProtectVirtualMemory

  Block 7108: ntdll.dll!RtlImageNtHeaderEx

  Block 7109: ntdll.dll!RtlAllocateHeap

  Block 7110: ntdll.dll!RtlLeaveCriticalSection

  Block 7111: ntdll.dll!memset

  Block 7112: ntdll.dll!RtlAnsiStringToUnicodeString

  Block 7113: ntdll.dll!RtlCompareUnicodeStrings

  Block 7114: ntdll.dll!memmove

  Block 7115: ntdll.dll!memmove

  Block 7116: ntdll.dll!RtlAllocateHeap

  Block 7117: ntdll.dll!RtlAcquireSRWLockExclusive

  Block 7118: ntdll.dll!RtlGetCurrentServiceSessionId

  Block 7119: ntdll.dll!RtlAcquireSRWLockExclusive

  Block 7120: ntdll.dll!RtlAcquireSRWLockExclusive

  Block 7121: ntdll.dll!RtlDeactivateActivationContextUnsafeFast

  Block 7122: ntdll.dll!RtlAnsiStringToUnicodeString

  Block 7123: ntdll.dll!RtlCompareUnicodeStrings

  Block 7124: ntdll.dll!memmove

  Block 7125: ntdll.dll!memmove

  Block 7126: ntdll.dll!RtlAcquireSRWLockExclusive

  Block 7127: ntdll.dll!RtlGetCurrentServiceSessionId

  Block 7128: ntdll.dll!RtlAcquireSRWLockExclusive

  Block 7129: ntdll.dll!RtlAcquireSRWLockExclusive

  Block 7130: ntdll.dll!RtlDeactivateActivationContextUnsafeFast

  Block 7131: ntdll.dll!RtlAnsiStringToUnicodeString

  Block 7132: ntdll.dll!RtlCompareUnicodeStrings

  Block 7133: ntdll.dll!memmove

  Block 7134: ntdll.dll!memmove

  Block 7135: ntdll.dll!RtlAcquireSRWLockExclusive

  Block 7136: ntdll.dll!RtlGetCurrentServiceSessionId

  Block 7137: ntdll.dll!RtlAcquireSRWLockExclusive

  Block 7138: ntdll.dll!RtlAcquireSRWLockExclusive

  Block 7139: ntdll.dll!RtlDeactivateActivationContextUnsafeFast

  Block 7140: ntdll.dll!RtlAnsiStringToUnicodeString

  Block 7141: ntdll.dll!RtlCompareUnicodeStrings

  Block 7142: ntdll.dll!memmove

  Block 7143: ntdll.dll!memmove

  Block 7144: ntdll.dll!RtlAcquireSRWLockExclusive

  Block 7145: ntdll.dll!RtlGetCurrentServiceSessionId

  Block 7146: ntdll.dll!RtlAcquireSRWLockExclusive

  Block 7147: ntdll.dll!RtlAcquireSRWLockExclusive

  Block 7148: ntdll.dll!RtlDeactivateActivationContextUnsafeFast

  Block 7149: ntdll.dll!RtlAnsiStringToUnicodeString

  Block 7150: ntdll.dll!RtlCompareUnicodeStrings

  Block 7151: ntdll.dll!memmove

  Block 7152: ntdll.dll!memmove

  Block 7153: ntdll.dll!RtlAcquireSRWLockExclusive

  Block 7154: ntdll.dll!RtlGetCurrentServiceSessionId

  Block 7155: ntdll.dll!RtlAcquireSRWLockExclusive

  Block 7156: ntdll.dll!RtlAcquireSRWLockExclusive

  Block 7157: ntdll.dll!RtlDeactivateActivationContextUnsafeFast

  Block 7158: ntdll.dll!RtlAnsiStringToUnicodeString

  Block 7159: ntdll.dll!RtlCompareUnicodeStrings

  Block 7160: ntdll.dll!memmove

  Block 7161: ntdll.dll!memmove

  Block 7162: ntdll.dll!RtlAcquireSRWLockExclusive

  Block 7163: ntdll.dll!RtlGetCurrentServiceSessionId

  Block 7164: ntdll.dll!RtlAcquireSRWLockExclusive

  Block 7165: ntdll.dll!RtlAcquireSRWLockExclusive

  Block 7166: ntdll.dll!RtlDeactivateActivationContextUnsafeFast

  Block 7167: ntdll.dll!RtlAnsiStringToUnicodeString

  Block 7168: ntdll.dll!RtlCompareUnicodeStrings

  Block 7169: ntdll.dll!memmove

  Block 7170: ntdll.dll!memmove

  Block 7171: ntdll.dll!RtlAcquireSRWLockExclusive

  Block 7172: ntdll.dll!RtlGetCurrentServiceSessionId

  Block 7173: ntdll.dll!RtlAcquireSRWLockExclusive

  Block 7174: ntdll.dll!RtlAcquireSRWLockExclusive

  Block 7175: ntdll.dll!RtlDeactivateActivationContextUnsafeFast

  Block 7176: ntdll.dll!RtlAnsiStringToUnicodeString

  Block 7177: ntdll.dll!RtlCompareUnicodeStrings

  Block 7178: ntdll.dll!RtlCompareUnicodeStrings

  Block 7179: ntdll.dll!memmove

  Block 7180: ntdll.dll!memmove

  Block 7181: ntdll.dll!RtlAcquireSRWLockExclusive

  Block 7182: ntdll.dll!RtlGetCurrentServiceSessionId

  Block 7183: ntdll.dll!RtlAcquireSRWLockExclusive

  Block 7184: ntdll.dll!RtlAcquireSRWLockExclusive

  Block 7185: ntdll.dll!RtlDeactivateActivationContextUnsafeFast

  Block 7186: ntdll.dll!RtlAnsiStringToUnicodeString

  Block 7187: ntdll.dll!RtlCompareUnicodeStrings

  Block 7188: ntdll.dll!memmove

  Block 7189: ntdll.dll!memmove

  Block 7190: ntdll.dll!RtlAcquireSRWLockExclusive

  Block 7191: ntdll.dll!RtlGetCurrentServiceSessionId

  Block 7192: ntdll.dll!RtlAcquireSRWLockExclusive

  Block 7193: ntdll.dll!RtlAcquireSRWLockExclusive

  Block 7194: ntdll.dll!RtlDeactivateActivationContextUnsafeFast

  Block 7195: ntdll.dll!RtlAnsiStringToUnicodeString

  Block 7196: ntdll.dll!RtlCompareUnicodeStrings

  Block 7197: ntdll.dll!memmove

  Block 7198: ntdll.dll!memmove

  Block 7199: ntdll.dll!RtlAcquireSRWLockExclusive

  Block 7200: ntdll.dll!RtlGetCurrentServiceSessionId

  Block 7201: ntdll.dll!RtlAcquireSRWLockExclusive

  Block 7202: ntdll.dll!RtlAcquireSRWLockExclusive

  Block 7203: ntdll.dll!RtlDeactivateActivationContextUnsafeFast

  Block 7204: ntdll.dll!RtlAnsiStringToUnicodeString

  Block 7205: ntdll.dll!RtlCompareUnicodeStrings

  Block 7206: ntdll.dll!memmove

  Block 7207: ntdll.dll!memmove

  Block 7208: ntdll.dll!RtlAcquireSRWLockExclusive

  Block 7209: ntdll.dll!RtlGetCurrentServiceSessionId

  Block 7210: ntdll.dll!RtlAcquireSRWLockExclusive

  Block 7211: ntdll.dll!RtlAcquireSRWLockExclusive

  Block 7212: ntdll.dll!RtlDeactivateActivationContextUnsafeFast

  Block 7213: ntdll.dll!RtlAnsiStringToUnicodeString

  Block 7214: ntdll.dll!RtlDosApplyFileIsolationRedirection_Ustr

  Block 7215: ntdll.dll!RtlFindCharInUnicodeString

  Block 7217: ntdll.dll!RtlFindActivationContextSectionString

  Block 7218: ntdll.dll!bsearch

  Block 7219: ntdll.dll!RtlHashUnicodeString

  Block 7220: ntdll.dll!bsearch

  Block 7221: ntdll.dll!bsearch

  Block 7224: ntdll.dll!memmove

  Block 7225: ntdll.dll!RtlAcquireSRWLockExclusive

  Block 7226: ntdll.dll!RtlEqualUnicodeString

  Block 7227: ntdll.dll!RtlReleaseSRWLockExclusive

  Block 7228: ntdll.dll!RtlGetCurrentServiceSessionId

  Block 7229: ntdll.dll!RtlAcquireSRWLockExclusive

  Block 7230: ntdll.dll!RtlAcquireSRWLockExclusive

  Block 7231: ntdll.dll!RtlDeactivateActivationContextUnsafeFast

  Block 7232: ntdll.dll!RtlAnsiStringToUnicodeString

  Block 7233: ntdll.dll!RtlCompareUnicodeStrings

  Block 7234: ntdll.dll!memmove

  Block 7235: ntdll.dll!memmove

  Block 7236: ntdll.dll!RtlAcquireSRWLockExclusive

  Block 7237: ntdll.dll!RtlGetCurrentServiceSessionId

  Block 7238: ntdll.dll!RtlAcquireSRWLockExclusive

  Block 7239: ntdll.dll!RtlAcquireSRWLockExclusive

  Block 7240: ntdll.dll!RtlDeactivateActivationContextUnsafeFast

  Block 7241: ntdll.dll!RtlAnsiStringToUnicodeString

  Block 7242: ntdll.dll!RtlCompareUnicodeStrings

  Block 7243: ntdll.dll!memmove

  Block 7244: ntdll.dll!memmove

  Block 7245: ntdll.dll!RtlAcquireSRWLockExclusive

  Block 7246: ntdll.dll!RtlGetCurrentServiceSessionId

  Block 7247: ntdll.dll!RtlAcquireSRWLockExclusive

  Block 7248: ntdll.dll!RtlAcquireSRWLockExclusive

  Block 7249: ntdll.dll!RtlDeactivateActivationContextUnsafeFast

  Block 7250: ntdll.dll!RtlAnsiStringToUnicodeString

  Block 7251: ntdll.dll!RtlCompareUnicodeStrings

  Block 7252: ntdll.dll!memmove

  Block 7253: ntdll.dll!memmove

  Block 7254: ntdll.dll!RtlAcquireSRWLockExclusive

  Block 7255: ntdll.dll!RtlGetCurrentServiceSessionId

  Block 7256: ntdll.dll!RtlAcquireSRWLockExclusive

  Block 7257: ntdll.dll!RtlAcquireSRWLockExclusive

  Block 7258: ntdll.dll!RtlDeactivateActivationContextUnsafeFast

  Block 7259: ntdll.dll!RtlAnsiStringToUnicodeString

  Block 7260: ntdll.dll!RtlCompareUnicodeStrings

  Block 7261: ntdll.dll!memmove

  Block 7262: ntdll.dll!memmove

  Block 7263: ntdll.dll!RtlAcquireSRWLockExclusive

  Block 7264: ntdll.dll!RtlGetCurrentServiceSessionId

  Block 7265: ntdll.dll!RtlAcquireSRWLockExclusive

  Block 7266: ntdll.dll!RtlAcquireSRWLockExclusive

  Block 7267: ntdll.dll!RtlDeactivateActivationContextUnsafeFast

  Block 7268: ntdll.dll!RtlAnsiStringToUnicodeString

  Block 7269: ntdll.dll!RtlCompareUnicodeStrings

  Block 7270: ntdll.dll!memmove

  Block 7271: ntdll.dll!memmove

  Block 7272: ntdll.dll!RtlAcquireSRWLockExclusive

  Block 7273: ntdll.dll!RtlGetCurrentServiceSessionId

  Block 7274: ntdll.dll!RtlAcquireSRWLockExclusive

  Block 7275: ntdll.dll!RtlAcquireSRWLockExclusive

  Block 7276: ntdll.dll!RtlDeactivateActivationContextUnsafeFast

  Block 7277: ntdll.dll!RtlAnsiStringToUnicodeString

  Block 7278: ntdll.dll!RtlCompareUnicodeStrings

  Block 7279: ntdll.dll!memmove

  Block 7280: ntdll.dll!memmove

  Block 7281: ntdll.dll!RtlAcquireSRWLockExclusive

  Block 7282: ntdll.dll!RtlGetCurrentServiceSessionId

  Block 7283: ntdll.dll!RtlAcquireSRWLockExclusive

  Block 7284: ntdll.dll!RtlAcquireSRWLockExclusive

  Block 7285: ntdll.dll!RtlDeactivateActivationContextUnsafeFast

  Block 7286: ntdll.dll!RtlAnsiStringToUnicodeString

  Block 7287: ntdll.dll!RtlCompareUnicodeStrings

  Block 7288: ntdll.dll!memmove

  Block 7289: ntdll.dll!memmove

  Block 7290: ntdll.dll!RtlAcquireSRWLockExclusive

  Block 7291: ntdll.dll!RtlGetCurrentServiceSessionId

  Block 7292: ntdll.dll!RtlAcquireSRWLockExclusive

  Block 7293: ntdll.dll!RtlAcquireSRWLockExclusive

  Block 7294: ntdll.dll!RtlDeactivateActivationContextUnsafeFast

  Block 7295: ntdll.dll!RtlAnsiStringToUnicodeString

  Block 7296: ntdll.dll!RtlCompareUnicodeStrings

  Block 7297: ntdll.dll!memmove

  Block 7298: ntdll.dll!memmove

  Block 7299: ntdll.dll!RtlAcquireSRWLockExclusive

  Block 7300: ntdll.dll!RtlGetCurrentServiceSessionId

  Block 7301: ntdll.dll!RtlAcquireSRWLockExclusive

  Block 7302: ntdll.dll!RtlAcquireSRWLockExclusive

  Block 7303: ntdll.dll!RtlDeactivateActivationContextUnsafeFast

  Block 7304: ntdll.dll!RtlAnsiStringToUnicodeString

  Block 7305: ntdll.dll!RtlCompareUnicodeStrings

  Block 7306: ntdll.dll!memmove

  Block 7307: ntdll.dll!memmove

  Block 7308: ntdll.dll!RtlAcquireSRWLockExclusive

  Block 7309: ntdll.dll!RtlGetCurrentServiceSessionId

  Block 7310: ntdll.dll!RtlAcquireSRWLockExclusive

  Block 7311: ntdll.dll!RtlAcquireSRWLockExclusive

  Block 7312: ntdll.dll!RtlDeactivateActivationContextUnsafeFast

  Block 7313: ntdll.dll!RtlAnsiStringToUnicodeString

  Block 7314: ntdll.dll!RtlCompareUnicodeStrings

  Block 7315: ntdll.dll!memmove

  Block 7316: ntdll.dll!memmove

  Block 7317: ntdll.dll!RtlAcquireSRWLockExclusive

  Block 7318: ntdll.dll!RtlGetCurrentServiceSessionId

  Block 7319: ntdll.dll!RtlAcquireSRWLockExclusive

  Block 7320: ntdll.dll!RtlAcquireSRWLockExclusive

  Block 7321: ntdll.dll!RtlDeactivateActivationContextUnsafeFast

  Block 7322: ntdll.dll!RtlAnsiStringToUnicodeString

  Block 7323: ntdll.dll!RtlCompareUnicodeStrings

  Block 7324: ntdll.dll!RtlCompareUnicodeStrings

  Block 7325: ntdll.dll!memmove

  Block 7326: ntdll.dll!memmove

  Block 7327: ntdll.dll!RtlAllocateHeap

  Block 7328: ntdll.dll!RtlAcquireSRWLockExclusive

  Block 7329: ntdll.dll!RtlGetCurrentServiceSessionId

  Block 7330: ntdll.dll!RtlAcquireSRWLockExclusive

  Block 7331: ntdll.dll!RtlAcquireSRWLockExclusive

  Block 7332: ntdll.dll!RtlDeactivateActivationContextUnsafeFast

  Block 7333: ntdll.dll!RtlAnsiStringToUnicodeString

  Block 7334: ntdll.dll!RtlCompareUnicodeStrings

  Block 7335: ntdll.dll!memmove

  Block 7336: ntdll.dll!memmove

  Block 7337: ntdll.dll!RtlAcquireSRWLockExclusive

  Block 7338: ntdll.dll!RtlGetCurrentServiceSessionId

  Block 7339: ntdll.dll!RtlAcquireSRWLockExclusive

  Block 7340: ntdll.dll!RtlAcquireSRWLockExclusive

  Block 7341: ntdll.dll!RtlDeactivateActivationContextUnsafeFast

  Block 7342: ntdll.dll!RtlAnsiStringToUnicodeString

  Block 7343: ntdll.dll!RtlCompareUnicodeStrings

  Block 7344: ntdll.dll!memmove

  Block 7345: ntdll.dll!memmove

  Block 7346: ntdll.dll!RtlAcquireSRWLockExclusive

  Block 7347: ntdll.dll!RtlGetCurrentServiceSessionId

  Block 7348: ntdll.dll!RtlAcquireSRWLockExclusive

  Block 7349: ntdll.dll!RtlAcquireSRWLockExclusive

  Block 7350: ntdll.dll!RtlDeactivateActivationContextUnsafeFast

  Block 7351: ntdll.dll!RtlAnsiStringToUnicodeString

  Block 7352: ntdll.dll!RtlCompareUnicodeStrings

  Block 7353: ntdll.dll!memmove

  Block 7354: ntdll.dll!memmove

  Block 7355: ntdll.dll!RtlAcquireSRWLockExclusive

  Block 7356: ntdll.dll!RtlGetCurrentServiceSessionId

  Block 7357: ntdll.dll!RtlAcquireSRWLockExclusive

  Block 7358: ntdll.dll!RtlAcquireSRWLockExclusive

  Block 7359: ntdll.dll!RtlDeactivateActivationContextUnsafeFast

  Block 7360: ntdll.dll!RtlAnsiStringToUnicodeString

  Block 7361: ntdll.dll!RtlCompareUnicodeStrings

  Block 7362: ntdll.dll!memmove

  Block 7363: ntdll.dll!memmove

  Block 7364: ntdll.dll!RtlAcquireSRWLockExclusive

  Block 7365: ntdll.dll!RtlGetCurrentServiceSessionId

  Block 7366: ntdll.dll!RtlAcquireSRWLockExclusive

  Block 7367: ntdll.dll!RtlAcquireSRWLockExclusive

  Block 7368: ntdll.dll!RtlDeactivateActivationContextUnsafeFast

  Block 7369: ntdll.dll!RtlAnsiStringToUnicodeString

  Block 7370: ntdll.dll!RtlCompareUnicodeStrings

  Block 7371: ntdll.dll!RtlCompareUnicodeStrings

  Block 7372: ntdll.dll!memmove

  Block 7373: ntdll.dll!memmove

  Block 7374: ntdll.dll!RtlAcquireSRWLockExclusive

  Block 7375: ntdll.dll!RtlGetCurrentServiceSessionId

  Block 7376: ntdll.dll!RtlAcquireSRWLockExclusive

  Block 7377: ntdll.dll!RtlAcquireSRWLockExclusive

  Block 7378: ntdll.dll!RtlDeactivateActivationContextUnsafeFast

  Block 7379: ntdll.dll!RtlAnsiStringToUnicodeString

  Block 7380: ntdll.dll!RtlCompareUnicodeStrings

  Block 7381: ntdll.dll!memmove

  Block 7382: ntdll.dll!memmove

  Block 7383: ntdll.dll!RtlAcquireSRWLockExclusive

  Block 7384: ntdll.dll!RtlGetCurrentServiceSessionId

  Block 7385: ntdll.dll!RtlAcquireSRWLockExclusive

  Block 7386: ntdll.dll!RtlAcquireSRWLockExclusive

  Block 7387: ntdll.dll!RtlDeactivateActivationContextUnsafeFast

  Block 7388: ntdll.dll!RtlAnsiStringToUnicodeString

  Block 7389: ntdll.dll!RtlCompareUnicodeStrings

  Block 7390: ntdll.dll!memmove

  Block 7391: ntdll.dll!memmove

  Block 7392: ntdll.dll!RtlAcquireSRWLockExclusive

  Block 7393: ntdll.dll!RtlGetCurrentServiceSessionId

  Block 7394: ntdll.dll!RtlAcquireSRWLockExclusive

  Block 7395: ntdll.dll!RtlAcquireSRWLockExclusive

  Block 7396: ntdll.dll!RtlDeactivateActivationContextUnsafeFast

  Block 7397: ntdll.dll!RtlAnsiStringToUnicodeString

  Block 7398: ntdll.dll!RtlCompareUnicodeStrings

  Block 7399: ntdll.dll!memmove

  Block 7400: ntdll.dll!memmove

  Block 7401: ntdll.dll!RtlAcquireSRWLockExclusive

  Block 7402: ntdll.dll!RtlGetCurrentServiceSessionId

  Block 7403: ntdll.dll!RtlAcquireSRWLockExclusive

  Block 7404: ntdll.dll!RtlAcquireSRWLockExclusive

  Block 7405: ntdll.dll!RtlDeactivateActivationContextUnsafeFast

  Block 7406: ntdll.dll!RtlAnsiStringToUnicodeString

  Block 7407: ntdll.dll!RtlDosApplyFileIsolationRedirection_Ustr

  Block 7408: ntdll.dll!RtlFindCharInUnicodeString

  Block 7410: ntdll.dll!RtlFindActivationContextSectionString

  Block 7411: ntdll.dll!bsearch

  Block 7412: ntdll.dll!RtlHashUnicodeString

  Block 7413: ntdll.dll!bsearch

  Block 7414: ntdll.dll!bsearch

  Block 7417: ntdll.dll!memmove

  Block 7418: ntdll.dll!RtlAcquireSRWLockExclusive

  Block 7419: ntdll.dll!RtlEqualUnicodeString

  Block 7420: ntdll.dll!RtlReleaseSRWLockExclusive

  Block 7421: ntdll.dll!RtlGetCurrentServiceSessionId

  Block 7422: ntdll.dll!RtlAcquireSRWLockExclusive

  Block 7423: ntdll.dll!RtlAcquireSRWLockExclusive

  Block 7424: ntdll.dll!RtlDeactivateActivationContextUnsafeFast

  Block 7425: ntdll.dll!RtlAnsiStringToUnicodeString

  Block 7426: ntdll.dll!RtlDosApplyFileIsolationRedirection_Ustr

  Block 7427: ntdll.dll!RtlFindCharInUnicodeString

  Block 7429: ntdll.dll!RtlFindActivationContextSectionString

  Block 7430: ntdll.dll!bsearch

  Block 7431: ntdll.dll!RtlHashUnicodeString

  Block 7432: ntdll.dll!bsearch

  Block 7433: ntdll.dll!bsearch

  Block 7436: ntdll.dll!memmove

  Block 7437: ntdll.dll!RtlAcquireSRWLockExclusive

  Block 7438: ntdll.dll!RtlEqualUnicodeString

  Block 7439: ntdll.dll!RtlReleaseSRWLockExclusive

  Block 7440: ntdll.dll!RtlGetCurrentServiceSessionId

  Block 7441: ntdll.dll!RtlAcquireSRWLockExclusive

  Block 7442: ntdll.dll!RtlAcquireSRWLockExclusive

  Block 7443: ntdll.dll!RtlDeactivateActivationContextUnsafeFast

  Block 7444: ntdll.dll!RtlAnsiStringToUnicodeString

  Block 7445: ntdll.dll!RtlCompareUnicodeStrings

  Block 7446: ntdll.dll!memmove

  Block 7447: ntdll.dll!memmove

  Block 7448: ntdll.dll!RtlAcquireSRWLockExclusive

  Block 7449: ntdll.dll!RtlGetCurrentServiceSessionId

  Block 7450: ntdll.dll!RtlAcquireSRWLockExclusive

  Block 7451: ntdll.dll!RtlAcquireSRWLockExclusive

  Block 7452: ntdll.dll!RtlDeactivateActivationContextUnsafeFast

  Block 7453: ntdll.dll!RtlAnsiStringToUnicodeString

  Block 7454: ntdll.dll!RtlDosApplyFileIsolationRedirection_Ustr

  Block 7455: ntdll.dll!RtlFindCharInUnicodeString

  Block 7457: ntdll.dll!RtlFindActivationContextSectionString

  Block 7458: ntdll.dll!bsearch

  Block 7459: ntdll.dll!RtlHashUnicodeString

  Block 7460: ntdll.dll!bsearch

  Block 7461: ntdll.dll!bsearch

  Block 7464: ntdll.dll!memmove

  Block 7465: ntdll.dll!RtlAcquireSRWLockExclusive

  Block 7466: ntdll.dll!RtlReleaseSRWLockExclusive

  Block 7467: ntdll.dll!RtlGetCurrentServiceSessionId

  Block 7468: ntdll.dll!RtlAllocateHeap

  Block 7469: ntdll.dll!RtlLeaveCriticalSection

  Block 7470: ntdll.dll!memset

  Block 7471: ntdll.dll!memmove

  Block 7472: ntdll.dll!RtlAllocateHeap

  Block 7473: ntdll.dll!memset

  Block 7474: ntdll.dll!RtlAllocateHeap

  Block 7475: ntdll.dll!memset

  Block 7476: ntdll.dll!ZwOpenSection

  Block 7477: ntdll.dll!RtlAcquireSRWLockExclusive

  Block 7478: ntdll.dll!RtlEnterCriticalSection

  Block 7479: ntdll.dll!RtlLeaveCriticalSection

  Block 7480: ntdll.dll!RtlDeactivateActivationContextUnsafeFast

  Block 7481: ntdll.dll!RtlAnsiStringToUnicodeString

  Block 7482: ntdll.dll!RtlCompareUnicodeStrings

  Block 7483: ntdll.dll!memmove

  Block 7484: ntdll.dll!memmove

  Block 7485: ntdll.dll!RtlAllocateHeap

  Block 7486: ntdll.dll!RtlAcquireSRWLockExclusive

  Block 7487: ntdll.dll!RtlGetCurrentServiceSessionId

  Block 7488: ntdll.dll!RtlAcquireSRWLockExclusive

  Block 7489: ntdll.dll!RtlAcquireSRWLockExclusive

  Block 7490: ntdll.dll!RtlDeactivateActivationContextUnsafeFast

  Block 7491: ntdll.dll!RtlAnsiStringToUnicodeString

  Block 7492: ntdll.dll!RtlCompareUnicodeStrings

  Block 7493: ntdll.dll!memmove

  Block 7494: ntdll.dll!memmove

  Block 7495: ntdll.dll!RtlAcquireSRWLockExclusive

  Block 7496: ntdll.dll!RtlGetCurrentServiceSessionId

  Block 7497: ntdll.dll!RtlAcquireSRWLockExclusive

  Block 7498: ntdll.dll!RtlAcquireSRWLockExclusive

  Block 7499: ntdll.dll!RtlDeactivateActivationContextUnsafeFast

  Block 7500: ntdll.dll!RtlAnsiStringToUnicodeString

  Block 7501: ntdll.dll!RtlCompareUnicodeStrings

  Block 7502: ntdll.dll!memmove

  Block 7503: ntdll.dll!memmove

  Block 7504: ntdll.dll!RtlAcquireSRWLockExclusive

  Block 7505: ntdll.dll!RtlGetCurrentServiceSessionId

  Block 7506: ntdll.dll!RtlAcquireSRWLockExclusive

  Block 7507: ntdll.dll!RtlAcquireSRWLockExclusive

  Block 7508: ntdll.dll!RtlDeactivateActivationContextUnsafeFast

  Block 7509: ntdll.dll!RtlAnsiStringToUnicodeString

  Block 7510: ntdll.dll!RtlCompareUnicodeStrings

  Block 7511: ntdll.dll!memmove

  Block 7512: ntdll.dll!memmove

  Block 7513: ntdll.dll!RtlAcquireSRWLockExclusive

  Block 7514: ntdll.dll!RtlGetCurrentServiceSessionId

  Block 7515: ntdll.dll!RtlAcquireSRWLockExclusive

  Block 7516: ntdll.dll!RtlAcquireSRWLockExclusive

  Block 7517: ntdll.dll!RtlDeactivateActivationContextUnsafeFast

  Block 7518: ntdll.dll!RtlAnsiStringToUnicodeString

  Block 7519: ntdll.dll!RtlCompareUnicodeStrings

  Block 7520: ntdll.dll!memmove

  Block 7521: ntdll.dll!memmove

  Block 7522: ntdll.dll!RtlAcquireSRWLockExclusive

  Block 7523: ntdll.dll!RtlGetCurrentServiceSessionId

  Block 7524: ntdll.dll!RtlAcquireSRWLockExclusive

  Block 7525: ntdll.dll!RtlAcquireSRWLockExclusive

  Block 7526: ntdll.dll!RtlDeactivateActivationContextUnsafeFast

  Block 7527: ntdll.dll!RtlAnsiStringToUnicodeString

  Block 7528: ntdll.dll!RtlCompareUnicodeStrings

  Block 7529: ntdll.dll!memmove

  Block 7530: ntdll.dll!memmove

  Block 7531: ntdll.dll!RtlAcquireSRWLockExclusive

  Block 7532: ntdll.dll!RtlGetCurrentServiceSessionId

  Block 7533: ntdll.dll!RtlAcquireSRWLockExclusive

  Block 7534: ntdll.dll!RtlAcquireSRWLockExclusive

  Block 7535: ntdll.dll!RtlDeactivateActivationContextUnsafeFast

  Block 7536: ntdll.dll!RtlAnsiStringToUnicodeString

  Block 7537: ntdll.dll!RtlCompareUnicodeStrings

  Block 7538: ntdll.dll!memmove

  Block 7539: ntdll.dll!memmove

  Block 7540: ntdll.dll!RtlAcquireSRWLockExclusive

  Block 7541: ntdll.dll!RtlGetCurrentServiceSessionId

  Block 7542: ntdll.dll!RtlAcquireSRWLockExclusive

  Block 7543: ntdll.dll!RtlAcquireSRWLockExclusive

  Block 7544: ntdll.dll!RtlDeactivateActivationContextUnsafeFast

  Block 7545: ntdll.dll!RtlAnsiStringToUnicodeString

  Block 7546: ntdll.dll!RtlCompareUnicodeStrings

  Block 7547: ntdll.dll!memmove

  Block 7548: ntdll.dll!memmove

  Block 7549: ntdll.dll!RtlAcquireSRWLockExclusive

  Block 7550: ntdll.dll!RtlGetCurrentServiceSessionId

  Block 7551: ntdll.dll!RtlAcquireSRWLockExclusive

  Block 7552: ntdll.dll!RtlAcquireSRWLockExclusive

  Block 7553: ntdll.dll!RtlDeactivateActivationContextUnsafeFast

  Block 7554: ntdll.dll!RtlAnsiStringToUnicodeString

  Block 7555: ntdll.dll!RtlCompareUnicodeStrings

  Block 7556: ntdll.dll!memmove

  Block 7557: ntdll.dll!memmove

  Block 7558: ntdll.dll!RtlAcquireSRWLockExclusive

  Block 7559: ntdll.dll!RtlGetCurrentServiceSessionId

  Block 7560: ntdll.dll!RtlAcquireSRWLockExclusive

  Block 7561: ntdll.dll!RtlAcquireSRWLockExclusive

  Block 7562: ntdll.dll!RtlDeactivateActivationContextUnsafeFast

  Block 7563: ntdll.dll!RtlAnsiStringToUnicodeString

  Block 7564: ntdll.dll!RtlCompareUnicodeStrings

  Block 7565: ntdll.dll!memmove

  Block 7566: ntdll.dll!memmove

  Block 7567: ntdll.dll!RtlAcquireSRWLockExclusive

  Block 7568: ntdll.dll!RtlGetCurrentServiceSessionId

  Block 7569: ntdll.dll!RtlAcquireSRWLockExclusive

  Block 7570: ntdll.dll!RtlAcquireSRWLockExclusive

  Block 7571: ntdll.dll!RtlDeactivateActivationContextUnsafeFast

  Block 7572: ntdll.dll!RtlAnsiStringToUnicodeString

  Block 7573: ntdll.dll!RtlCompareUnicodeStrings

  Block 7574: ntdll.dll!memmove

  Block 7575: ntdll.dll!memmove

  Block 7576: ntdll.dll!RtlAcquireSRWLockExclusive

  Block 7577: ntdll.dll!RtlGetCurrentServiceSessionId

  Block 7578: ntdll.dll!RtlAcquireSRWLockExclusive

  Block 7579: ntdll.dll!RtlAcquireSRWLockExclusive

  Block 7580: ntdll.dll!RtlDeactivateActivationContextUnsafeFast

  Block 7581: ntdll.dll!RtlAnsiStringToUnicodeString

  Block 7582: ntdll.dll!RtlCompareUnicodeStrings

  Block 7583: ntdll.dll!memmove

  Block 7584: ntdll.dll!memmove

  Block 7585: ntdll.dll!RtlAcquireSRWLockExclusive

  Block 7586: ntdll.dll!RtlGetCurrentServiceSessionId

  Block 7587: ntdll.dll!RtlAcquireSRWLockExclusive

  Block 7588: ntdll.dll!RtlAcquireSRWLockExclusive

  Block 7589: ntdll.dll!RtlDeactivateActivationContextUnsafeFast

  Block 7590: ntdll.dll!RtlAnsiStringToUnicodeString

  Block 7591: ntdll.dll!RtlCompareUnicodeStrings

  Block 7592: ntdll.dll!memmove

  Block 7593: ntdll.dll!memmove

  Block 7594: ntdll.dll!RtlAcquireSRWLockExclusive

  Block 7595: ntdll.dll!RtlGetCurrentServiceSessionId

  Block 7596: ntdll.dll!RtlAcquireSRWLockExclusive

  Block 7597: ntdll.dll!RtlAcquireSRWLockExclusive

  Block 7598: ntdll.dll!RtlDeactivateActivationContextUnsafeFast

  Block 7599: ntdll.dll!RtlAnsiStringToUnicodeString

  Block 7600: ntdll.dll!RtlCompareUnicodeStrings

  Block 7601: ntdll.dll!memmove

  Block 7602: ntdll.dll!memmove

  Block 7603: ntdll.dll!RtlAcquireSRWLockExclusive

  Block 7604: ntdll.dll!RtlGetCurrentServiceSessionId

  Block 7605: ntdll.dll!RtlAcquireSRWLockExclusive

  Block 7606: ntdll.dll!RtlAcquireSRWLockExclusive

  Block 7607: ntdll.dll!RtlDeactivateActivationContextUnsafeFast

  Block 7608: ntdll.dll!RtlAnsiStringToUnicodeString

  Block 7609: ntdll.dll!RtlCompareUnicodeStrings

  Block 7610: ntdll.dll!memmove

  Block 7611: ntdll.dll!memmove

  Block 7612: ntdll.dll!RtlAcquireSRWLockExclusive

  Block 7613: ntdll.dll!RtlGetCurrentServiceSessionId

  Block 7614: ntdll.dll!RtlAcquireSRWLockExclusive

  Block 7615: ntdll.dll!RtlAcquireSRWLockExclusive

  Block 7616: ntdll.dll!RtlDeactivateActivationContextUnsafeFast

  Block 7617: ntdll.dll!RtlAnsiStringToUnicodeString

  Block 7618: ntdll.dll!RtlCompareUnicodeStrings

  Block 7619: ntdll.dll!memmove

  Block 7620: ntdll.dll!memmove

  Block 7621: ntdll.dll!RtlAcquireSRWLockExclusive

  Block 7622: ntdll.dll!RtlGetCurrentServiceSessionId

  Block 7623: ntdll.dll!RtlAcquireSRWLockExclusive

  Block 7624: ntdll.dll!RtlAcquireSRWLockExclusive

  Block 7625: ntdll.dll!RtlDeactivateActivationContextUnsafeFast

  Block 7626: ntdll.dll!RtlAnsiStringToUnicodeString

  Block 7627: ntdll.dll!RtlCompareUnicodeStrings

  Block 7628: ntdll.dll!memmove

  Block 7629: ntdll.dll!memmove

  Block 7630: ntdll.dll!RtlAcquireSRWLockExclusive

  Block 7631: ntdll.dll!RtlGetCurrentServiceSessionId

  Block 7632: ntdll.dll!RtlAcquireSRWLockExclusive

  Block 7633: ntdll.dll!RtlAcquireSRWLockExclusive

  Block 7634: ntdll.dll!RtlDeactivateActivationContextUnsafeFast

  Block 7635: ntdll.dll!RtlAnsiStringToUnicodeString

  Block 7636: ntdll.dll!RtlCompareUnicodeStrings

  Block 7637: ntdll.dll!memmove

  Block 7638: ntdll.dll!memmove

  Block 7639: ntdll.dll!RtlAcquireSRWLockExclusive

  Block 7640: ntdll.dll!RtlGetCurrentServiceSessionId

  Block 7641: ntdll.dll!RtlAcquireSRWLockExclusive

  Block 7642: ntdll.dll!RtlAcquireSRWLockExclusive

  Block 7643: ntdll.dll!RtlDeactivateActivationContextUnsafeFast

  Block 7644: ntdll.dll!RtlAnsiStringToUnicodeString

  Block 7645: ntdll.dll!RtlCompareUnicodeStrings

  Block 7646: ntdll.dll!memmove

  Block 7647: ntdll.dll!memmove

  Block 7648: ntdll.dll!RtlAcquireSRWLockExclusive

  Block 7649: ntdll.dll!RtlGetCurrentServiceSessionId

  Block 7650: ntdll.dll!RtlAcquireSRWLockExclusive

  Block 7651: ntdll.dll!RtlAcquireSRWLockExclusive

  Block 7652: ntdll.dll!RtlDeactivateActivationContextUnsafeFast

  Block 7653: ntdll.dll!RtlAnsiStringToUnicodeString

  Block 7654: ntdll.dll!RtlCompareUnicodeStrings

  Block 7655: ntdll.dll!memmove

  Block 7656: ntdll.dll!memmove

  Block 7657: ntdll.dll!RtlAcquireSRWLockExclusive

  Block 7658: ntdll.dll!RtlGetCurrentServiceSessionId

  Block 7659: ntdll.dll!RtlAcquireSRWLockExclusive

  Block 7660: ntdll.dll!RtlAcquireSRWLockExclusive

  Block 7661: ntdll.dll!RtlDeactivateActivationContextUnsafeFast

  Block 7662: ntdll.dll!RtlAnsiStringToUnicodeString

  Block 7663: ntdll.dll!RtlCompareUnicodeStrings

  Block 7664: ntdll.dll!memmove

  Block 7665: ntdll.dll!memmove

  Block 7666: ntdll.dll!RtlAcquireSRWLockExclusive

  Block 7667: ntdll.dll!RtlGetCurrentServiceSessionId

  Block 7668: ntdll.dll!RtlAcquireSRWLockExclusive

  Block 7669: ntdll.dll!RtlAcquireSRWLockExclusive

  Block 7670: ntdll.dll!RtlDeactivateActivationContextUnsafeFast

  Block 7671: ntdll.dll!RtlAnsiStringToUnicodeString

  Block 7672: ntdll.dll!RtlCompareUnicodeStrings

  Block 7673: ntdll.dll!memmove

  Block 7674: ntdll.dll!memmove

  Block 7675: ntdll.dll!RtlAcquireSRWLockExclusive

  Block 7676: ntdll.dll!RtlGetCurrentServiceSessionId

  Block 7677: ntdll.dll!RtlAcquireSRWLockExclusive

  Block 7678: ntdll.dll!RtlAcquireSRWLockExclusive

  Block 7679: ntdll.dll!RtlDeactivateActivationContextUnsafeFast

  Block 7680: ntdll.dll!RtlAnsiStringToUnicodeString

  Block 7681: ntdll.dll!RtlCompareUnicodeStrings

  Block 7682: ntdll.dll!memmove

  Block 7683: ntdll.dll!memmove

  Block 7684: ntdll.dll!RtlAcquireSRWLockExclusive

  Block 7685: ntdll.dll!RtlGetCurrentServiceSessionId

  Block 7686: ntdll.dll!RtlAcquireSRWLockExclusive

  Block 7687: ntdll.dll!RtlAcquireSRWLockExclusive

  Block 7688: ntdll.dll!RtlDeactivateActivationContextUnsafeFast

  Block 7689: ntdll.dll!RtlAnsiStringToUnicodeString

  Block 7690: ntdll.dll!RtlCompareUnicodeStrings

  Block 7691: ntdll.dll!RtlCompareUnicodeStrings

  Block 7692: ntdll.dll!memmove

  Block 7693: ntdll.dll!memmove

  Block 7694: ntdll.dll!RtlAcquireSRWLockExclusive

  Block 7695: ntdll.dll!RtlGetCurrentServiceSessionId

  Block 7696: ntdll.dll!RtlAcquireSRWLockExclusive

  Block 7697: ntdll.dll!RtlAcquireSRWLockExclusive

  Block 7698: ntdll.dll!RtlDeactivateActivationContextUnsafeFast

  Block 7699: ntdll.dll!RtlAnsiStringToUnicodeString

  Block 7700: ntdll.dll!RtlCompareUnicodeStrings

  Block 7701: ntdll.dll!RtlCompareUnicodeStrings

  Block 7702: ntdll.dll!memmove

  Block 7703: ntdll.dll!memmove

  Block 7704: ntdll.dll!RtlAcquireSRWLockExclusive

  Block 7705: ntdll.dll!RtlGetCurrentServiceSessionId

  Block 7706: ntdll.dll!RtlAcquireSRWLockExclusive

  Block 7707: ntdll.dll!RtlAcquireSRWLockExclusive

  Block 7708: ntdll.dll!RtlDeactivateActivationContextUnsafeFast

  Block 7709: ntdll.dll!RtlAnsiStringToUnicodeString

  Block 7710: ntdll.dll!RtlCompareUnicodeStrings

  Block 7711: ntdll.dll!memmove

  Block 7712: ntdll.dll!memmove

  Block 7713: ntdll.dll!RtlAcquireSRWLockExclusive

  Block 7714: ntdll.dll!RtlGetCurrentServiceSessionId

  Block 7715: ntdll.dll!RtlAcquireSRWLockExclusive

  Block 7716: ntdll.dll!RtlAcquireSRWLockExclusive

  Block 7717: ntdll.dll!RtlDeactivateActivationContextUnsafeFast

  Block 7718: ntdll.dll!RtlAnsiStringToUnicodeString

  Block 7719: ntdll.dll!RtlCompareUnicodeStrings

  Block 7720: ntdll.dll!memmove

  Block 7721: ntdll.dll!memmove

  Block 7722: ntdll.dll!RtlAcquireSRWLockExclusive

  Block 7723: ntdll.dll!RtlGetCurrentServiceSessionId

  Block 7724: ntdll.dll!RtlAcquireSRWLockExclusive

  Block 7725: ntdll.dll!RtlAcquireSRWLockExclusive

  Block 7726: ntdll.dll!RtlDeactivateActivationContextUnsafeFast

  Block 7727: ntdll.dll!RtlAnsiStringToUnicodeString

  Block 7728: ntdll.dll!RtlCompareUnicodeStrings

  Block 7729: ntdll.dll!memmove

  Block 7730: ntdll.dll!memmove

  Block 7731: ntdll.dll!RtlAcquireSRWLockExclusive

  Block 7732: ntdll.dll!RtlGetCurrentServiceSessionId

  Block 7733: ntdll.dll!RtlAcquireSRWLockExclusive

  Block 7734: ntdll.dll!RtlAcquireSRWLockExclusive

  Block 7735: ntdll.dll!RtlDeactivateActivationContextUnsafeFast

  Block 7736: ntdll.dll!RtlAnsiStringToUnicodeString

  Block 7737: ntdll.dll!RtlCompareUnicodeStrings

  Block 7738: ntdll.dll!memmove

  Block 7739: ntdll.dll!memmove

  Block 7740: ntdll.dll!RtlAcquireSRWLockExclusive

  Block 7741: ntdll.dll!RtlGetCurrentServiceSessionId

  Block 7742: ntdll.dll!RtlAcquireSRWLockExclusive

  Block 7743: ntdll.dll!RtlAcquireSRWLockExclusive

  Block 7744: ntdll.dll!RtlDeactivateActivationContextUnsafeFast

  Block 7745: ntdll.dll!RtlAnsiStringToUnicodeString

  Block 7746: ntdll.dll!RtlCompareUnicodeStrings

  Block 7747: ntdll.dll!memmove

  Block 7748: ntdll.dll!memmove

  Block 7749: ntdll.dll!RtlAcquireSRWLockExclusive

  Block 7750: ntdll.dll!RtlGetCurrentServiceSessionId

  Block 7751: ntdll.dll!RtlAcquireSRWLockExclusive

  Block 7752: ntdll.dll!RtlAcquireSRWLockExclusive

  Block 7753: ntdll.dll!RtlDeactivateActivationContextUnsafeFast

  Block 7754: ntdll.dll!RtlAnsiStringToUnicodeString

  Block 7755: ntdll.dll!RtlCompareUnicodeStrings

  Block 7756: ntdll.dll!memmove

  Block 7757: ntdll.dll!memmove

  Block 7758: ntdll.dll!RtlAcquireSRWLockExclusive

  Block 7759: ntdll.dll!RtlGetCurrentServiceSessionId

  Block 7760: ntdll.dll!RtlAcquireSRWLockExclusive

  Block 7761: ntdll.dll!RtlAcquireSRWLockExclusive

  Block 7762: ntdll.dll!RtlDeactivateActivationContextUnsafeFast

  Block 7763: ntdll.dll!RtlAnsiStringToUnicodeString

  Block 7764: ntdll.dll!RtlCompareUnicodeStrings

  Block 7765: ntdll.dll!memmove

  Block 7766: ntdll.dll!memmove

  Block 7767: ntdll.dll!RtlAcquireSRWLockExclusive

  Block 7768: ntdll.dll!RtlGetCurrentServiceSessionId

  Block 7769: ntdll.dll!RtlAcquireSRWLockExclusive

  Block 7770: ntdll.dll!RtlAcquireSRWLockExclusive

  Block 7771: ntdll.dll!RtlDeactivateActivationContextUnsafeFast

  Block 7772: ntdll.dll!RtlAnsiStringToUnicodeString

  Block 7773: ntdll.dll!RtlCompareUnicodeStrings

  Block 7774: ntdll.dll!memmove

  Block 7775: ntdll.dll!memmove

  Block 7776: ntdll.dll!RtlAcquireSRWLockExclusive

  Block 7777: ntdll.dll!RtlGetCurrentServiceSessionId

  Block 7778: ntdll.dll!RtlAcquireSRWLockExclusive

  Block 7779: ntdll.dll!RtlAcquireSRWLockExclusive

  Block 7780: ntdll.dll!RtlDeactivateActivationContextUnsafeFast

  Block 7781: ntdll.dll!RtlAnsiStringToUnicodeString

  Block 7782: ntdll.dll!RtlCompareUnicodeStrings

  Block 7783: ntdll.dll!memmove

  Block 7784: ntdll.dll!memmove

  Block 7785: ntdll.dll!RtlAcquireSRWLockExclusive

  Block 7786: ntdll.dll!RtlGetCurrentServiceSessionId

  Block 7787: ntdll.dll!RtlAcquireSRWLockExclusive

  Block 7788: ntdll.dll!RtlAcquireSRWLockExclusive

  Block 7789: ntdll.dll!RtlDeactivateActivationContextUnsafeFast

  Block 7790: ntdll.dll!RtlAnsiStringToUnicodeString

  Block 7791: ntdll.dll!RtlCompareUnicodeStrings

  Block 7792: ntdll.dll!memmove

  Block 7793: ntdll.dll!memmove

  Block 7794: ntdll.dll!RtlAcquireSRWLockExclusive

  Block 7795: ntdll.dll!RtlGetCurrentServiceSessionId

  Block 7796: ntdll.dll!RtlAcquireSRWLockExclusive

  Block 7797: ntdll.dll!RtlAcquireSRWLockExclusive

  Block 7798: ntdll.dll!RtlDeactivateActivationContextUnsafeFast

  Block 7799: ntdll.dll!RtlAnsiStringToUnicodeString

  Block 7800: ntdll.dll!RtlCompareUnicodeStrings

  Block 7801: ntdll.dll!memmove

  Block 7802: ntdll.dll!memmove

  Block 7803: ntdll.dll!RtlAcquireSRWLockExclusive

  Block 7804: ntdll.dll!RtlGetCurrentServiceSessionId

  Block 7805: ntdll.dll!RtlAcquireSRWLockExclusive

  Block 7806: ntdll.dll!RtlAcquireSRWLockExclusive

  Block 7807: ntdll.dll!RtlDeactivateActivationContextUnsafeFast

  Block 7808: ntdll.dll!RtlAnsiStringToUnicodeString

  Block 7809: ntdll.dll!RtlCompareUnicodeStrings

  Block 7810: ntdll.dll!memmove

  Block 7811: ntdll.dll!memmove

  Block 7812: ntdll.dll!RtlAcquireSRWLockExclusive

  Block 7813: ntdll.dll!RtlGetCurrentServiceSessionId

  Block 7814: ntdll.dll!RtlAcquireSRWLockExclusive

  Block 7815: ntdll.dll!RtlAcquireSRWLockExclusive

  Block 7816: ntdll.dll!RtlDeactivateActivationContextUnsafeFast

  Block 7817: ntdll.dll!RtlAnsiStringToUnicodeString

  Block 7818: ntdll.dll!RtlCompareUnicodeStrings

  Block 7819: ntdll.dll!memmove

  Block 7820: ntdll.dll!memmove

  Block 7821: ntdll.dll!RtlAcquireSRWLockExclusive

  Block 7822: ntdll.dll!RtlGetCurrentServiceSessionId

  Block 7823: ntdll.dll!RtlAcquireSRWLockExclusive

  Block 7824: ntdll.dll!RtlAcquireSRWLockExclusive

  Block 7825: ntdll.dll!RtlDeactivateActivationContextUnsafeFast

  Block 7826: ntdll.dll!RtlAnsiStringToUnicodeString

  Block 7827: ntdll.dll!RtlCompareUnicodeStrings

  Block 7828: ntdll.dll!memmove

  Block 7829: ntdll.dll!memmove

  Block 7830: ntdll.dll!RtlAcquireSRWLockExclusive

  Block 7831: ntdll.dll!RtlGetCurrentServiceSessionId

  Block 7832: ntdll.dll!RtlAcquireSRWLockExclusive

  Block 7833: ntdll.dll!RtlAcquireSRWLockExclusive

  Block 7834: ntdll.dll!RtlDeactivateActivationContextUnsafeFast

  Block 7835: ntdll.dll!RtlAnsiStringToUnicodeString

  Block 7836: ntdll.dll!RtlCompareUnicodeStrings

  Block 7837: ntdll.dll!memmove

  Block 7838: ntdll.dll!memmove

  Block 7839: ntdll.dll!RtlAcquireSRWLockExclusive

  Block 7840: ntdll.dll!RtlGetCurrentServiceSessionId

  Block 7841: ntdll.dll!RtlAcquireSRWLockExclusive

  Block 7842: ntdll.dll!RtlAcquireSRWLockExclusive

  Block 7843: ntdll.dll!RtlDeactivateActivationContextUnsafeFast

  Block 7844: ntdll.dll!RtlAnsiStringToUnicodeString

  Block 7845: ntdll.dll!RtlCompareUnicodeStrings

  Block 7846: ntdll.dll!memmove

  Block 7847: ntdll.dll!memmove

  Block 7848: ntdll.dll!RtlAcquireSRWLockExclusive

  Block 7849: ntdll.dll!RtlGetCurrentServiceSessionId

  Block 7850: ntdll.dll!RtlAcquireSRWLockExclusive

  Block 7851: ntdll.dll!RtlAcquireSRWLockExclusive

  Block 7852: ntdll.dll!RtlDeactivateActivationContextUnsafeFast

  Block 7853: ntdll.dll!RtlAnsiStringToUnicodeString

  Block 7854: ntdll.dll!RtlCompareUnicodeStrings

  Block 7855: ntdll.dll!memmove

  Block 7856: ntdll.dll!memmove

  Block 7857: ntdll.dll!RtlAcquireSRWLockExclusive

  Block 7858: ntdll.dll!RtlGetCurrentServiceSessionId

  Block 7859: ntdll.dll!RtlAcquireSRWLockExclusive

  Block 7860: ntdll.dll!RtlAcquireSRWLockExclusive

  Block 7861: ntdll.dll!RtlDeactivateActivationContextUnsafeFast

  Block 7862: ntdll.dll!RtlAnsiStringToUnicodeString

  Block 7863: ntdll.dll!RtlDosApplyFileIsolationRedirection_Ustr

  Block 7864: ntdll.dll!RtlFindCharInUnicodeString

  Block 7866: ntdll.dll!RtlFindActivationContextSectionString

  Block 7867: ntdll.dll!bsearch

  Block 7868: ntdll.dll!RtlHashUnicodeString

  Block 7869: ntdll.dll!bsearch

  Block 7870: ntdll.dll!bsearch

  Block 7873: ntdll.dll!memmove

  Block 7874: ntdll.dll!RtlAcquireSRWLockExclusive

  Block 7875: ntdll.dll!RtlEqualUnicodeString

  Block 7876: ntdll.dll!RtlReleaseSRWLockExclusive

  Block 7877: ntdll.dll!RtlGetCurrentServiceSessionId

  Block 7878: ntdll.dll!RtlAcquireSRWLockExclusive

  Block 7879: ntdll.dll!RtlAcquireSRWLockExclusive

  Block 7880: ntdll.dll!RtlDeactivateActivationContextUnsafeFast

  Block 7881: ntdll.dll!RtlAnsiStringToUnicodeString

  Block 7882: ntdll.dll!RtlCompareUnicodeStrings

  Block 7883: ntdll.dll!memmove

  Block 7884: ntdll.dll!memmove

  Block 7885: ntdll.dll!RtlAcquireSRWLockExclusive

  Block 7886: ntdll.dll!RtlGetCurrentServiceSessionId

  Block 7887: ntdll.dll!RtlAcquireSRWLockExclusive

  Block 7888: ntdll.dll!RtlAcquireSRWLockExclusive

  Block 7889: ntdll.dll!RtlDeactivateActivationContextUnsafeFast

  Block 7890: ntdll.dll!RtlAnsiStringToUnicodeString

  Block 7891: ntdll.dll!RtlCompareUnicodeStrings

  Block 7892: ntdll.dll!memmove

  Block 7893: ntdll.dll!memmove

  Block 7894: ntdll.dll!RtlAcquireSRWLockExclusive

  Block 7895: ntdll.dll!RtlGetCurrentServiceSessionId

  Block 7896: ntdll.dll!RtlAcquireSRWLockExclusive

  Block 7897: ntdll.dll!RtlAcquireSRWLockExclusive

  Block 7898: ntdll.dll!RtlDeactivateActivationContextUnsafeFast

  Block 7899: ntdll.dll!RtlFreeHeap

  Block 7900: ntdll.dll!RtlGetCurrentServiceSessionId

  Block 7901: ntdll.dll!RtlAcquireSRWLockExclusive

  Block 7902: ntdll.dll!RtlReleaseSRWLockExclusive

  Block 7903: ntdll.dll!ZwClose

  Block 7904: ntdll.dll!ZwClose

  Block 7905: ntdll.dll!RtlEnterCriticalSection

  Block 7906: ntdll.dll!RtlLeaveCriticalSection

  Block 7907: ntdll.dll!memset

  Block 7908: ntdll.dll!RtlAcquireSRWLockExclusive

  Block 7909: ntdll.dll!RtlAcquireSRWLockExclusive

  Block 7910: ntdll.dll!RtlReleaseSRWLockExclusive

  Block 7911: ntdll.dll!RtlQueryFeatureConfiguration

  Block 7913: ntdll.dll!ZwQueryWnfStateData

  Block 7915: ntdll.dll!RtlQueryFeatureConfiguration

  Block 7916: ntdll.dll!memset

  Block 7918: ntdll.dll!ZwOpenKey

  Block 7919: ntdll.dll!ZwQueryValueKey

  Block 7920: ntdll.dll!wcschr

  Block 7921: ntdll.dll!wcsrchr

  Block 7922: ntdll.dll!RtlEnterCriticalSection

  Block 7924: ntdll.dll!RtlEnterCriticalSection

  Block 7925: ntdll.dll!RtlLeaveCriticalSection

  Block 7926: ntdll.dll!RtlAllocateHeap

  Block 7927: ntdll.dll!RtlLeaveCriticalSection

  Block 7929: ntdll.dll!RtlEnterCriticalSection

  Block 7930: ntdll.dll!memmove

  Block 7931: ntdll.dll!RtlLeaveCriticalSection

  Block 7932: ntdll.dll!RtlLeaveCriticalSection

  Block 7933: ntdll.dll!RtlAllocateHeap

  Block 7934: ntdll.dll!RtlLeaveCriticalSection

  Block 7935: ntdll.dll!memmove

  Block 7937: ntdll.dll!memmove

  Block 7938: ntdll.dll!RtlFreeHeap

  Block 7939: ntdll.dll!RtlTryEnterCriticalSection

  Block 7940: ntdll.dll!RtlAcquireSRWLockExclusive

  Block 7941: ntdll.dll!RtlReleaseSRWLockExclusive

  Block 7942: ntdll.dll!RtlGetCurrentServiceSessionId

  Block 7943: ntdll.dll!RtlReleaseSRWLockExclusive

  Block 7944: ntdll.dll!RtlAllocateHeap

  Block 7945: ntdll.dll!RtlLeaveCriticalSection

  Block 7946: ntdll.dll!RtlAppendUnicodeStringToString

  Block 7947: ntdll.dll!memmove

  Block 7948: ntdll.dll!memset

  Block 7949: ntdll.dll!RtlAllocateHeap

  Block 7950: ntdll.dll!memmove

  Block 7951: ntdll.dll!memmove

  Block 7952: ntdll.dll!memmove

  Block 7953: ntdll.dll!ZwQueryAttributesFile

  Block 7954: ntdll.dll!RtlInitUnicodeStringEx

  Block 7955: ntdll.dll!RtlDeleteBoundaryDescriptor

  Block 7956: ntdll.dll!RtlFreeHeap

  Block 7957: ntdll.dll!RtlTryEnterCriticalSection

  Block 7958: ntdll.dll!RtlGetCurrentServiceSessionId

  Block 7959: ntdll.dll!RtlGetCurrentServiceSessionId

  Block 7960: ntdll.dll!RtlHashUnicodeString

  Block 7961: ntdll.dll!RtlAcquireSRWLockExclusive

  Block 7962: ntdll.dll!RtlReleaseSRWLockExclusive

  Block 7963: ntdll.dll!RtlEnterCriticalSection

  Block 7964: ntdll.dll!RtlLeaveCriticalSection

  Block 7965: ntdll.dll!RtlGetCurrentServiceSessionId

  Block 7966: ntdll.dll!ZwOpenFile

  Block 7967: ntdll.dll!ZwCreateSection

  Block 7968: ntdll.dll!RtlGetCurrentServiceSessionId

  Block 7969: ntdll.dll!RtlEqualUnicodeString

  Block 7970: ntdll.dll!ZwMapViewOfSection

  Block 7971: ntdll.dll!RtlImageNtHeaderEx

  Block 7972: ntdll.dll!RtlAcquireSRWLockExclusive

  Block 7974: ntdll.dll!RtlRbInsertNodeEx

  Block 7975: ntdll.dll!RtlReleaseSRWLockExclusive

  Block 7976: ntdll.dll!RtlIsCriticalSectionLockedByThread

  Block 7977: ntdll.dll!RtlImageNtHeaderEx

  Block 7978: ntdll.dll!RtlImageNtHeaderEx

  Block 7979: ntdll.dll!RtlImageNtHeaderEx

  Block 7980: ntdll.dll!RtlIsProcessorFeaturePresent

  Block 7981: ntdll.dll!RtlImageNtHeaderEx

  Block 7982: ntdll.dll!RtlImageNtHeaderEx

  Block 7983: ntdll.dll!RtlImageNtHeaderEx

  Block 7984: ntdll.dll!RtlImageRvaToSection

  Block 7985: ntdll.dll!ZwQueryPerformanceCounter

  Block 7986: ntdll.dll!RtlImageNtHeaderEx

  Block 7987: ntdll.dll!ZwProtectVirtualMemory

  Block 7988: ntdll.dll!LdrControlFlowGuardEnforced

  Block 7989: ntdll.dll!LdrControlFlowGuardEnforced

  Block 7990: ntdll.dll!ZwProtectVirtualMemory

  Block 7991: ntdll.dll!LdrControlFlowGuardEnforced

  Block 7992: ntdll.dll!ZwProtectVirtualMemory

  Block 7993: ntdll.dll!ZwProtectVirtualMemory

  Block 7994: ntdll.dll!LdrControlFlowGuardEnforced

  Block 7995: ntdll.dll!ZwProtectVirtualMemory

  Block 7996: ntdll.dll!RtlImageNtHeaderEx

  Block 7997: ntdll.dll!RtlAcquireSRWLockExclusive

  Block 7998: ntdll.dll!RtlAcquireSRWLockExclusive

  Block 7999: ntdll.dll!ZwProtectVirtualMemory

  Block 8000: ntdll.dll!RtlReleaseSRWLockExclusive

  Block 8002: ntdll.dll!RtlAcquireSRWLockExclusive

  Block 8003: ntdll.dll!ZwProtectVirtualMemory

  Block 8004: ntdll.dll!RtlReleaseSRWLockExclusive

  Block 8005: ntdll.dll!RtlReleaseSRWLockExclusive

  Block 8006: ntdll.dll!RtlAcquireSRWLockExclusive

  Block 8007: ntdll.dll!RtlEnterCriticalSection

  Block 8008: ntdll.dll!RtlLeaveCriticalSection

  Block 8009: ntdll.dll!RtlReleaseSRWLockExclusive

  Block 8010: ntdll.dll!RtlGetCurrentServiceSessionId

  Block 8011: ntdll.dll!RtlGetCurrentServiceSessionId

  Block 8012: KERNELBASE.dll!InitOnceExecuteOnce

  Block 8013: ntdll.dll!RtlRunOnceExecuteOnce

  Block 8014: ntdll.dll!LdrResFindResourceDirectory

  Block 8015: ntdll.dll!LdrResSearchResource

  Block 8016: ntdll.dll!RtlGetCurrentServiceSessionId

  Block 8017: ntdll.dll!memmove

  Block 8018: ntdll.dll!LdrpResGetMappingSize

  Block 8019: ntdll.dll!RtlGetCurrentServiceSessionId

  Block 8020: ntdll.dll!RtlImageNtHeaderEx

  Block 8021: ntdll.dll!RtlGetCurrentServiceSessionId

  Block 8022: ntdll.dll!RtlGetCurrentServiceSessionId

  Block 8023: ntdll.dll!LdrpResGetResourceDirectory

  Block 8024: ntdll.dll!RtlGetCurrentServiceSessionId

  Block 8025: ntdll.dll!RtlImageNtHeaderEx

  Block 8027: ntdll.dll!RtlGetCurrentServiceSessionId

  Block 8028: ntdll.dll!RtlGetCurrentServiceSessionId

  Block 8029: ntdll.dll!RtlGetCurrentServiceSessionId

  Block 8030: ntdll.dll!RtlGetCurrentServiceSessionId

  Block 8031: ntdll.dll!RtlImageNtHeaderEx

  Block 8032: ntdll.dll!RtlImageNtHeaderEx

  Block 8033: ntdll.dll!RtlImageNtHeaderEx

  Block 8034: ntdll.dll!RtlImageNtHeaderEx

  Block 8035: ntdll.dll!ZwProtectVirtualMemory

  Block 8036: ntdll.dll!RtlImageNtHeaderEx

  Block 8037: ntdll.dll!RtlAllocateHeap

  Block 8038: ntdll.dll!memset

  Block 8040: ntdll.dll!RtlDosApplyFileIsolationRedirection_Ustr

  Block 8041: ntdll.dll!RtlFindCharInUnicodeString

  Block 8043: ntdll.dll!RtlFindActivationContextSectionString

  Block 8044: ntdll.dll!bsearch

  Block 8045: ntdll.dll!RtlHashUnicodeString

  Block 8046: ntdll.dll!bsearch

  Block 8047: ntdll.dll!bsearch

  Block 8050: ntdll.dll!memmove

  Block 8051: ntdll.dll!RtlAllocateHeap

  Block 8052: ntdll.dll!RtlAcquireSRWLockExclusive

  Block 8053: ntdll.dll!RtlEqualUnicodeString

  Block 8054: ntdll.dll!RtlReleaseSRWLockExclusive

  Block 8055: ntdll.dll!RtlGetCurrentServiceSessionId

  Block 8056: ntdll.dll!RtlAcquireSRWLockExclusive

  Block 8057: ntdll.dll!RtlAcquireSRWLockExclusive

  Block 8058: ntdll.dll!RtlDeactivateActivationContextUnsafeFast

  Block 8060: ntdll.dll!RtlCompareUnicodeStrings

  Block 8061: ntdll.dll!memmove

  Block 8062: ntdll.dll!memmove

  Block 8063: ntdll.dll!RtlAcquireSRWLockExclusive

  Block 8064: ntdll.dll!RtlGetCurrentServiceSessionId

  Block 8065: ntdll.dll!RtlAcquireSRWLockExclusive

  Block 8066: ntdll.dll!RtlAcquireSRWLockExclusive

  Block 8067: ntdll.dll!RtlDeactivateActivationContextUnsafeFast

  Block 8069: ntdll.dll!RtlCompareUnicodeStrings

  Block 8070: ntdll.dll!memmove

  Block 8071: ntdll.dll!memmove

  Block 8072: ntdll.dll!RtlAcquireSRWLockExclusive

  Block 8073: ntdll.dll!RtlGetCurrentServiceSessionId

  Block 8074: ntdll.dll!RtlAcquireSRWLockExclusive

  Block 8075: ntdll.dll!RtlAcquireSRWLockExclusive

  Block 8076: ntdll.dll!RtlDeactivateActivationContextUnsafeFast

  Block 8078: ntdll.dll!RtlCompareUnicodeStrings

  Block 8079: ntdll.dll!memmove

  Block 8080: ntdll.dll!memmove

  Block 8081: ntdll.dll!RtlAcquireSRWLockExclusive

  Block 8082: ntdll.dll!RtlGetCurrentServiceSessionId

  Block 8083: ntdll.dll!RtlAcquireSRWLockExclusive

  Block 8084: ntdll.dll!RtlAcquireSRWLockExclusive

  Block 8085: ntdll.dll!RtlDeactivateActivationContextUnsafeFast

  Block 8087: ntdll.dll!RtlCompareUnicodeStrings

  Block 8088: ntdll.dll!memmove

  Block 8089: ntdll.dll!memmove

  Block 8090: ntdll.dll!RtlAcquireSRWLockExclusive

  Block 8091: ntdll.dll!RtlGetCurrentServiceSessionId

  Block 8092: ntdll.dll!RtlAcquireSRWLockExclusive

  Block 8093: ntdll.dll!RtlAcquireSRWLockExclusive

  Block 8094: ntdll.dll!RtlDeactivateActivationContextUnsafeFast

  Block 8096: ntdll.dll!RtlCompareUnicodeStrings

  Block 8097: ntdll.dll!memmove

  Block 8098: ntdll.dll!memmove

  Block 8099: ntdll.dll!RtlAcquireSRWLockExclusive

  Block 8100: ntdll.dll!RtlGetCurrentServiceSessionId

  Block 8101: ntdll.dll!RtlAcquireSRWLockExclusive

  Block 8102: ntdll.dll!RtlAcquireSRWLockExclusive

  Block 8103: ntdll.dll!RtlDeactivateActivationContextUnsafeFast

  Block 8105: ntdll.dll!RtlCompareUnicodeStrings

  Block 8106: ntdll.dll!memmove

  Block 8107: ntdll.dll!memmove

  Block 8108: ntdll.dll!RtlAcquireSRWLockExclusive

  Block 8109: ntdll.dll!RtlGetCurrentServiceSessionId

  Block 8110: ntdll.dll!RtlAcquireSRWLockExclusive

  Block 8111: ntdll.dll!RtlAcquireSRWLockExclusive

  Block 8112: ntdll.dll!RtlDeactivateActivationContextUnsafeFast

  Block 8114: ntdll.dll!RtlCompareUnicodeStrings

  Block 8115: ntdll.dll!memmove

  Block 8116: ntdll.dll!memmove

  Block 8117: ntdll.dll!RtlAcquireSRWLockExclusive

  Block 8118: ntdll.dll!RtlGetCurrentServiceSessionId

  Block 8119: ntdll.dll!RtlAcquireSRWLockExclusive

  Block 8120: ntdll.dll!RtlAcquireSRWLockExclusive

  Block 8121: ntdll.dll!RtlDeactivateActivationContextUnsafeFast

  Block 8123: ntdll.dll!RtlCompareUnicodeStrings

  Block 8124: ntdll.dll!memmove

  Block 8125: ntdll.dll!memmove

  Block 8126: ntdll.dll!RtlAcquireSRWLockExclusive

  Block 8127: ntdll.dll!RtlGetCurrentServiceSessionId

  Block 8128: ntdll.dll!RtlAcquireSRWLockExclusive

  Block 8129: ntdll.dll!RtlAcquireSRWLockExclusive

  Block 8130: ntdll.dll!RtlDeactivateActivationContextUnsafeFast

  Block 8132: ntdll.dll!RtlCompareUnicodeStrings

  Block 8133: ntdll.dll!memmove

  Block 8134: ntdll.dll!memmove

  Block 8135: ntdll.dll!RtlAcquireSRWLockExclusive

  Block 8136: ntdll.dll!RtlGetCurrentServiceSessionId

  Block 8137: ntdll.dll!RtlAcquireSRWLockExclusive

  Block 8138: ntdll.dll!RtlAcquireSRWLockExclusive

  Block 8139: ntdll.dll!RtlDeactivateActivationContextUnsafeFast

  Block 8141: ntdll.dll!RtlCompareUnicodeStrings

  Block 8142: ntdll.dll!memmove

  Block 8143: ntdll.dll!memmove

  Block 8144: ntdll.dll!RtlAcquireSRWLockExclusive

  Block 8145: ntdll.dll!RtlGetCurrentServiceSessionId

  Block 8146: ntdll.dll!RtlAcquireSRWLockExclusive

  Block 8147: ntdll.dll!RtlAcquireSRWLockExclusive

  Block 8148: ntdll.dll!RtlDeactivateActivationContextUnsafeFast

  Block 8150: ntdll.dll!RtlCompareUnicodeStrings

  Block 8151: ntdll.dll!RtlCompareUnicodeStrings

  Block 8152: ntdll.dll!memmove

  Block 8153: ntdll.dll!memmove

  Block 8154: ntdll.dll!RtlAcquireSRWLockExclusive

  Block 8155: ntdll.dll!RtlGetCurrentServiceSessionId

  Block 8156: ntdll.dll!RtlAcquireSRWLockExclusive

  Block 8157: ntdll.dll!RtlAcquireSRWLockExclusive

  Block 8158: ntdll.dll!RtlDeactivateActivationContextUnsafeFast

  Block 8160: ntdll.dll!RtlCompareUnicodeStrings

  Block 8161: ntdll.dll!memmove

  Block 8162: ntdll.dll!memmove

  Block 8163: ntdll.dll!RtlAcquireSRWLockExclusive

  Block 8164: ntdll.dll!RtlGetCurrentServiceSessionId

  Block 8165: ntdll.dll!RtlAcquireSRWLockExclusive

  Block 8166: ntdll.dll!RtlAcquireSRWLockExclusive

  Block 8167: ntdll.dll!RtlDeactivateActivationContextUnsafeFast

  Block 8169: ntdll.dll!RtlCompareUnicodeStrings

  Block 8170: ntdll.dll!memmove

  Block 8171: ntdll.dll!memmove

  Block 8172: ntdll.dll!RtlAcquireSRWLockExclusive

  Block 8173: ntdll.dll!RtlGetCurrentServiceSessionId

  Block 8174: ntdll.dll!RtlAcquireSRWLockExclusive

  Block 8175: ntdll.dll!RtlAcquireSRWLockExclusive

  Block 8176: ntdll.dll!RtlDeactivateActivationContextUnsafeFast

  Block 8178: ntdll.dll!RtlCompareUnicodeStrings

  Block 8179: ntdll.dll!memmove

  Block 8180: ntdll.dll!memmove

  Block 8181: ntdll.dll!RtlAcquireSRWLockExclusive

  Block 8182: ntdll.dll!RtlGetCurrentServiceSessionId

  Block 8183: ntdll.dll!RtlAcquireSRWLockExclusive

  Block 8184: ntdll.dll!RtlAcquireSRWLockExclusive

  Block 8185: ntdll.dll!RtlDeactivateActivationContextUnsafeFast

  Block 8187: ntdll.dll!RtlCompareUnicodeStrings

  Block 8188: ntdll.dll!memmove

  Block 8189: ntdll.dll!memmove

  Block 8190: ntdll.dll!RtlAcquireSRWLockExclusive

  Block 8191: ntdll.dll!RtlGetCurrentServiceSessionId

  Block 8192: ntdll.dll!RtlAcquireSRWLockExclusive

  Block 8193: ntdll.dll!RtlAcquireSRWLockExclusive

  Block 8194: ntdll.dll!RtlDeactivateActivationContextUnsafeFast

  Block 8196: ntdll.dll!RtlCompareUnicodeStrings

  Block 8197: ntdll.dll!memmove

  Block 8198: ntdll.dll!memmove

  Block 8199: ntdll.dll!RtlAcquireSRWLockExclusive

  Block 8200: ntdll.dll!RtlGetCurrentServiceSessionId

  Block 8201: ntdll.dll!RtlAcquireSRWLockExclusive

  Block 8202: ntdll.dll!RtlAcquireSRWLockExclusive

  Block 8203: ntdll.dll!RtlDeactivateActivationContextUnsafeFast

  Block 8205: ntdll.dll!RtlCompareUnicodeStrings

  Block 8206: ntdll.dll!memmove

  Block 8207: ntdll.dll!memmove

  Block 8208: ntdll.dll!RtlAcquireSRWLockExclusive

  Block 8209: ntdll.dll!RtlGetCurrentServiceSessionId

  Block 8210: ntdll.dll!RtlAcquireSRWLockExclusive

  Block 8211: ntdll.dll!RtlAcquireSRWLockExclusive

  Block 8212: ntdll.dll!RtlDeactivateActivationContextUnsafeFast

  Block 8214: ntdll.dll!RtlCompareUnicodeStrings

  Block 8215: ntdll.dll!memmove

  Block 8216: ntdll.dll!memmove

  Block 8217: ntdll.dll!RtlAcquireSRWLockExclusive

  Block 8218: ntdll.dll!RtlGetCurrentServiceSessionId

  Block 8219: ntdll.dll!RtlAcquireSRWLockExclusive

  Block 8220: ntdll.dll!RtlAcquireSRWLockExclusive

  Block 8221: ntdll.dll!RtlDeactivateActivationContextUnsafeFast

  Block 8223: ntdll.dll!RtlCompareUnicodeStrings

  Block 8224: ntdll.dll!memmove

  Block 8225: ntdll.dll!memmove

  Block 8226: ntdll.dll!RtlAcquireSRWLockExclusive

  Block 8227: ntdll.dll!RtlGetCurrentServiceSessionId

  Block 8228: ntdll.dll!RtlAcquireSRWLockExclusive

  Block 8229: ntdll.dll!RtlAcquireSRWLockExclusive

  Block 8230: ntdll.dll!RtlDeactivateActivationContextUnsafeFast

  Block 8232: ntdll.dll!RtlCompareUnicodeStrings

  Block 8233: ntdll.dll!memmove

  Block 8234: ntdll.dll!memmove

  Block 8235: ntdll.dll!RtlAcquireSRWLockExclusive

  Block 8236: ntdll.dll!RtlGetCurrentServiceSessionId

  Block 8237: ntdll.dll!RtlAcquireSRWLockExclusive

  Block 8238: ntdll.dll!RtlAcquireSRWLockExclusive

  Block 8239: ntdll.dll!RtlDeactivateActivationContextUnsafeFast

  Block 8241: ntdll.dll!RtlCompareUnicodeStrings

  Block 8242: ntdll.dll!memmove

  Block 8243: ntdll.dll!memmove

  Block 8244: ntdll.dll!RtlAcquireSRWLockExclusive

  Block 8245: ntdll.dll!RtlGetCurrentServiceSessionId

  Block 8246: ntdll.dll!RtlAcquireSRWLockExclusive

  Block 8247: ntdll.dll!RtlAcquireSRWLockExclusive

  Block 8248: ntdll.dll!RtlDeactivateActivationContextUnsafeFast

  Block 8250: ntdll.dll!RtlCompareUnicodeStrings

  Block 8251: ntdll.dll!memmove

  Block 8252: ntdll.dll!memmove

  Block 8253: ntdll.dll!RtlAcquireSRWLockExclusive

  Block 8254: ntdll.dll!RtlGetCurrentServiceSessionId

  Block 8255: ntdll.dll!RtlAcquireSRWLockExclusive

  Block 8256: ntdll.dll!RtlAcquireSRWLockExclusive

  Block 8257: ntdll.dll!RtlDeactivateActivationContextUnsafeFast

  Block 8259: ntdll.dll!RtlCompareUnicodeStrings

  Block 8260: ntdll.dll!memmove

  Block 8261: ntdll.dll!memmove

  Block 8262: ntdll.dll!RtlAcquireSRWLockExclusive

  Block 8263: ntdll.dll!RtlGetCurrentServiceSessionId

  Block 8264: ntdll.dll!RtlAcquireSRWLockExclusive

  Block 8265: ntdll.dll!RtlAcquireSRWLockExclusive

  Block 8266: ntdll.dll!RtlDeactivateActivationContextUnsafeFast

  Block 8268: ntdll.dll!RtlCompareUnicodeStrings

  Block 8269: ntdll.dll!RtlCompareUnicodeStrings

  Block 8270: ntdll.dll!memmove

  Block 8271: ntdll.dll!memmove

  Block 8272: ntdll.dll!RtlAcquireSRWLockExclusive

  Block 8273: ntdll.dll!RtlGetCurrentServiceSessionId

  Block 8274: ntdll.dll!RtlAcquireSRWLockExclusive

  Block 8275: ntdll.dll!RtlAcquireSRWLockExclusive

  Block 8276: ntdll.dll!RtlDeactivateActivationContextUnsafeFast

  Block 8278: ntdll.dll!RtlCompareUnicodeStrings

  Block 8279: ntdll.dll!memmove

  Block 8280: ntdll.dll!memmove

  Block 8281: ntdll.dll!RtlAcquireSRWLockExclusive

  Block 8282: ntdll.dll!RtlGetCurrentServiceSessionId

  Block 8283: ntdll.dll!RtlAcquireSRWLockExclusive

  Block 8284: ntdll.dll!RtlAcquireSRWLockExclusive

  Block 8285: ntdll.dll!RtlDeactivateActivationContextUnsafeFast

  Block 8287: ntdll.dll!RtlCompareUnicodeStrings

  Block 8288: ntdll.dll!memmove

  Block 8289: ntdll.dll!memmove

  Block 8290: ntdll.dll!RtlAcquireSRWLockExclusive

  Block 8291: ntdll.dll!RtlGetCurrentServiceSessionId

  Block 8292: ntdll.dll!RtlAcquireSRWLockExclusive

  Block 8293: ntdll.dll!RtlAcquireSRWLockExclusive

  Block 8294: ntdll.dll!RtlDeactivateActivationContextUnsafeFast

  Block 8296: ntdll.dll!RtlDosApplyFileIsolationRedirection_Ustr

  Block 8297: ntdll.dll!RtlFindCharInUnicodeString

  Block 8299: ntdll.dll!RtlFindActivationContextSectionString

  Block 8300: ntdll.dll!bsearch

  Block 8301: ntdll.dll!RtlHashUnicodeString

  Block 8302: ntdll.dll!bsearch

  Block 8303: ntdll.dll!bsearch

  Block 8306: ntdll.dll!memmove

  Block 8307: ntdll.dll!RtlAcquireSRWLockExclusive

  Block 8308: ntdll.dll!RtlEqualUnicodeString

  Block 8309: ntdll.dll!RtlReleaseSRWLockExclusive

  Block 8310: ntdll.dll!RtlGetCurrentServiceSessionId

  Block 8311: ntdll.dll!RtlAcquireSRWLockExclusive

  Block 8312: ntdll.dll!RtlAcquireSRWLockExclusive

  Block 8313: ntdll.dll!RtlDeactivateActivationContextUnsafeFast

  Block 8315: ntdll.dll!RtlCompareUnicodeStrings

  Block 8316: ntdll.dll!memmove

  Block 8317: ntdll.dll!memmove

  Block 8318: ntdll.dll!RtlAcquireSRWLockExclusive

  Block 8319: ntdll.dll!RtlGetCurrentServiceSessionId

  Block 8320: ntdll.dll!RtlAcquireSRWLockExclusive

  Block 8321: ntdll.dll!RtlAcquireSRWLockExclusive

  Block 8322: ntdll.dll!RtlDeactivateActivationContextUnsafeFast

  Block 8324: ntdll.dll!RtlCompareUnicodeStrings

  Block 8325: ntdll.dll!memmove

  Block 8326: ntdll.dll!memmove

  Block 8327: ntdll.dll!RtlAcquireSRWLockExclusive

  Block 8328: ntdll.dll!RtlGetCurrentServiceSessionId

  Block 8329: ntdll.dll!RtlAcquireSRWLockExclusive

  Block 8330: ntdll.dll!RtlAcquireSRWLockExclusive

  Block 8331: ntdll.dll!RtlDeactivateActivationContextUnsafeFast

  Block 8333: ntdll.dll!RtlDosApplyFileIsolationRedirection_Ustr

  Block 8334: ntdll.dll!RtlFindCharInUnicodeString

  Block 8336: ntdll.dll!RtlFindActivationContextSectionString

  Block 8337: ntdll.dll!bsearch

  Block 8338: ntdll.dll!RtlHashUnicodeString

  Block 8339: ntdll.dll!bsearch

  Block 8340: ntdll.dll!bsearch

  Block 8343: ntdll.dll!memmove

  Block 8344: ntdll.dll!RtlAcquireSRWLockExclusive

  Block 8345: ntdll.dll!RtlReleaseSRWLockExclusive

  Block 8346: ntdll.dll!RtlGetCurrentServiceSessionId

  Block 8347: ntdll.dll!RtlAllocateHeap

  Block 8348: ntdll.dll!RtlLeaveCriticalSection

  Block 8349: ntdll.dll!memset

  Block 8350: ntdll.dll!memmove

  Block 8351: ntdll.dll!RtlAllocateHeap

  Block 8352: ntdll.dll!memset

  Block 8353: ntdll.dll!RtlAllocateHeap

  Block 8354: ntdll.dll!memset

  Block 8355: ntdll.dll!ZwOpenSection

  Block 8356: ntdll.dll!RtlAllocateHeap

  Block 8357: ntdll.dll!RtlAppendUnicodeStringToString

  Block 8358: ntdll.dll!memmove

  Block 8359: ntdll.dll!RtlAppendUnicodeToString

  Block 8360: ntdll.dll!memmove

  Block 8361: ntdll.dll!RtlAppendUnicodeStringToString

  Block 8362: ntdll.dll!memmove

  Block 8363: ntdll.dll!RtlInitUnicodeStringEx

  Block 8364: ntdll.dll!RtlHashUnicodeString

  Block 8365: ntdll.dll!RtlAcquireSRWLockExclusive

  Block 8366: ntdll.dll!RtlReleaseSRWLockExclusive

  Block 8367: ntdll.dll!RtlEqualUnicodeString

  Block 8368: ntdll.dll!ZwMapViewOfSection

  Block 8369: ntdll.dll!RtlImageNtHeaderEx

  Block 8370: ntdll.dll!RtlAcquireSRWLockExclusive

  Block 8372: ntdll.dll!RtlRbInsertNodeEx

  Block 8373: ntdll.dll!RtlReleaseSRWLockExclusive

  Block 8374: ntdll.dll!RtlIsCriticalSectionLockedByThread

  Block 8375: ntdll.dll!RtlImageNtHeaderEx

  Block 8376: ntdll.dll!RtlImageNtHeaderEx

  Block 8377: ntdll.dll!RtlImageNtHeaderEx

  Block 8378: ntdll.dll!RtlIsProcessorFeaturePresent

  Block 8379: ntdll.dll!RtlImageNtHeaderEx

  Block 8380: ntdll.dll!RtlImageNtHeaderEx

  Block 8381: ntdll.dll!RtlImageNtHeaderEx

  Block 8382: ntdll.dll!RtlImageRvaToSection

  Block 8383: ntdll.dll!ZwQueryPerformanceCounter

  Block 8384: ntdll.dll!RtlImageNtHeaderEx

  Block 8385: ntdll.dll!ZwProtectVirtualMemory

  Block 8386: ntdll.dll!LdrControlFlowGuardEnforced

  Block 8387: ntdll.dll!LdrControlFlowGuardEnforced

  Block 8388: ntdll.dll!ZwProtectVirtualMemory

  Block 8389: ntdll.dll!LdrControlFlowGuardEnforced

  Block 8390: ntdll.dll!ZwProtectVirtualMemory

  Block 8391: ntdll.dll!ZwProtectVirtualMemory

  Block 8392: ntdll.dll!LdrControlFlowGuardEnforced

  Block 8393: ntdll.dll!ZwProtectVirtualMemory

  Block 8394: ntdll.dll!RtlImageNtHeaderEx

  Block 8395: ntdll.dll!RtlAcquireSRWLockExclusive

  Block 8396: ntdll.dll!RtlAcquireSRWLockExclusive

  Block 8397: ntdll.dll!ZwProtectVirtualMemory

  Block 8398: ntdll.dll!RtlReleaseSRWLockExclusive

  Block 8400: ntdll.dll!RtlAcquireSRWLockExclusive

  Block 8401: ntdll.dll!ZwProtectVirtualMemory

  Block 8402: ntdll.dll!RtlReleaseSRWLockExclusive

  Block 8403: ntdll.dll!RtlReleaseSRWLockExclusive

  Block 8404: ntdll.dll!RtlAcquireSRWLockExclusive

  Block 8405: ntdll.dll!RtlReleaseSRWLockExclusive

  Block 8406: ntdll.dll!RtlGetCurrentServiceSessionId

  Block 8407: ntdll.dll!RtlGetCurrentServiceSessionId

  Block 8408: KERNELBASE.dll!InitOnceExecuteOnce

  Block 8409: ntdll.dll!RtlRunOnceExecuteOnce

  Block 8410: ntdll.dll!LdrResFindResourceDirectory

  Block 8411: ntdll.dll!LdrResSearchResource

  Block 8412: ntdll.dll!RtlGetCurrentServiceSessionId

  Block 8413: ntdll.dll!memmove

  Block 8414: ntdll.dll!LdrpResGetMappingSize

  Block 8415: ntdll.dll!RtlGetCurrentServiceSessionId

  Block 8416: ntdll.dll!RtlImageNtHeaderEx

  Block 8417: ntdll.dll!RtlGetCurrentServiceSessionId

  Block 8418: ntdll.dll!RtlGetCurrentServiceSessionId

  Block 8419: ntdll.dll!LdrpResGetResourceDirectory

  Block 8420: ntdll.dll!RtlGetCurrentServiceSessionId

  Block 8421: ntdll.dll!RtlImageNtHeaderEx

  Block 8423: ntdll.dll!RtlGetCurrentServiceSessionId

  Block 8424: ntdll.dll!RtlGetCurrentServiceSessionId

  Block 8425: ntdll.dll!RtlGetCurrentServiceSessionId

  Block 8426: ntdll.dll!RtlGetCurrentServiceSessionId

  Block 8427: ntdll.dll!RtlImageNtHeaderEx

  Block 8428: ntdll.dll!RtlImageNtHeaderEx

  Block 8429: ntdll.dll!RtlImageNtHeaderEx

  Block 8430: ntdll.dll!RtlImageNtHeaderEx

  Block 8431: ntdll.dll!ZwProtectVirtualMemory

  Block 8432: ntdll.dll!RtlImageNtHeaderEx

  Block 8433: ntdll.dll!RtlAllocateHeap

  Block 8434: ntdll.dll!memset

  Block 8436: ntdll.dll!RtlDosApplyFileIsolationRedirection_Ustr

  Block 8437: ntdll.dll!RtlFindCharInUnicodeString

  Block 8439: ntdll.dll!RtlFindActivationContextSectionString

  Block 8440: ntdll.dll!bsearch

  Block 8441: ntdll.dll!RtlHashUnicodeString

  Block 8442: ntdll.dll!bsearch

  Block 8443: ntdll.dll!bsearch

  Block 8446: ntdll.dll!memmove

  Block 8447: ntdll.dll!RtlAllocateHeap

  Block 8448: ntdll.dll!RtlAcquireSRWLockExclusive

  Block 8449: ntdll.dll!RtlEqualUnicodeString

  Block 8450: ntdll.dll!RtlReleaseSRWLockExclusive

  Block 8451: ntdll.dll!RtlGetCurrentServiceSessionId

  Block 8452: ntdll.dll!RtlAcquireSRWLockExclusive

  Block 8453: ntdll.dll!RtlAcquireSRWLockExclusive

  Block 8454: ntdll.dll!RtlDeactivateActivationContextUnsafeFast

  Block 8456: ntdll.dll!RtlCompareUnicodeStrings

  Block 8457: ntdll.dll!memmove

  Block 8458: ntdll.dll!memmove

  Block 8459: ntdll.dll!RtlAcquireSRWLockExclusive

  Block 8460: ntdll.dll!RtlGetCurrentServiceSessionId

  Block 8461: ntdll.dll!RtlAcquireSRWLockExclusive

  Block 8462: ntdll.dll!RtlAcquireSRWLockExclusive

  Block 8463: ntdll.dll!RtlDeactivateActivationContextUnsafeFast

  Block 8465: ntdll.dll!RtlCompareUnicodeStrings

  Block 8466: ntdll.dll!memmove

  Block 8467: ntdll.dll!memmove

  Block 8468: ntdll.dll!RtlAcquireSRWLockExclusive

  Block 8469: ntdll.dll!RtlGetCurrentServiceSessionId

  Block 8470: ntdll.dll!RtlAcquireSRWLockExclusive

  Block 8471: ntdll.dll!RtlAcquireSRWLockExclusive

  Block 8472: ntdll.dll!RtlDeactivateActivationContextUnsafeFast

  Block 8474: ntdll.dll!RtlCompareUnicodeStrings

  Block 8475: ntdll.dll!memmove

  Block 8476: ntdll.dll!memmove

  Block 8477: ntdll.dll!RtlAcquireSRWLockExclusive

  Block 8478: ntdll.dll!RtlGetCurrentServiceSessionId

  Block 8479: ntdll.dll!RtlAcquireSRWLockExclusive

  Block 8480: ntdll.dll!RtlAcquireSRWLockExclusive

  Block 8481: ntdll.dll!RtlDeactivateActivationContextUnsafeFast

  Block 8483: ntdll.dll!RtlDosApplyFileIsolationRedirection_Ustr

  Block 8484: ntdll.dll!RtlFindCharInUnicodeString

  Block 8486: ntdll.dll!RtlFindActivationContextSectionString

  Block 8487: ntdll.dll!bsearch

  Block 8488: ntdll.dll!RtlHashUnicodeString

  Block 8489: ntdll.dll!bsearch

  Block 8490: ntdll.dll!bsearch

  Block 8493: ntdll.dll!memmove

  Block 8494: ntdll.dll!RtlAcquireSRWLockExclusive

  Block 8495: ntdll.dll!RtlEqualUnicodeString

  Block 8496: ntdll.dll!RtlReleaseSRWLockExclusive

  Block 8497: ntdll.dll!RtlGetCurrentServiceSessionId

  Block 8498: ntdll.dll!RtlAcquireSRWLockExclusive

  Block 8499: ntdll.dll!RtlAcquireSRWLockExclusive

  Block 8500: ntdll.dll!RtlDeactivateActivationContextUnsafeFast

  Block 8502: ntdll.dll!RtlDosApplyFileIsolationRedirection_Ustr

  Block 8503: ntdll.dll!RtlFindCharInUnicodeString

  Block 8505: ntdll.dll!RtlFindActivationContextSectionString

  Block 8506: ntdll.dll!bsearch

  Block 8507: ntdll.dll!RtlHashUnicodeString

  Block 8508: ntdll.dll!bsearch

  Block 8509: ntdll.dll!bsearch

  Block 8512: ntdll.dll!memmove

  Block 8513: ntdll.dll!RtlAcquireSRWLockExclusive

  Block 8514: ntdll.dll!RtlEqualUnicodeString

  Block 8515: ntdll.dll!RtlReleaseSRWLockExclusive

  Block 8516: ntdll.dll!RtlGetCurrentServiceSessionId

  Block 8517: ntdll.dll!RtlAcquireSRWLockExclusive

  Block 8518: ntdll.dll!RtlAcquireSRWLockExclusive

  Block 8519: ntdll.dll!RtlDeactivateActivationContextUnsafeFast

  Block 8521: ntdll.dll!RtlCompareUnicodeStrings

  Block 8522: ntdll.dll!memmove

  Block 8523: ntdll.dll!memmove

  Block 8524: ntdll.dll!RtlAllocateHeap

  Block 8525: ntdll.dll!RtlAcquireSRWLockExclusive

  Block 8526: ntdll.dll!RtlGetCurrentServiceSessionId

  Block 8527: ntdll.dll!RtlAcquireSRWLockExclusive

  Block 8528: ntdll.dll!RtlAcquireSRWLockExclusive

  Block 8529: ntdll.dll!RtlDeactivateActivationContextUnsafeFast

  Block 8531: ntdll.dll!RtlCompareUnicodeStrings

  Block 8532: ntdll.dll!memmove

  Block 8533: ntdll.dll!memmove

  Block 8534: ntdll.dll!RtlAcquireSRWLockExclusive

  Block 8535: ntdll.dll!RtlGetCurrentServiceSessionId

  Block 8536: ntdll.dll!RtlAcquireSRWLockExclusive

  Block 8537: ntdll.dll!RtlAcquireSRWLockExclusive

  Block 8538: ntdll.dll!RtlDeactivateActivationContextUnsafeFast

  Block 8540: ntdll.dll!RtlCompareUnicodeStrings

  Block 8541: ntdll.dll!memmove

  Block 8542: ntdll.dll!memmove

  Block 8543: ntdll.dll!RtlAcquireSRWLockExclusive

  Block 8544: ntdll.dll!RtlGetCurrentServiceSessionId

  Block 8545: ntdll.dll!RtlAcquireSRWLockExclusive

  Block 8546: ntdll.dll!RtlAcquireSRWLockExclusive

  Block 8547: ntdll.dll!RtlDeactivateActivationContextUnsafeFast

  Block 8549: ntdll.dll!RtlCompareUnicodeStrings

  Block 8550: ntdll.dll!memmove

  Block 8551: ntdll.dll!memmove

  Block 8552: ntdll.dll!RtlAcquireSRWLockExclusive

  Block 8553: ntdll.dll!RtlGetCurrentServiceSessionId

  Block 8554: ntdll.dll!RtlAcquireSRWLockExclusive

  Block 8555: ntdll.dll!RtlAcquireSRWLockExclusive

  Block 8556: ntdll.dll!RtlDeactivateActivationContextUnsafeFast

  Block 8558: ntdll.dll!RtlCompareUnicodeStrings

  Block 8559: ntdll.dll!RtlCompareUnicodeStrings

  Block 8560: ntdll.dll!memmove

  Block 8561: ntdll.dll!memmove

  Block 8562: ntdll.dll!RtlAcquireSRWLockExclusive

  Block 8563: ntdll.dll!RtlGetCurrentServiceSessionId

  Block 8564: ntdll.dll!RtlAcquireSRWLockExclusive

  Block 8565: ntdll.dll!RtlAcquireSRWLockExclusive

  Block 8566: ntdll.dll!RtlDeactivateActivationContextUnsafeFast

  Block 8568: ntdll.dll!RtlCompareUnicodeStrings

  Block 8569: ntdll.dll!memmove

  Block 8570: ntdll.dll!memmove

  Block 8571: ntdll.dll!RtlAcquireSRWLockExclusive

  Block 8572: ntdll.dll!RtlGetCurrentServiceSessionId

  Block 8573: ntdll.dll!RtlAcquireSRWLockExclusive

  Block 8574: ntdll.dll!RtlAcquireSRWLockExclusive

  Block 8575: ntdll.dll!RtlDeactivateActivationContextUnsafeFast

  Block 8577: ntdll.dll!RtlCompareUnicodeStrings

  Block 8578: ntdll.dll!memmove

  Block 8579: ntdll.dll!memmove

  Block 8580: ntdll.dll!RtlAcquireSRWLockExclusive

  Block 8581: ntdll.dll!RtlGetCurrentServiceSessionId

  Block 8582: ntdll.dll!RtlAcquireSRWLockExclusive

  Block 8583: ntdll.dll!RtlAcquireSRWLockExclusive

  Block 8584: ntdll.dll!RtlDeactivateActivationContextUnsafeFast

  Block 8586: ntdll.dll!RtlCompareUnicodeStrings

  Block 8587: ntdll.dll!memmove

  Block 8588: ntdll.dll!memmove

  Block 8589: ntdll.dll!RtlAcquireSRWLockExclusive

  Block 8590: ntdll.dll!RtlGetCurrentServiceSessionId

  Block 8591: ntdll.dll!RtlAcquireSRWLockExclusive

  Block 8592: ntdll.dll!RtlAcquireSRWLockExclusive

  Block 8593: ntdll.dll!RtlDeactivateActivationContextUnsafeFast

  Block 8595: ntdll.dll!RtlCompareUnicodeStrings

  Block 8596: ntdll.dll!memmove

  Block 8597: ntdll.dll!memmove

  Block 8598: ntdll.dll!RtlAcquireSRWLockExclusive

  Block 8599: ntdll.dll!RtlGetCurrentServiceSessionId

  Block 8600: ntdll.dll!RtlAcquireSRWLockExclusive

  Block 8601: ntdll.dll!RtlAcquireSRWLockExclusive

  Block 8602: ntdll.dll!RtlDeactivateActivationContextUnsafeFast

  Block 8604: ntdll.dll!RtlCompareUnicodeStrings

  Block 8605: ntdll.dll!memmove

  Block 8606: ntdll.dll!memmove

  Block 8607: ntdll.dll!RtlAcquireSRWLockExclusive

  Block 8608: ntdll.dll!RtlGetCurrentServiceSessionId

  Block 8609: ntdll.dll!RtlAcquireSRWLockExclusive

  Block 8610: ntdll.dll!RtlAcquireSRWLockExclusive

  Block 8611: ntdll.dll!RtlDeactivateActivationContextUnsafeFast

  Block 8613: ntdll.dll!RtlCompareUnicodeStrings

  Block 8614: ntdll.dll!memmove

  Block 8615: ntdll.dll!memmove

  Block 8616: ntdll.dll!RtlAcquireSRWLockExclusive

  Block 8617: ntdll.dll!RtlGetCurrentServiceSessionId

  Block 8618: ntdll.dll!RtlAcquireSRWLockExclusive

  Block 8619: ntdll.dll!RtlAcquireSRWLockExclusive

  Block 8620: ntdll.dll!RtlDeactivateActivationContextUnsafeFast

  Block 8622: ntdll.dll!RtlCompareUnicodeStrings

  Block 8623: ntdll.dll!memmove

  Block 8624: ntdll.dll!memmove

  Block 8625: ntdll.dll!RtlAcquireSRWLockExclusive

  Block 8626: ntdll.dll!RtlGetCurrentServiceSessionId

  Block 8627: ntdll.dll!RtlAcquireSRWLockExclusive

  Block 8628: ntdll.dll!RtlAcquireSRWLockExclusive

  Block 8629: ntdll.dll!RtlDeactivateActivationContextUnsafeFast

  Block 8631: ntdll.dll!RtlCompareUnicodeStrings

  Block 8632: ntdll.dll!memmove

  Block 8633: ntdll.dll!memmove

  Block 8634: ntdll.dll!RtlAcquireSRWLockExclusive

  Block 8635: ntdll.dll!RtlGetCurrentServiceSessionId

  Block 8636: ntdll.dll!RtlAcquireSRWLockExclusive

  Block 8637: ntdll.dll!RtlAcquireSRWLockExclusive

  Block 8638: ntdll.dll!RtlDeactivateActivationContextUnsafeFast

  Block 8640: ntdll.dll!RtlCompareUnicodeStrings

  Block 8641: ntdll.dll!memmove

  Block 8642: ntdll.dll!memmove

  Block 8643: ntdll.dll!RtlAcquireSRWLockExclusive

  Block 8644: ntdll.dll!RtlGetCurrentServiceSessionId

  Block 8645: ntdll.dll!RtlAcquireSRWLockExclusive

  Block 8646: ntdll.dll!RtlAcquireSRWLockExclusive

  Block 8647: ntdll.dll!RtlDeactivateActivationContextUnsafeFast

  Block 8649: ntdll.dll!RtlCompareUnicodeStrings

  Block 8650: ntdll.dll!memmove

  Block 8651: ntdll.dll!memmove

  Block 8652: ntdll.dll!RtlAcquireSRWLockExclusive

  Block 8653: ntdll.dll!RtlGetCurrentServiceSessionId

  Block 8654: ntdll.dll!RtlAcquireSRWLockExclusive

  Block 8655: ntdll.dll!RtlAcquireSRWLockExclusive

  Block 8656: ntdll.dll!RtlDeactivateActivationContextUnsafeFast

  Block 8658: ntdll.dll!RtlDosApplyFileIsolationRedirection_Ustr

  Block 8659: ntdll.dll!RtlFindCharInUnicodeString

  Block 8661: ntdll.dll!RtlFindActivationContextSectionString

  Block 8662: ntdll.dll!bsearch

  Block 8663: ntdll.dll!RtlHashUnicodeString

  Block 8664: ntdll.dll!bsearch

  Block 8665: ntdll.dll!bsearch

  Block 8668: ntdll.dll!memmove

  Block 8669: ntdll.dll!RtlAcquireSRWLockExclusive

  Block 8670: ntdll.dll!RtlEqualUnicodeString

  Block 8671: ntdll.dll!RtlReleaseSRWLockExclusive

  Block 8672: ntdll.dll!RtlGetCurrentServiceSessionId

  Block 8673: ntdll.dll!RtlAcquireSRWLockExclusive

  Block 8674: ntdll.dll!RtlAcquireSRWLockExclusive

  Block 8675: ntdll.dll!RtlDeactivateActivationContextUnsafeFast

  Block 8677: ntdll.dll!RtlCompareUnicodeStrings

  Block 8678: ntdll.dll!memmove

  Block 8679: ntdll.dll!memmove

  Block 8680: ntdll.dll!RtlAcquireSRWLockExclusive

  Block 8681: ntdll.dll!RtlGetCurrentServiceSessionId

  Block 8682: ntdll.dll!RtlAcquireSRWLockExclusive

  Block 8683: ntdll.dll!RtlAcquireSRWLockExclusive

  Block 8684: ntdll.dll!RtlDeactivateActivationContextUnsafeFast

  Block 8686: ntdll.dll!RtlCompareUnicodeStrings

  Block 8687: ntdll.dll!memmove

  Block 8688: ntdll.dll!memmove

  Block 8689: ntdll.dll!RtlAcquireSRWLockExclusive

  Block 8690: ntdll.dll!RtlGetCurrentServiceSessionId

  Block 8691: ntdll.dll!RtlAcquireSRWLockExclusive

  Block 8692: ntdll.dll!RtlAcquireSRWLockExclusive

  Block 8693: ntdll.dll!RtlDeactivateActivationContextUnsafeFast

  Block 8695: ntdll.dll!RtlCompareUnicodeStrings

  Block 8696: ntdll.dll!memmove

  Block 8697: ntdll.dll!memmove

  Block 8698: ntdll.dll!RtlAcquireSRWLockExclusive

  Block 8699: ntdll.dll!RtlGetCurrentServiceSessionId

  Block 8700: ntdll.dll!RtlAcquireSRWLockExclusive

  Block 8701: ntdll.dll!RtlAcquireSRWLockExclusive

  Block 8702: ntdll.dll!RtlDeactivateActivationContextUnsafeFast

  Block 8704: ntdll.dll!RtlCompareUnicodeStrings

  Block 8705: ntdll.dll!memmove

  Block 8706: ntdll.dll!memmove

  Block 8707: ntdll.dll!RtlAcquireSRWLockExclusive

  Block 8708: ntdll.dll!RtlGetCurrentServiceSessionId

  Block 8709: ntdll.dll!RtlAcquireSRWLockExclusive

  Block 8710: ntdll.dll!RtlAcquireSRWLockExclusive

  Block 8711: ntdll.dll!RtlDeactivateActivationContextUnsafeFast

  Block 8713: ntdll.dll!RtlCompareUnicodeStrings

  Block 8714: ntdll.dll!RtlCompareUnicodeStrings

  Block 8715: ntdll.dll!memmove

  Block 8716: ntdll.dll!memmove

  Block 8717: ntdll.dll!RtlAcquireSRWLockExclusive

  Block 8718: ntdll.dll!RtlGetCurrentServiceSessionId

  Block 8719: ntdll.dll!RtlAcquireSRWLockExclusive

  Block 8720: ntdll.dll!RtlAcquireSRWLockExclusive

  Block 8721: ntdll.dll!RtlDeactivateActivationContextUnsafeFast

  Block 8723: ntdll.dll!RtlCompareUnicodeStrings

  Block 8724: ntdll.dll!memmove

  Block 8725: ntdll.dll!memmove

  Block 8726: ntdll.dll!RtlAcquireSRWLockExclusive

  Block 8727: ntdll.dll!RtlGetCurrentServiceSessionId

  Block 8728: ntdll.dll!RtlAcquireSRWLockExclusive

  Block 8729: ntdll.dll!RtlAcquireSRWLockExclusive

  Block 8730: ntdll.dll!RtlDeactivateActivationContextUnsafeFast

  Block 8732: ntdll.dll!RtlCompareUnicodeStrings

  Block 8733: ntdll.dll!memmove

  Block 8734: ntdll.dll!memmove

  Block 8735: ntdll.dll!RtlAcquireSRWLockExclusive

  Block 8736: ntdll.dll!RtlGetCurrentServiceSessionId

  Block 8737: ntdll.dll!RtlAcquireSRWLockExclusive

  Block 8738: ntdll.dll!RtlAcquireSRWLockExclusive

  Block 8739: ntdll.dll!RtlDeactivateActivationContextUnsafeFast

  Block 8741: ntdll.dll!RtlCompareUnicodeStrings

  Block 8742: ntdll.dll!memmove

  Block 8743: ntdll.dll!memmove

  Block 8744: ntdll.dll!RtlAcquireSRWLockExclusive

  Block 8745: ntdll.dll!RtlGetCurrentServiceSessionId

  Block 8746: ntdll.dll!RtlAcquireSRWLockExclusive

  Block 8747: ntdll.dll!RtlAcquireSRWLockExclusive

  Block 8748: ntdll.dll!RtlDeactivateActivationContextUnsafeFast

  Block 8750: ntdll.dll!RtlCompareUnicodeStrings

  Block 8751: ntdll.dll!memmove

  Block 8752: ntdll.dll!memmove

  Block 8753: ntdll.dll!RtlAcquireSRWLockExclusive

  Block 8754: ntdll.dll!RtlGetCurrentServiceSessionId

  Block 8755: ntdll.dll!RtlAcquireSRWLockExclusive

  Block 8756: ntdll.dll!RtlAcquireSRWLockExclusive

  Block 8757: ntdll.dll!RtlDeactivateActivationContextUnsafeFast

  Block 8759: ntdll.dll!RtlDosApplyFileIsolationRedirection_Ustr

  Block 8760: ntdll.dll!RtlFindCharInUnicodeString

  Block 8762: ntdll.dll!RtlFindActivationContextSectionString

  Block 8763: ntdll.dll!bsearch

  Block 8764: ntdll.dll!RtlHashUnicodeString

  Block 8765: ntdll.dll!bsearch

  Block 8766: ntdll.dll!bsearch

  Block 8769: ntdll.dll!memmove

  Block 8770: ntdll.dll!RtlAcquireSRWLockExclusive

  Block 8771: ntdll.dll!RtlEqualUnicodeString

  Block 8772: ntdll.dll!RtlReleaseSRWLockExclusive

  Block 8773: ntdll.dll!RtlGetCurrentServiceSessionId

  Block 8774: ntdll.dll!RtlAcquireSRWLockExclusive

  Block 8775: ntdll.dll!RtlAcquireSRWLockExclusive

  Block 8776: ntdll.dll!RtlDeactivateActivationContextUnsafeFast

  Block 8778: ntdll.dll!RtlCompareUnicodeStrings

  Block 8779: ntdll.dll!memmove

  Block 8780: ntdll.dll!memmove

  Block 8781: ntdll.dll!RtlAcquireSRWLockExclusive

  Block 8782: ntdll.dll!RtlGetCurrentServiceSessionId

  Block 8783: ntdll.dll!RtlAcquireSRWLockExclusive

  Block 8784: ntdll.dll!RtlAcquireSRWLockExclusive

  Block 8785: ntdll.dll!RtlDeactivateActivationContextUnsafeFast

  Block 8787: ntdll.dll!RtlCompareUnicodeStrings

  Block 8788: ntdll.dll!memmove

  Block 8789: ntdll.dll!memmove

  Block 8790: ntdll.dll!RtlAcquireSRWLockExclusive

  Block 8791: ntdll.dll!RtlGetCurrentServiceSessionId

  Block 8792: ntdll.dll!RtlAcquireSRWLockExclusive

  Block 8793: ntdll.dll!RtlAcquireSRWLockExclusive

  Block 8794: ntdll.dll!RtlDeactivateActivationContextUnsafeFast

  Block 8796: ntdll.dll!RtlCompareUnicodeStrings

  Block 8797: ntdll.dll!memmove

  Block 8798: ntdll.dll!memmove

  Block 8799: ntdll.dll!RtlAcquireSRWLockExclusive

  Block 8800: ntdll.dll!RtlGetCurrentServiceSessionId

  Block 8801: ntdll.dll!RtlAcquireSRWLockExclusive

  Block 8802: ntdll.dll!RtlAcquireSRWLockExclusive

  Block 8803: ntdll.dll!RtlDeactivateActivationContextUnsafeFast

  Block 8805: ntdll.dll!RtlCompareUnicodeStrings

  Block 8806: ntdll.dll!memmove

  Block 8807: ntdll.dll!memmove

  Block 8808: ntdll.dll!RtlAcquireSRWLockExclusive

  Block 8809: ntdll.dll!RtlGetCurrentServiceSessionId

  Block 8810: ntdll.dll!RtlAcquireSRWLockExclusive

  Block 8811: ntdll.dll!RtlAcquireSRWLockExclusive

  Block 8812: ntdll.dll!RtlDeactivateActivationContextUnsafeFast

  Block 8814: ntdll.dll!RtlCompareUnicodeStrings

  Block 8815: ntdll.dll!memmove

  Block 8816: ntdll.dll!memmove

  Block 8817: ntdll.dll!RtlAcquireSRWLockExclusive

  Block 8818: ntdll.dll!RtlGetCurrentServiceSessionId

  Block 8819: ntdll.dll!RtlAcquireSRWLockExclusive

  Block 8820: ntdll.dll!RtlAcquireSRWLockExclusive

  Block 8821: ntdll.dll!RtlDeactivateActivationContextUnsafeFast

  Block 8822: ntdll.dll!RtlFreeHeap

  Block 8823: ntdll.dll!RtlGetCurrentServiceSessionId

  Block 8824: ntdll.dll!RtlAcquireSRWLockExclusive

  Block 8825: ntdll.dll!RtlReleaseSRWLockExclusive

  Block 8826: ntdll.dll!RtlEnterCriticalSection

  Block 8827: ntdll.dll!RtlLeaveCriticalSection

  Block 8828: ntdll.dll!ZwClose

  Block 8829: ntdll.dll!RtlAcquireSRWLockExclusive

  Block 8830: ntdll.dll!RtlDeactivateActivationContextUnsafeFast

  Block 8832: ntdll.dll!RtlCompareUnicodeStrings

  Block 8833: ntdll.dll!memmove

  Block 8834: ntdll.dll!memmove

  Block 8835: ntdll.dll!RtlAllocateHeap

  Block 8836: ntdll.dll!RtlAcquireSRWLockExclusive

  Block 8837: ntdll.dll!RtlGetCurrentServiceSessionId

  Block 8838: ntdll.dll!RtlAcquireSRWLockExclusive

  Block 8839: ntdll.dll!RtlAcquireSRWLockExclusive

  Block 8840: ntdll.dll!RtlDeactivateActivationContextUnsafeFast

  Block 8841: ntdll.dll!RtlFreeHeap

  Block 8842: ntdll.dll!RtlGetCurrentServiceSessionId

  Block 8843: ntdll.dll!RtlAcquireSRWLockExclusive

  Block 8844: ntdll.dll!RtlReleaseSRWLockExclusive

  Block 8845: ntdll.dll!RtlEnterCriticalSection

  Block 8846: ntdll.dll!RtlLeaveCriticalSection

  Block 8847: ntdll.dll!ZwClose

  Block 8848: ntdll.dll!ZwClose

  Block 8849: ntdll.dll!RtlGetCurrentServiceSessionId

  Block 8850: ntdll.dll!RtlGetCurrentServiceSessionId

  Block 8851: ntdll.dll!RtlEnterCriticalSection

  Block 8852: ntdll.dll!RtlLeaveCriticalSection

  Block 8853: ntdll.dll!RtlImageNtHeaderEx

  Block 8854: ntdll.dll!RtlImageNtHeaderEx

  Block 8855: ntdll.dll!RtlImageNtHeaderEx

  Block 8856: ntdll.dll!RtlImageNtHeaderEx

  Block 8857: ntdll.dll!RtlImageNtHeaderEx

  Block 8858: ntdll.dll!strrchr

  Block 8859: ntdll.dll!RtlImageNtHeaderEx

  Block 8860: ntdll.dll!LdrControlFlowGuardEnforced

  Block 8861: ntdll.dll!strrchr

  Block 8862: ntdll.dll!RtlImageNtHeaderEx

  Block 8863: ntdll.dll!LdrControlFlowGuardEnforced

  Block 8864: ntdll.dll!strrchr

  Block 8865: ntdll.dll!RtlImageNtHeaderEx

  Block 8866: ntdll.dll!LdrControlFlowGuardEnforced

  Block 8867: ntdll.dll!strrchr

  Block 8868: ntdll.dll!RtlImageNtHeaderEx

  Block 8869: ntdll.dll!LdrControlFlowGuardEnforced

  Block 8870: ntdll.dll!strrchr

  Block 8871: ntdll.dll!RtlImageNtHeaderEx

  Block 8872: ntdll.dll!LdrControlFlowGuardEnforced

  Block 8873: ntdll.dll!strrchr

  Block 8874: ntdll.dll!RtlImageNtHeaderEx

  Block 8875: ntdll.dll!LdrControlFlowGuardEnforced

  Block 8876: ntdll.dll!strrchr

  Block 8877: ntdll.dll!RtlImageNtHeaderEx

  Block 8878: ntdll.dll!LdrControlFlowGuardEnforced

  Block 8879: ntdll.dll!strrchr

  Block 8880: ntdll.dll!RtlImageNtHeaderEx

  Block 8881: ntdll.dll!LdrControlFlowGuardEnforced

  Block 8882: ntdll.dll!strrchr

  Block 8883: ntdll.dll!RtlImageNtHeaderEx

  Block 8884: ntdll.dll!LdrControlFlowGuardEnforced

  Block 8885: ntdll.dll!strrchr

  Block 8886: ntdll.dll!RtlImageNtHeaderEx

  Block 8887: ntdll.dll!LdrControlFlowGuardEnforced

  Block 8888: ntdll.dll!strrchr

  Block 8889: ntdll.dll!RtlImageNtHeaderEx

  Block 8890: ntdll.dll!LdrControlFlowGuardEnforced

  Block 8891: ntdll.dll!strrchr

  Block 8892: ntdll.dll!RtlImageNtHeaderEx

  Block 8893: ntdll.dll!LdrControlFlowGuardEnforced

  Block 8894: ntdll.dll!RtlImageNtHeaderEx

  Block 8895: ntdll.dll!strrchr

  Block 8896: ntdll.dll!RtlImageNtHeaderEx

  Block 8897: ntdll.dll!LdrControlFlowGuardEnforced

  Block 8898: ntdll.dll!strrchr

  Block 8899: ntdll.dll!RtlImageNtHeaderEx

  Block 8900: ntdll.dll!LdrControlFlowGuardEnforced

  Block 8901: ntdll.dll!strrchr

  Block 8902: ntdll.dll!RtlImageNtHeaderEx

  Block 8903: ntdll.dll!LdrControlFlowGuardEnforced

  Block 8904: ntdll.dll!RtlImageNtHeaderEx

  Block 8905: ntdll.dll!strrchr

  Block 8906: ntdll.dll!RtlImageNtHeaderEx

  Block 8907: ntdll.dll!LdrControlFlowGuardEnforced

  Block 8908: ntdll.dll!RtlImageNtHeaderEx

  Block 8909: ntdll.dll!strrchr

  Block 8910: ntdll.dll!RtlAnsiStringToUnicodeString

  Block 8911: ntdll.dll!RtlCompareUnicodeStrings

  Block 8912: ntdll.dll!RtlCompareUnicodeStrings

  Block 8913: ntdll.dll!memmove

  Block 8914: ntdll.dll!memmove

  Block 8915: ntdll.dll!RtlAllocateHeap

  Block 8916: ntdll.dll!RtlAcquireSRWLockExclusive

  Block 8917: ntdll.dll!RtlGetCurrentServiceSessionId

  Block 8918: ntdll.dll!RtlAcquireSRWLockExclusive

  Block 8919: ntdll.dll!RtlAcquireSRWLockExclusive

  Block 8920: ntdll.dll!RtlDeactivateActivationContextUnsafeFast

  Block 8921: ntdll.dll!RtlImageNtHeaderEx

  Block 8922: ntdll.dll!LdrControlFlowGuardEnforced

  Block 8923: ntdll.dll!RtlFreeHeap

  Block 8924: ntdll.dll!RtlGetCurrentServiceSessionId

  Block 8925: ntdll.dll!strrchr

  Block 8926: ntdll.dll!RtlAnsiStringToUnicodeString

  Block 8927: ntdll.dll!RtlCompareUnicodeStrings

  Block 8928: ntdll.dll!RtlCompareUnicodeStrings

  Block 8929: ntdll.dll!memmove

  Block 8930: ntdll.dll!memmove

  Block 8931: ntdll.dll!RtlAllocateHeap

  Block 8932: ntdll.dll!RtlAcquireSRWLockExclusive

  Block 8933: ntdll.dll!RtlGetCurrentServiceSessionId

  Block 8934: ntdll.dll!RtlAcquireSRWLockExclusive

  Block 8935: ntdll.dll!RtlAcquireSRWLockExclusive

  Block 8936: ntdll.dll!RtlDeactivateActivationContextUnsafeFast

  Block 8937: ntdll.dll!RtlImageNtHeaderEx

  Block 8938: ntdll.dll!LdrControlFlowGuardEnforced

  Block 8939: ntdll.dll!RtlFreeHeap

  Block 8940: ntdll.dll!RtlGetCurrentServiceSessionId

  Block 8941: ntdll.dll!strrchr

  Block 8942: ntdll.dll!RtlAnsiStringToUnicodeString

  Block 8943: ntdll.dll!RtlCompareUnicodeStrings

  Block 8944: ntdll.dll!RtlCompareUnicodeStrings

  Block 8945: ntdll.dll!memmove

  Block 8946: ntdll.dll!memmove

  Block 8947: ntdll.dll!RtlAllocateHeap

  Block 8948: ntdll.dll!RtlAcquireSRWLockExclusive

  Block 8949: ntdll.dll!RtlGetCurrentServiceSessionId

  Block 8950: ntdll.dll!RtlAcquireSRWLockExclusive

  Block 8951: ntdll.dll!RtlAcquireSRWLockExclusive

  Block 8952: ntdll.dll!RtlDeactivateActivationContextUnsafeFast

  Block 8953: ntdll.dll!RtlImageNtHeaderEx

  Block 8954: ntdll.dll!LdrControlFlowGuardEnforced

  Block 8955: ntdll.dll!RtlFreeHeap

  Block 8956: ntdll.dll!RtlGetCurrentServiceSessionId

  Block 8957: ntdll.dll!strrchr

  Block 8958: ntdll.dll!RtlAnsiStringToUnicodeString

  Block 8959: ntdll.dll!RtlCompareUnicodeStrings

  Block 8960: ntdll.dll!RtlCompareUnicodeStrings

  Block 8961: ntdll.dll!memmove

  Block 8962: ntdll.dll!memmove

  Block 8963: ntdll.dll!RtlAllocateHeap

  Block 8964: ntdll.dll!RtlAcquireSRWLockExclusive

  Block 8965: ntdll.dll!RtlGetCurrentServiceSessionId

  Block 8966: ntdll.dll!RtlAcquireSRWLockExclusive

  Block 8967: ntdll.dll!RtlAcquireSRWLockExclusive

  Block 8968: ntdll.dll!RtlDeactivateActivationContextUnsafeFast

  Block 8969: ntdll.dll!RtlImageNtHeaderEx

  Block 8970: ntdll.dll!LdrControlFlowGuardEnforced

  Block 8971: ntdll.dll!RtlFreeHeap

  Block 8972: ntdll.dll!RtlGetCurrentServiceSessionId

  Block 8973: ntdll.dll!strrchr

  Block 8974: ntdll.dll!RtlAnsiStringToUnicodeString

  Block 8975: ntdll.dll!RtlCompareUnicodeStrings

  Block 8976: ntdll.dll!RtlCompareUnicodeStrings

  Block 8977: ntdll.dll!memmove

  Block 8978: ntdll.dll!memmove

  Block 8979: ntdll.dll!RtlAllocateHeap

  Block 8980: ntdll.dll!RtlAcquireSRWLockExclusive

  Block 8981: ntdll.dll!RtlGetCurrentServiceSessionId

  Block 8982: ntdll.dll!RtlAcquireSRWLockExclusive

  Block 8983: ntdll.dll!RtlAcquireSRWLockExclusive

  Block 8984: ntdll.dll!RtlDeactivateActivationContextUnsafeFast

  Block 8985: ntdll.dll!RtlImageNtHeaderEx

  Block 8986: ntdll.dll!LdrControlFlowGuardEnforced

  Block 8987: ntdll.dll!RtlFreeHeap

  Block 8988: ntdll.dll!RtlGetCurrentServiceSessionId

  Block 8989: ntdll.dll!strrchr

  Block 8990: ntdll.dll!RtlAnsiStringToUnicodeString

  Block 8991: ntdll.dll!RtlCompareUnicodeStrings

  Block 8992: ntdll.dll!RtlCompareUnicodeStrings

  Block 8993: ntdll.dll!memmove

  Block 8994: ntdll.dll!memmove

  Block 8995: ntdll.dll!RtlAllocateHeap

  Block 8996: ntdll.dll!RtlAcquireSRWLockExclusive

  Block 8997: ntdll.dll!RtlGetCurrentServiceSessionId

  Block 8998: ntdll.dll!RtlAcquireSRWLockExclusive

  Block 8999: ntdll.dll!RtlAcquireSRWLockExclusive

  Block 9000: ntdll.dll!RtlDeactivateActivationContextUnsafeFast

  Block 9001: ntdll.dll!RtlImageNtHeaderEx

  Block 9002: ntdll.dll!LdrControlFlowGuardEnforced

  Block 9003: ntdll.dll!RtlFreeHeap

  Block 9004: ntdll.dll!RtlGetCurrentServiceSessionId

  Block 9005: ntdll.dll!RtlImageNtHeaderEx

  Block 9006: ntdll.dll!RtlImageNtHeaderEx

  Block 9007: ntdll.dll!RtlImageNtHeaderEx

  Block 9008: ntdll.dll!RtlImageNtHeaderEx

  Block 9009: ntdll.dll!RtlImageNtHeaderEx

  Block 9010: ntdll.dll!RtlImageNtHeaderEx

  Block 9011: ntdll.dll!RtlImageNtHeaderEx

  Block 9012: ntdll.dll!RtlImageNtHeaderEx

  Block 9013: ntdll.dll!RtlImageNtHeaderEx

  Block 9014: ntdll.dll!RtlImageNtHeaderEx

  Block 9015: ntdll.dll!RtlImageNtHeaderEx

  Block 9016: ntdll.dll!RtlImageNtHeaderEx

  Block 9017: ntdll.dll!RtlImageNtHeaderEx

  Block 9018: ntdll.dll!RtlImageNtHeaderEx

  Block 9019: ntdll.dll!RtlImageNtHeaderEx

  Block 9020: ntdll.dll!strrchr

  Block 9021: ntdll.dll!RtlImageNtHeaderEx

  Block 9022: ntdll.dll!LdrControlFlowGuardEnforced

  Block 9023: ntdll.dll!strrchr

  Block 9024: ntdll.dll!RtlImageNtHeaderEx

  Block 9025: ntdll.dll!LdrControlFlowGuardEnforced

  Block 9026: ntdll.dll!RtlImageNtHeaderEx

  Block 9027: ntdll.dll!RtlImageNtHeaderEx

  Block 9028: ntdll.dll!RtlImageNtHeaderEx

  Block 9029: ntdll.dll!RtlImageNtHeaderEx

  Block 9030: ntdll.dll!RtlImageNtHeaderEx

  Block 9031: ntdll.dll!RtlImageNtHeaderEx

  Block 9032: ntdll.dll!strrchr

  Block 9033: ntdll.dll!RtlImageNtHeaderEx

  Block 9034: ntdll.dll!LdrControlFlowGuardEnforced

  Block 9035: ntdll.dll!strrchr

  Block 9036: ntdll.dll!RtlImageNtHeaderEx

  Block 9037: ntdll.dll!LdrControlFlowGuardEnforced

  Block 9038: ntdll.dll!RtlImageNtHeaderEx

  Block 9039: ntdll.dll!RtlImageNtHeaderEx

  Block 9040: ntdll.dll!strrchr

  Block 9041: ntdll.dll!RtlImageNtHeaderEx

  Block 9042: ntdll.dll!LdrControlFlowGuardEnforced

  Block 9043: ntdll.dll!strrchr

  Block 9044: ntdll.dll!RtlImageNtHeaderEx

  Block 9045: ntdll.dll!LdrControlFlowGuardEnforced

  Block 9046: ntdll.dll!strrchr

  Block 9047: ntdll.dll!RtlImageNtHeaderEx

  Block 9048: ntdll.dll!LdrControlFlowGuardEnforced

  Block 9049: ntdll.dll!RtlImageNtHeaderEx

  Block 9050: ntdll.dll!RtlImageNtHeaderEx

  Block 9051: ntdll.dll!RtlImageNtHeaderEx

  Block 9052: ntdll.dll!RtlImageNtHeaderEx

  Block 9053: ntdll.dll!RtlImageNtHeaderEx

  Block 9054: ntdll.dll!strrchr

  Block 9055: ntdll.dll!RtlImageNtHeaderEx

  Block 9056: ntdll.dll!LdrControlFlowGuardEnforced

  Block 9057: ntdll.dll!strrchr

  Block 9058: ntdll.dll!RtlImageNtHeaderEx

  Block 9059: ntdll.dll!LdrControlFlowGuardEnforced

  Block 9060: ntdll.dll!strrchr

  Block 9061: ntdll.dll!RtlImageNtHeaderEx

  Block 9062: ntdll.dll!LdrControlFlowGuardEnforced

  Block 9063: ntdll.dll!strrchr

  Block 9064: ntdll.dll!RtlImageNtHeaderEx

  Block 9065: ntdll.dll!LdrControlFlowGuardEnforced

  Block 9066: ntdll.dll!strrchr

  Block 9067: ntdll.dll!RtlImageNtHeaderEx

  Block 9068: ntdll.dll!LdrControlFlowGuardEnforced

  Block 9069: ntdll.dll!strrchr

  Block 9070: ntdll.dll!RtlImageNtHeaderEx

  Block 9071: ntdll.dll!LdrControlFlowGuardEnforced

  Block 9072: ntdll.dll!strrchr

  Block 9073: ntdll.dll!RtlImageNtHeaderEx

  Block 9074: ntdll.dll!LdrControlFlowGuardEnforced

  Block 9075: ntdll.dll!strrchr

  Block 9076: ntdll.dll!RtlImageNtHeaderEx

  Block 9077: ntdll.dll!LdrControlFlowGuardEnforced

  Block 9078: ntdll.dll!RtlImageNtHeaderEx

  Block 9079: ntdll.dll!strrchr

  Block 9080: ntdll.dll!RtlImageNtHeaderEx

  Block 9081: ntdll.dll!LdrControlFlowGuardEnforced

  Block 9082: ntdll.dll!strrchr

  Block 9083: ntdll.dll!RtlImageNtHeaderEx

  Block 9084: ntdll.dll!LdrControlFlowGuardEnforced

  Block 9085: ntdll.dll!strrchr

  Block 9086: ntdll.dll!RtlImageNtHeaderEx

  Block 9087: ntdll.dll!LdrControlFlowGuardEnforced

  Block 9088: ntdll.dll!strrchr

  Block 9089: ntdll.dll!RtlImageNtHeaderEx

  Block 9090: ntdll.dll!LdrControlFlowGuardEnforced

  Block 9091: ntdll.dll!strrchr

  Block 9092: ntdll.dll!RtlImageNtHeaderEx

  Block 9093: ntdll.dll!LdrControlFlowGuardEnforced

  Block 9094: ntdll.dll!strrchr

  Block 9095: ntdll.dll!RtlImageNtHeaderEx

  Block 9096: ntdll.dll!LdrControlFlowGuardEnforced

  Block 9097: ntdll.dll!strrchr

  Block 9098: ntdll.dll!RtlImageNtHeaderEx

  Block 9099: ntdll.dll!LdrControlFlowGuardEnforced

  Block 9100: ntdll.dll!RtlImageNtHeaderEx

  Block 9101: ntdll.dll!RtlImageNtHeaderEx

  Block 9102: ntdll.dll!RtlImageNtHeaderEx

  Block 9103: ntdll.dll!RtlImageNtHeaderEx

  Block 9104: ntdll.dll!RtlImageNtHeaderEx

  Block 9105: ntdll.dll!RtlImageNtHeaderEx

  Block 9106: ntdll.dll!RtlImageNtHeaderEx

  Block 9107: ntdll.dll!RtlImageNtHeaderEx

  Block 9108: ntdll.dll!RtlImageNtHeaderEx

  Block 9109: ntdll.dll!RtlImageNtHeaderEx

  Block 9110: ntdll.dll!RtlImageNtHeaderEx

  Block 9111: ntdll.dll!RtlImageNtHeaderEx

  Block 9112: ntdll.dll!RtlImageNtHeaderEx

  Block 9113: ntdll.dll!RtlImageNtHeaderEx

  Block 9114: ntdll.dll!RtlImageNtHeaderEx

  Block 9115: ntdll.dll!RtlImageNtHeaderEx

  Block 9116: ntdll.dll!RtlImageNtHeaderEx

  Block 9117: ntdll.dll!RtlImageNtHeaderEx

  Block 9118: ntdll.dll!RtlImageNtHeaderEx

  Block 9119: ntdll.dll!RtlImageNtHeaderEx

  Block 9120: ntdll.dll!RtlImageNtHeaderEx

  Block 9121: ntdll.dll!RtlImageNtHeaderEx

  Block 9122: ntdll.dll!RtlImageNtHeaderEx

  Block 9123: ntdll.dll!RtlImageNtHeaderEx

  Block 9124: ntdll.dll!RtlImageNtHeaderEx

  Block 9125: ntdll.dll!RtlImageNtHeaderEx

  Block 9126: ntdll.dll!RtlImageNtHeaderEx

  Block 9127: ntdll.dll!RtlImageNtHeaderEx

  Block 9128: ntdll.dll!RtlImageNtHeaderEx

  Block 9129: ntdll.dll!RtlImageNtHeaderEx

  Block 9130: ntdll.dll!RtlImageNtHeaderEx

  Block 9131: ntdll.dll!RtlImageNtHeaderEx

  Block 9132: ntdll.dll!RtlImageNtHeaderEx

  Block 9133: ntdll.dll!RtlImageNtHeaderEx

  Block 9134: ntdll.dll!RtlImageNtHeaderEx

  Block 9135: ntdll.dll!RtlImageNtHeaderEx

  Block 9136: ntdll.dll!RtlImageNtHeaderEx

  Block 9137: ntdll.dll!RtlImageNtHeaderEx

  Block 9138: ntdll.dll!RtlImageNtHeaderEx

  Block 9139: ntdll.dll!RtlImageNtHeaderEx

  Block 9140: ntdll.dll!RtlImageNtHeaderEx

  Block 9141: ntdll.dll!RtlImageNtHeaderEx

  Block 9142: ntdll.dll!RtlImageNtHeaderEx

  Block 9143: ntdll.dll!ZwProtectVirtualMemory

  Block 9144: ntdll.dll!RtlImageNtHeaderEx

  Block 9145: ntdll.dll!RtlAcquireSRWLockExclusive

  Block 9146: ntdll.dll!RtlAllocateHeap

  Block 9147: ntdll.dll!RtlFindClearBitsAndSet

  Block 9148: ntdll.dll!RtlSetBits

  Block 9149: ntdll.dll!RtlAllocateHeap

  Block 9151: ntdll.dll!ZwSetInformationProcess

  Block 9152: ntdll.dll!RtlReleaseSRWLockExclusive

  Block 9153: ntdll.dll!LdrControlFlowGuardEnforced

  Block 9154: ntdll.dll!RtlEnterCriticalSection

  Block 9155: ntdll.dll!RtlLeaveCriticalSection

  Block 9156: ntdll.dll!RtlImageNtHeaderEx

  Block 9157: ntdll.dll!RtlImageNtHeaderEx

  Block 9158: ntdll.dll!RtlImageNtHeaderEx

  Block 9159: ntdll.dll!RtlImageNtHeaderEx

  Block 9160: ntdll.dll!RtlImageNtHeaderEx

  Block 9161: ntdll.dll!RtlImageNtHeaderEx

  Block 9162: ntdll.dll!RtlImageNtHeaderEx

  Block 9163: ntdll.dll!RtlImageNtHeaderEx

  Block 9164: ntdll.dll!RtlImageNtHeaderEx

  Block 9165: ntdll.dll!strrchr

  Block 9166: ntdll.dll!RtlImageNtHeaderEx

  Block 9167: ntdll.dll!LdrControlFlowGuardEnforced

  Block 9168: ntdll.dll!strrchr

  Block 9169: ntdll.dll!RtlImageNtHeaderEx

  Block 9170: ntdll.dll!LdrControlFlowGuardEnforced

  Block 9171: ntdll.dll!strrchr

  Block 9172: ntdll.dll!RtlImageNtHeaderEx

  Block 9173: ntdll.dll!LdrControlFlowGuardEnforced

  Block 9174: ntdll.dll!strrchr

  Block 9175: ntdll.dll!RtlImageNtHeaderEx

  Block 9176: ntdll.dll!LdrControlFlowGuardEnforced

  Block 9177: ntdll.dll!RtlImageNtHeaderEx

  Block 9178: ntdll.dll!RtlImageNtHeaderEx

  Block 9179: ntdll.dll!strrchr

  Block 9180: ntdll.dll!RtlAnsiStringToUnicodeString

  Block 9181: ntdll.dll!RtlCompareUnicodeStrings

  Block 9182: ntdll.dll!RtlCompareUnicodeStrings

  Block 9183: ntdll.dll!memmove

  Block 9184: ntdll.dll!memmove

  Block 9185: ntdll.dll!RtlAllocateHeap

  Block 9186: ntdll.dll!RtlAcquireSRWLockExclusive

  Block 9187: ntdll.dll!RtlGetCurrentServiceSessionId

  Block 9188: ntdll.dll!RtlAcquireSRWLockExclusive

  Block 9189: ntdll.dll!RtlAcquireSRWLockExclusive

  Block 9190: ntdll.dll!RtlDeactivateActivationContextUnsafeFast

  Block 9191: ntdll.dll!RtlImageNtHeaderEx

  Block 9192: ntdll.dll!LdrControlFlowGuardEnforced

  Block 9193: ntdll.dll!RtlFreeHeap

  Block 9194: ntdll.dll!RtlGetCurrentServiceSessionId

  Block 9195: ntdll.dll!strrchr

  Block 9196: ntdll.dll!RtlAnsiStringToUnicodeString

  Block 9197: ntdll.dll!RtlCompareUnicodeStrings

  Block 9198: ntdll.dll!RtlCompareUnicodeStrings

  Block 9199: ntdll.dll!memmove

  Block 9200: ntdll.dll!memmove

  Block 9201: ntdll.dll!RtlAllocateHeap

  Block 9202: ntdll.dll!RtlAcquireSRWLockExclusive

  Block 9203: ntdll.dll!RtlGetCurrentServiceSessionId

  Block 9204: ntdll.dll!RtlAcquireSRWLockExclusive

  Block 9205: ntdll.dll!RtlAcquireSRWLockExclusive

  Block 9206: ntdll.dll!RtlDeactivateActivationContextUnsafeFast

  Block 9207: ntdll.dll!RtlImageNtHeaderEx

  Block 9208: ntdll.dll!LdrControlFlowGuardEnforced

  Block 9209: ntdll.dll!RtlFreeHeap

  Block 9210: ntdll.dll!RtlGetCurrentServiceSessionId

  Block 9211: ntdll.dll!strrchr

  Block 9212: ntdll.dll!RtlAnsiStringToUnicodeString

  Block 9213: ntdll.dll!RtlCompareUnicodeStrings

  Block 9214: ntdll.dll!RtlCompareUnicodeStrings

  Block 9215: ntdll.dll!memmove

  Block 9216: ntdll.dll!memmove

  Block 9217: ntdll.dll!RtlAllocateHeap

  Block 9218: ntdll.dll!RtlAcquireSRWLockExclusive

  Block 9219: ntdll.dll!RtlGetCurrentServiceSessionId

  Block 9220: ntdll.dll!RtlAcquireSRWLockExclusive

  Block 9221: ntdll.dll!RtlAcquireSRWLockExclusive

  Block 9222: ntdll.dll!RtlDeactivateActivationContextUnsafeFast

  Block 9223: ntdll.dll!RtlImageNtHeaderEx

  Block 9224: ntdll.dll!LdrControlFlowGuardEnforced

  Block 9225: ntdll.dll!RtlFreeHeap

  Block 9226: ntdll.dll!RtlGetCurrentServiceSessionId

  Block 9227: ntdll.dll!RtlImageNtHeaderEx

  Block 9228: ntdll.dll!strrchr

  Block 9229: ntdll.dll!RtlImageNtHeaderEx

  Block 9230: ntdll.dll!LdrControlFlowGuardEnforced

  Block 9231: ntdll.dll!strrchr

  Block 9232: ntdll.dll!RtlImageNtHeaderEx

  Block 9233: ntdll.dll!LdrControlFlowGuardEnforced

  Block 9234: ntdll.dll!RtlImageNtHeaderEx

  Block 9235: ntdll.dll!RtlImageNtHeaderEx

  Block 9236: ntdll.dll!RtlImageNtHeaderEx

  Block 9237: ntdll.dll!strrchr

  Block 9238: ntdll.dll!RtlImageNtHeaderEx

  Block 9239: ntdll.dll!LdrControlFlowGuardEnforced

  Block 9240: ntdll.dll!RtlImageNtHeaderEx

  Block 9241: ntdll.dll!RtlImageNtHeaderEx

  Block 9242: ntdll.dll!RtlImageNtHeaderEx

  Block 9243: ntdll.dll!RtlImageNtHeaderEx

  Block 9244: ntdll.dll!RtlImageNtHeaderEx

  Block 9245: ntdll.dll!RtlImageNtHeaderEx

  Block 9246: ntdll.dll!RtlImageNtHeaderEx

  Block 9247: ntdll.dll!RtlImageNtHeaderEx

  Block 9248: ntdll.dll!RtlImageNtHeaderEx

  Block 9249: ntdll.dll!RtlImageNtHeaderEx

  Block 9250: ntdll.dll!RtlImageNtHeaderEx

  Block 9251: ntdll.dll!strrchr

  Block 9252: ntdll.dll!RtlImageNtHeaderEx

  Block 9253: ntdll.dll!LdrControlFlowGuardEnforced

  Block 9254: ntdll.dll!RtlImageNtHeaderEx

  Block 9255: ntdll.dll!RtlImageNtHeaderEx

  Block 9256: ntdll.dll!strrchr

  Block 9257: ntdll.dll!RtlImageNtHeaderEx

  Block 9258: ntdll.dll!LdrControlFlowGuardEnforced

  Block 9259: ntdll.dll!RtlImageNtHeaderEx

  Block 9260: ntdll.dll!strrchr

  Block 9261: ntdll.dll!RtlImageNtHeaderEx

  Block 9262: ntdll.dll!LdrControlFlowGuardEnforced

  Block 9263: ntdll.dll!RtlImageNtHeaderEx

  Block 9264: ntdll.dll!RtlImageNtHeaderEx

  Block 9265: ntdll.dll!RtlImageNtHeaderEx

  Block 9266: ntdll.dll!RtlImageNtHeaderEx

  Block 9267: ntdll.dll!RtlImageNtHeaderEx

  Block 9268: ntdll.dll!RtlImageNtHeaderEx

  Block 9269: ntdll.dll!RtlImageNtHeaderEx

  Block 9270: ntdll.dll!RtlImageNtHeaderEx

  Block 9271: ntdll.dll!ZwProtectVirtualMemory

  Block 9272: ntdll.dll!RtlImageNtHeaderEx

  Block 9273: ntdll.dll!RtlAcquireSRWLockExclusive

  Block 9274: ntdll.dll!RtlAllocateHeap

  Block 9275: ntdll.dll!RtlFindClearBitsAndSet

  Block 9276: ntdll.dll!RtlSetBits

  Block 9277: ntdll.dll!RtlAllocateHeap

  Block 9279: ntdll.dll!ZwSetInformationProcess

  Block 9280: ntdll.dll!RtlReleaseSRWLockExclusive

  Block 9281: ntdll.dll!LdrControlFlowGuardEnforced

  Block 9282: ntdll.dll!RtlEnterCriticalSection

  Block 9283: ntdll.dll!RtlLeaveCriticalSection

  Block 9284: ntdll.dll!RtlImageNtHeaderEx

  Block 9285: ntdll.dll!RtlImageNtHeaderEx

  Block 9286: ntdll.dll!RtlImageNtHeaderEx

  Block 9287: ntdll.dll!RtlImageNtHeaderEx

  Block 9288: ntdll.dll!RtlImageNtHeaderEx

  Block 9289: ntdll.dll!RtlImageNtHeaderEx

  Block 9290: ntdll.dll!strrchr

  Block 9291: ntdll.dll!RtlImageNtHeaderEx

  Block 9292: ntdll.dll!LdrControlFlowGuardEnforced

  Block 9293: ntdll.dll!strrchr

  Block 9294: ntdll.dll!RtlImageNtHeaderEx

  Block 9295: ntdll.dll!LdrControlFlowGuardEnforced

  Block 9296: ntdll.dll!strrchr

  Block 9297: ntdll.dll!RtlImageNtHeaderEx

  Block 9298: ntdll.dll!LdrControlFlowGuardEnforced

  Block 9299: ntdll.dll!strrchr

  Block 9300: ntdll.dll!RtlImageNtHeaderEx

  Block 9301: ntdll.dll!LdrControlFlowGuardEnforced

  Block 9302: ntdll.dll!strrchr

  Block 9303: ntdll.dll!RtlImageNtHeaderEx

  Block 9304: ntdll.dll!LdrControlFlowGuardEnforced

  Block 9305: ntdll.dll!strrchr

  Block 9306: ntdll.dll!RtlImageNtHeaderEx

  Block 9307: ntdll.dll!LdrControlFlowGuardEnforced

  Block 9308: ntdll.dll!strrchr

  Block 9309: ntdll.dll!RtlImageNtHeaderEx

  Block 9310: ntdll.dll!LdrControlFlowGuardEnforced

  Block 9311: ntdll.dll!strrchr

  Block 9312: ntdll.dll!RtlImageNtHeaderEx

  Block 9313: ntdll.dll!LdrControlFlowGuardEnforced

  Block 9314: ntdll.dll!RtlImageNtHeaderEx

  Block 9315: ntdll.dll!strrchr

  Block 9316: ntdll.dll!RtlImageNtHeaderEx

  Block 9317: ntdll.dll!LdrControlFlowGuardEnforced

  Block 9318: ntdll.dll!strrchr

  Block 9319: ntdll.dll!RtlImageNtHeaderEx

  Block 9320: ntdll.dll!LdrControlFlowGuardEnforced

  Block 9321: ntdll.dll!RtlImageNtHeaderEx

  Block 9322: ntdll.dll!strrchr

  Block 9323: ntdll.dll!RtlImageNtHeaderEx

  Block 9324: ntdll.dll!LdrControlFlowGuardEnforced

  Block 9325: ntdll.dll!RtlImageNtHeaderEx

  Block 9326: ntdll.dll!strrchr

  Block 9327: ntdll.dll!RtlImageNtHeaderEx

  Block 9328: ntdll.dll!LdrControlFlowGuardEnforced

  Block 9329: ntdll.dll!strrchr

  Block 9330: ntdll.dll!RtlImageNtHeaderEx

  Block 9331: ntdll.dll!LdrControlFlowGuardEnforced

  Block 9332: ntdll.dll!strrchr

  Block 9333: ntdll.dll!RtlImageNtHeaderEx

  Block 9334: ntdll.dll!LdrControlFlowGuardEnforced

  Block 9335: ntdll.dll!strrchr

  Block 9336: ntdll.dll!RtlImageNtHeaderEx

  Block 9337: ntdll.dll!LdrControlFlowGuardEnforced

  Block 9338: ntdll.dll!strrchr

  Block 9339: ntdll.dll!RtlImageNtHeaderEx

  Block 9340: ntdll.dll!LdrControlFlowGuardEnforced

  Block 9341: ntdll.dll!RtlImageNtHeaderEx

  Block 9342: ntdll.dll!RtlImageNtHeaderEx

  Block 9343: ntdll.dll!strrchr

  Block 9344: ntdll.dll!RtlImageNtHeaderEx

  Block 9345: ntdll.dll!LdrControlFlowGuardEnforced

  Block 9346: ntdll.dll!strrchr

  Block 9347: ntdll.dll!RtlImageNtHeaderEx

  Block 9348: ntdll.dll!LdrControlFlowGuardEnforced

  Block 9349: ntdll.dll!strrchr

  Block 9350: ntdll.dll!RtlImageNtHeaderEx

  Block 9351: ntdll.dll!LdrControlFlowGuardEnforced

  Block 9352: ntdll.dll!RtlImageNtHeaderEx

  Block 9353: ntdll.dll!strrchr

  Block 9354: ntdll.dll!RtlAnsiStringToUnicodeString

  Block 9355: ntdll.dll!RtlCompareUnicodeStrings

  Block 9356: ntdll.dll!RtlCompareUnicodeStrings

  Block 9357: ntdll.dll!memmove

  Block 9358: ntdll.dll!memmove

  Block 9359: ntdll.dll!RtlAllocateHeap

  Block 9360: ntdll.dll!RtlAcquireSRWLockExclusive

  Block 9361: ntdll.dll!RtlGetCurrentServiceSessionId

  Block 9362: ntdll.dll!RtlAcquireSRWLockExclusive

  Block 9363: ntdll.dll!RtlAcquireSRWLockExclusive

  Block 9364: ntdll.dll!RtlDeactivateActivationContextUnsafeFast

  Block 9365: ntdll.dll!RtlImageNtHeaderEx

  Block 9366: ntdll.dll!LdrControlFlowGuardEnforced

  Block 9367: ntdll.dll!RtlFreeHeap

  Block 9368: ntdll.dll!RtlGetCurrentServiceSessionId

  Block 9369: ntdll.dll!strrchr

  Block 9370: ntdll.dll!RtlAnsiStringToUnicodeString

  Block 9371: ntdll.dll!RtlCompareUnicodeStrings

  Block 9372: ntdll.dll!RtlCompareUnicodeStrings

  Block 9373: ntdll.dll!memmove

  Block 9374: ntdll.dll!memmove

  Block 9375: ntdll.dll!RtlAllocateHeap

  Block 9376: ntdll.dll!RtlAcquireSRWLockExclusive

  Block 9377: ntdll.dll!RtlGetCurrentServiceSessionId

  Block 9378: ntdll.dll!RtlAcquireSRWLockExclusive

  Block 9379: ntdll.dll!RtlAcquireSRWLockExclusive

  Block 9380: ntdll.dll!RtlDeactivateActivationContextUnsafeFast

  Block 9381: ntdll.dll!RtlImageNtHeaderEx

  Block 9382: ntdll.dll!LdrControlFlowGuardEnforced

  Block 9383: ntdll.dll!RtlFreeHeap

  Block 9384: ntdll.dll!RtlGetCurrentServiceSessionId

  Block 9385: ntdll.dll!RtlImageNtHeaderEx

  Block 9386: ntdll.dll!RtlImageNtHeaderEx

  Block 9387: ntdll.dll!RtlImageNtHeaderEx

  Block 9388: ntdll.dll!RtlImageNtHeaderEx

  Block 9389: ntdll.dll!RtlImageNtHeaderEx

  Block 9390: ntdll.dll!RtlImageNtHeaderEx

  Block 9391: ntdll.dll!RtlImageNtHeaderEx

  Block 9392: ntdll.dll!RtlImageNtHeaderEx

  Block 9393: ntdll.dll!RtlImageNtHeaderEx

  Block 9394: ntdll.dll!RtlImageNtHeaderEx

  Block 9395: ntdll.dll!RtlImageNtHeaderEx

  Block 9396: ntdll.dll!RtlImageNtHeaderEx

  Block 9397: ntdll.dll!RtlImageNtHeaderEx

  Block 9398: ntdll.dll!RtlImageNtHeaderEx

  Block 9399: ntdll.dll!strrchr

  Block 9400: ntdll.dll!RtlImageNtHeaderEx

  Block 9401: ntdll.dll!LdrControlFlowGuardEnforced

  Block 9402: ntdll.dll!RtlImageNtHeaderEx

  Block 9403: ntdll.dll!strrchr

  Block 9404: ntdll.dll!RtlImageNtHeaderEx

  Block 9405: ntdll.dll!LdrControlFlowGuardEnforced

  Block 9406: ntdll.dll!RtlImageNtHeaderEx

  Block 9407: ntdll.dll!RtlImageNtHeaderEx

  Block 9408: ntdll.dll!strrchr

  Block 9409: ntdll.dll!RtlImageNtHeaderEx

  Block 9410: ntdll.dll!LdrControlFlowGuardEnforced

  Block 9411: ntdll.dll!RtlImageNtHeaderEx

  Block 9412: ntdll.dll!RtlImageNtHeaderEx

  Block 9413: ntdll.dll!RtlImageNtHeaderEx

  Block 9414: ntdll.dll!ZwProtectVirtualMemory

  Block 9415: ntdll.dll!RtlImageNtHeaderEx

  Block 9416: ntdll.dll!LdrControlFlowGuardEnforced

  Block 9417: ntdll.dll!RtlEnterCriticalSection

  Block 9418: ntdll.dll!RtlLeaveCriticalSection

  Block 9419: ntdll.dll!RtlIsCriticalSectionLockedByThread

  Block 9420: ntdll.dll!RtlEnterCriticalSection

  Block 9421: ntdll.dll!RtlImageNtHeader

  Block 9422: ntdll.dll!RtlImageNtHeaderEx

  Block 9423: ntdll.dll!memset

  Block 9424: ntdll.dll!wcsrchr

  Block 9425: ntdll.dll!RtlInitUnicodeStringEx

  Block 9426: ntdll.dll!ZwApphelpCacheControl

  Block 9427: ntdll.dll!RtlEnterCriticalSection

  Block 9428: ntdll.dll!RtlLeaveCriticalSection

  Block 9429: ntdll.dll!RtlLeaveCriticalSection

  Block 9430: ntdll.dll!RtlEnterCriticalSection

  Block 9431: ntdll.dll!RtlImageNtHeader

  Block 9432: ntdll.dll!RtlImageNtHeaderEx

  Block 9433: ntdll.dll!memset

  Block 9434: ntdll.dll!wcsrchr

  Block 9435: ntdll.dll!RtlInitUnicodeStringEx

  Block 9436: ntdll.dll!ZwApphelpCacheControl

  Block 9437: ntdll.dll!RtlEnterCriticalSection

  Block 9438: ntdll.dll!RtlLeaveCriticalSection

  Block 9439: ntdll.dll!RtlLeaveCriticalSection

  Block 9440: ntdll.dll!RtlEnterCriticalSection

  Block 9441: ntdll.dll!RtlImageNtHeader

  Block 9442: ntdll.dll!RtlImageNtHeaderEx

  Block 9443: ntdll.dll!memset

  Block 9444: ntdll.dll!wcsrchr

  Block 9445: ntdll.dll!RtlInitUnicodeStringEx

  Block 9446: ntdll.dll!ZwApphelpCacheControl

  Block 9447: ntdll.dll!RtlEnterCriticalSection

  Block 9448: ntdll.dll!RtlLeaveCriticalSection

  Block 9449: ntdll.dll!RtlLeaveCriticalSection

  Block 9450: ntdll.dll!RtlGetCurrentServiceSessionId

  Block 9451: ntdll.dll!RtlEnterCriticalSection

  Block 9452: ntdll.dll!RtlGetCurrentServiceSessionId

  Block 9453: ntdll.dll!ZwSetInformationVirtualMemory

  Block 9454: ntdll.dll!RtlActivateActivationContextUnsafeFast

  Block 9455: ntdll.dll!RtlAcquireSRWLockShared

  Block 9456: ntdll.dll!RtlReleaseSRWLockShared

  Block 9457: ntdll.dll!RtlGetCurrentServiceSessionId

  Block 9458: ucrtbase.dll!_o__initialize_onexit_table

  Block 9459: KERNELBASE.dll!FlsSetValue

  Block 9460: ntdll.dll!RtlFlsSetValue

  Block 9461: ucrtbase.dll!_initialize_onexit_table

  Block 9462: KERNELBASE.dll!FlsSetValue

  Block 9463: ntdll.dll!RtlFlsSetValue

  Block 9464: ucrtbase.dll!_o__initialize_onexit_table

  Block 9465: KERNELBASE.dll!FlsSetValue

  Block 9466: ntdll.dll!RtlFlsSetValue

  Block 9467: ucrtbase.dll!_initialize_onexit_table

  Block 9468: KERNELBASE.dll!FlsSetValue

  Block 9469: ntdll.dll!RtlFlsSetValue

  Block 9470: ntdll.dll!RtlInitializeSListHead

  Block 9472: KERNELBASE.dll!InitializeCriticalSectionAndSpinCount

  Block 9474: KERNELBASE.dll!GetModuleHandleW

  Block 9475: ntdll.dll!RtlInitUnicodeString

  Block 9477: ntdll.dll!LdrGetDllHandleEx

  Block 9478: ntdll.dll!memset

  Block 9479: ntdll.dll!RtlCompareUnicodeStrings

  Block 9480: ntdll.dll!RtlGetNtSystemRoot

  Block 9481: ntdll.dll!RtlGetCurrentServiceSessionId

  Block 9482: ntdll.dll!RtlInitUnicodeString

  Block 9483: ntdll.dll!memmove

  Block 9484: ntdll.dll!memmove

  Block 9485: ntdll.dll!memmove

  Block 9486: ntdll.dll!RtlAcquireSRWLockExclusive

  Block 9487: ntdll.dll!RtlEqualUnicodeString

  Block 9488: ntdll.dll!RtlReleaseSRWLockExclusive

  Block 9489: ntdll.dll!RtlGetCurrentServiceSessionId

  Block 9490: KERNELBASE.dll!GetProcAddress

  Block 9491: ntdll.dll!RtlInitString

  Block 9492: ntdll.dll!LdrGetProcedureAddressForCaller

  Block 9493: ntdll.dll!RtlEnterCriticalSection

  Block 9494: ntdll.dll!RtlLeaveCriticalSection

  Block 9495: ntdll.dll!RtlAcquireSRWLockExclusive

  Block 9496: ntdll.dll!RtlReleaseSRWLockExclusive

  Block 9497: ntdll.dll!RtlAcquireSRWLockExclusive

  Block 9498: ntdll.dll!RtlReleaseSRWLockExclusive

  Block 9499: ntdll.dll!memset

  Block 9500: ntdll.dll!RtlImageNtHeaderEx

  Block 9501: ntdll.dll!strrchr

  Block 9502: ntdll.dll!RtlxOemStringToUnicodeSize

  Block 9503: ntdll.dll!RtlMultiByteToUnicodeSize

  Block 9504: ntdll.dll!RtlAnsiStringToUnicodeString

  Block 9505: ntdll.dll!RtlActivateActivationContextUnsafeFast

  Block 9506: ntdll.dll!RtlDosApplyFileIsolationRedirection_Ustr

  Block 9507: ntdll.dll!RtlFindCharInUnicodeString

  Block 9508: ntdll.dll!RtlMultiAppendUnicodeStringBuffer

  Block 9509: ntdll.dll!memmove

  Block 9512: ntdll.dll!RtlFindActivationContextSectionString

  Block 9513: ntdll.dll!bsearch

  Block 9514: ntdll.dll!RtlHashUnicodeString

  Block 9515: ntdll.dll!bsearch

  Block 9516: ntdll.dll!bsearch

  Block 9519: ntdll.dll!memmove

  Block 9521: ntdll.dll!RtlAcquireSRWLockExclusive

  Block 9522: ntdll.dll!RtlEqualUnicodeString

  Block 9523: ntdll.dll!RtlReleaseSRWLockExclusive

  Block 9524: ntdll.dll!RtlGetCurrentServiceSessionId

  Block 9525: ntdll.dll!RtlAcquireSRWLockExclusive

  Block 9526: ntdll.dll!RtlReleaseSRWLockExclusive

  Block 9527: ntdll.dll!RtlAcquireSRWLockExclusive

  Block 9528: ntdll.dll!RtlReleaseSRWLockExclusive

  Block 9529: ntdll.dll!RtlDeactivateActivationContextUnsafeFast

  Block 9530: ntdll.dll!RtlImageNtHeaderEx

  Block 9531: ntdll.dll!LdrControlFlowGuardEnforced

  Block 9532: ntdll.dll!LdrControlFlowGuardEnforced

  Block 9533: KERNELBASE.dll!GetProcAddress

  Block 9534: ntdll.dll!RtlInitString

  Block 9535: ntdll.dll!LdrGetProcedureAddressForCaller

  Block 9536: ntdll.dll!RtlEnterCriticalSection

  Block 9537: ntdll.dll!RtlLeaveCriticalSection

  Block 9538: ntdll.dll!RtlAcquireSRWLockExclusive

  Block 9539: ntdll.dll!RtlReleaseSRWLockExclusive

  Block 9540: ntdll.dll!RtlAcquireSRWLockExclusive

  Block 9541: ntdll.dll!RtlReleaseSRWLockExclusive

  Block 9542: ntdll.dll!memset

  Block 9543: ntdll.dll!RtlImageNtHeaderEx

  Block 9544: ntdll.dll!LdrControlFlowGuardEnforced

  Block 9545: ntdll.dll!LdrControlFlowGuardEnforced

  Block 9546: KERNELBASE.dll!GetProcAddress

  Block 9547: ntdll.dll!RtlInitString

  Block 9548: ntdll.dll!LdrGetProcedureAddressForCaller

  Block 9549: ntdll.dll!RtlEnterCriticalSection

  Block 9550: ntdll.dll!RtlLeaveCriticalSection

  Block 9551: ntdll.dll!RtlAcquireSRWLockExclusive

  Block 9552: ntdll.dll!RtlReleaseSRWLockExclusive

  Block 9553: ntdll.dll!RtlAcquireSRWLockExclusive

  Block 9554: ntdll.dll!RtlReleaseSRWLockExclusive

  Block 9555: ntdll.dll!memset

  Block 9556: ntdll.dll!RtlImageNtHeaderEx

  Block 9557: ntdll.dll!strrchr

  Block 9558: ntdll.dll!RtlxOemStringToUnicodeSize

  Block 9559: ntdll.dll!RtlMultiByteToUnicodeSize

  Block 9560: ntdll.dll!RtlAnsiStringToUnicodeString

  Block 9561: ntdll.dll!RtlActivateActivationContextUnsafeFast

  Block 9562: ntdll.dll!RtlDosApplyFileIsolationRedirection_Ustr

  Block 9563: ntdll.dll!RtlFindCharInUnicodeString

  Block 9564: ntdll.dll!RtlMultiAppendUnicodeStringBuffer

  Block 9565: ntdll.dll!memmove

  Block 9568: ntdll.dll!RtlFindActivationContextSectionString

  Block 9569: ntdll.dll!bsearch

  Block 9570: ntdll.dll!RtlHashUnicodeString

  Block 9571: ntdll.dll!bsearch

  Block 9572: ntdll.dll!bsearch

  Block 9575: ntdll.dll!memmove

  Block 9577: ntdll.dll!RtlAcquireSRWLockExclusive

  Block 9578: ntdll.dll!RtlEqualUnicodeString

  Block 9579: ntdll.dll!RtlReleaseSRWLockExclusive

  Block 9580: ntdll.dll!RtlGetCurrentServiceSessionId

  Block 9581: ntdll.dll!RtlAcquireSRWLockExclusive

  Block 9582: ntdll.dll!RtlReleaseSRWLockExclusive

  Block 9583: ntdll.dll!RtlAcquireSRWLockExclusive

  Block 9584: ntdll.dll!RtlReleaseSRWLockExclusive

  Block 9585: ntdll.dll!RtlDeactivateActivationContextUnsafeFast

  Block 9586: ntdll.dll!RtlImageNtHeaderEx

  Block 9587: ntdll.dll!LdrControlFlowGuardEnforced

  Block 9588: ntdll.dll!LdrControlFlowGuardEnforced

  Block 9589: ntdll.dll!RtlRunOnceInitialize

  Block 9590: ucrtbase.dll!_o__register_onexit_function

  Block 9591: KERNELBASE.dll!FlsSetValue

  Block 9592: ntdll.dll!RtlFlsSetValue

  Block 9593: ucrtbase.dll!_register_onexit_function

  Block 9594: KERNELBASE.dll!GetLastError

  Block 9595: KERNELBASE.dll!FlsGetValue

  Block 9596: ntdll.dll!RtlFlsGetValue

  Block 9597: ntdll.dll!RtlSetLastWin32Error

  Block 9598: ntdll.dll!RtlEnterCriticalSection

  Block 9599: ucrtbase.dll!_realloc_base

  Block 9600: ucrtbase.dll!_malloc_base

  Block 9601: ntdll.dll!RtlAllocateHeap

  Block 9602: ucrtbase.dll!memset

  Block 9603: ucrtbase.dll!_free_base

  Block 9604: ntdll.dll!RtlLeaveCriticalSection

  Block 9605: KERNELBASE.dll!FlsSetValue

  Block 9606: ntdll.dll!RtlFlsSetValue

  Block 9607: ucrtbase.dll!_initterm

  Block 9608: ntdll.dll!RtlInitializeCriticalSection

  Block 9609: ntdll.dll!RtlRunOnceInitialize

  Block 9610: ucrtbase.dll!_o__register_onexit_function

  Block 9611: KERNELBASE.dll!FlsSetValue

  Block 9612: ntdll.dll!RtlFlsSetValue

  Block 9613: ucrtbase.dll!_register_onexit_function

  Block 9614: KERNELBASE.dll!GetLastError

  Block 9615: KERNELBASE.dll!FlsGetValue

  Block 9616: ntdll.dll!RtlFlsGetValue

  Block 9617: ntdll.dll!RtlSetLastWin32Error

  Block 9618: ntdll.dll!RtlEnterCriticalSection

  Block 9619: ntdll.dll!RtlLeaveCriticalSection

  Block 9620: KERNELBASE.dll!FlsSetValue

  Block 9621: ntdll.dll!RtlFlsSetValue

  Block 9622: ntdll.dll!RtlInitializeCriticalSection

  Block 9623: ntdll.dll!RtlRunOnceInitialize

  Block 9624: ucrtbase.dll!_o__register_onexit_function

  Block 9625: KERNELBASE.dll!FlsSetValue

  Block 9626: ntdll.dll!RtlFlsSetValue

  Block 9627: ucrtbase.dll!_register_onexit_function

  Block 9628: KERNELBASE.dll!GetLastError

  Block 9629: KERNELBASE.dll!FlsGetValue

  Block 9630: ntdll.dll!RtlFlsGetValue

  Block 9631: ntdll.dll!RtlSetLastWin32Error

  Block 9632: ntdll.dll!RtlEnterCriticalSection

  Block 9633: ntdll.dll!RtlLeaveCriticalSection

  Block 9634: KERNELBASE.dll!FlsSetValue

  Block 9635: ntdll.dll!RtlFlsSetValue

  Block 9636: ntdll.dll!RtlInitializeCriticalSection

  Block 9637: ntdll.dll!RtlRunOnceInitialize

  Block 9638: ucrtbase.dll!_o__register_onexit_function

  Block 9639: KERNELBASE.dll!FlsSetValue

  Block 9640: ntdll.dll!RtlFlsSetValue

  Block 9641: ucrtbase.dll!_register_onexit_function

  Block 9642: KERNELBASE.dll!GetLastError

  Block 9643: KERNELBASE.dll!FlsGetValue

  Block 9644: ntdll.dll!RtlFlsGetValue

  Block 9645: ntdll.dll!RtlSetLastWin32Error

  Block 9646: ntdll.dll!RtlEnterCriticalSection

  Block 9647: ntdll.dll!RtlLeaveCriticalSection

  Block 9648: KERNELBASE.dll!FlsSetValue

  Block 9649: ntdll.dll!RtlFlsSetValue

  Block 9650: KERNELBASE.dll!GetModuleHandleW

  Block 9651: ntdll.dll!RtlInitUnicodeString

  Block 9652: ntdll.dll!LdrGetDllHandle

  Block 9653: ntdll.dll!LdrGetDllHandleEx

  Block 9654: ntdll.dll!memset

  Block 9655: ntdll.dll!RtlCompareUnicodeStrings

  Block 9656: ntdll.dll!RtlGetNtSystemRoot

  Block 9657: ntdll.dll!RtlGetCurrentServiceSessionId

  Block 9658: ntdll.dll!RtlInitUnicodeString

  Block 9659: ntdll.dll!memmove

  Block 9660: ntdll.dll!memmove

  Block 9662: ntdll.dll!RtlAcquireSRWLockExclusive

  Block 9663: ntdll.dll!RtlReleaseSRWLockExclusive

  Block 9664: ntdll.dll!RtlGetCurrentServiceSessionId

  Block 9665: ntdll.dll!RtlAllocateHeap

  Block 9666: ntdll.dll!memmove

  Block 9667: ntdll.dll!memmove

  Block 9668: ntdll.dll!memmove

  Block 9669: ntdll.dll!ZwQueryAttributesFile

  Block 9670: ntdll.dll!RtlInitUnicodeStringEx

  Block 9671: ntdll.dll!RtlAcquireSRWLockExclusive

  Block 9672: ntdll.dll!RtlReleaseSRWLockExclusive

  Block 9673: ntdll.dll!RtlGetCurrentServiceSessionId

  Block 9674: ntdll.dll!ZwOpenFile

  Block 9675: ntdll.dll!ZwCreateSection

  Block 9676: ntdll.dll!ZwMapViewOfSection

  Block 9677: ntdll.dll!RtlImageNtHeaderEx

  Block 9678: ntdll.dll!RtlAcquireSRWLockExclusive

  Block 9679: ntdll.dll!RtlReleaseSRWLockExclusive

  Block 9680: ntdll.dll!ZwUnmapViewOfSection

  Block 9681: ntdll.dll!ZwClose

  Block 9682: ntdll.dll!ZwClose

  Block 9683: ntdll.dll!RtlDeleteBoundaryDescriptor

  Block 9684: ntdll.dll!RtlFreeHeap

  Block 9685: ntdll.dll!RtlGetCurrentServiceSessionId

  Block 9686: ntdll.dll!RtlNtStatusToDosError

  Block 9687: ntdll.dll!RtlSetLastWin32Error

  Block 9688: KERNELBASE.dll!GetSystemDirectoryW

  Block 9689: ntdll.dll!memmove

  Block 9690: ucrtbase.dll!_o_wcscat_s

  Block 9691: KERNELBASE.dll!FlsSetValue

  Block 9692: ntdll.dll!RtlFlsSetValue

  Block 9693: ucrtbase.dll!wcscat_s

  Block 9694: KERNELBASE.dll!FlsSetValue

  Block 9695: ntdll.dll!RtlFlsSetValue

  Block 9698: KERNELBASE.dll!IsDBCSLeadByte

  Block 9699: KERNELBASE.dll!IsDBCSLeadByte

  Block 9700: KERNELBASE.dll!IsDBCSLeadByte

  Block 9701: KERNELBASE.dll!IsDBCSLeadByte

  Block 9702: KERNELBASE.dll!IsDBCSLeadByte

  Block 9703: KERNELBASE.dll!IsDBCSLeadByte

  Block 9704: KERNELBASE.dll!IsDBCSLeadByte

  Block 9705: KERNELBASE.dll!IsDBCSLeadByte

  Block 9706: KERNELBASE.dll!IsDBCSLeadByte

  Block 9707: KERNELBASE.dll!IsDBCSLeadByte

  Block 9708: KERNELBASE.dll!IsDBCSLeadByte

  Block 9709: KERNELBASE.dll!IsDBCSLeadByte

  Block 9710: KERNELBASE.dll!IsDBCSLeadByte

  Block 9711: KERNELBASE.dll!IsDBCSLeadByte

  Block 9712: KERNELBASE.dll!IsDBCSLeadByte

  Block 9713: KERNELBASE.dll!IsDBCSLeadByte

  Block 9714: KERNELBASE.dll!IsDBCSLeadByte

  Block 9715: KERNELBASE.dll!IsDBCSLeadByte

  Block 9716: KERNELBASE.dll!IsDBCSLeadByte

  Block 9717: KERNELBASE.dll!IsDBCSLeadByte

  Block 9718: KERNELBASE.dll!IsDBCSLeadByte

  Block 9719: KERNELBASE.dll!IsDBCSLeadByte

  Block 9720: KERNELBASE.dll!IsDBCSLeadByte

  Block 9721: KERNELBASE.dll!IsDBCSLeadByte

  Block 9722: KERNELBASE.dll!IsDBCSLeadByte

  Block 9723: KERNELBASE.dll!IsDBCSLeadByte

  Block 9724: KERNELBASE.dll!IsDBCSLeadByte

  Block 9725: KERNELBASE.dll!IsDBCSLeadByte

  Block 9726: KERNELBASE.dll!IsDBCSLeadByte

  Block 9727: KERNELBASE.dll!IsDBCSLeadByte

  Block 9728: KERNELBASE.dll!IsDBCSLeadByte

  Block 9729: KERNELBASE.dll!IsDBCSLeadByte

  Block 9730: KERNELBASE.dll!IsDBCSLeadByte

  Block 9731: KERNELBASE.dll!IsDBCSLeadByte

  Block 9732: KERNELBASE.dll!IsDBCSLeadByte

  Block 9733: KERNELBASE.dll!IsDBCSLeadByte

  Block 9734: KERNELBASE.dll!IsDBCSLeadByte

  Block 9735: KERNELBASE.dll!IsDBCSLeadByte

  Block 9736: KERNELBASE.dll!IsDBCSLeadByte

  Block 9737: KERNELBASE.dll!IsDBCSLeadByte

  Block 9738: KERNELBASE.dll!IsDBCSLeadByte

  Block 9739: KERNELBASE.dll!IsDBCSLeadByte

  Block 9740: KERNELBASE.dll!IsDBCSLeadByte

  Block 9741: KERNELBASE.dll!IsDBCSLeadByte

  Block 9742: KERNELBASE.dll!IsDBCSLeadByte

  Block 9743: KERNELBASE.dll!IsDBCSLeadByte

  Block 9744: KERNELBASE.dll!IsDBCSLeadByte

  Block 9745: KERNELBASE.dll!IsDBCSLeadByte

  Block 9746: KERNELBASE.dll!IsDBCSLeadByte

  Block 9747: KERNELBASE.dll!IsDBCSLeadByte

  Block 9748: KERNELBASE.dll!IsDBCSLeadByte

  Block 9749: KERNELBASE.dll!IsDBCSLeadByte

  Block 9750: KERNELBASE.dll!IsDBCSLeadByte

  Block 9751: KERNELBASE.dll!IsDBCSLeadByte

  Block 9752: KERNELBASE.dll!IsDBCSLeadByte

  Block 9753: KERNELBASE.dll!IsDBCSLeadByte

  Block 9754: KERNELBASE.dll!IsDBCSLeadByte

  Block 9755: KERNELBASE.dll!IsDBCSLeadByte

  Block 9756: KERNELBASE.dll!IsDBCSLeadByte

  Block 9757: KERNELBASE.dll!IsDBCSLeadByte

  Block 9758: KERNELBASE.dll!IsDBCSLeadByte

  Block 9759: KERNELBASE.dll!IsDBCSLeadByte

  Block 9760: KERNELBASE.dll!IsDBCSLeadByte

  Block 9761: KERNELBASE.dll!IsDBCSLeadByte

  Block 9762: KERNELBASE.dll!IsDBCSLeadByte

  Block 9763: KERNELBASE.dll!IsDBCSLeadByte

  Block 9764: KERNELBASE.dll!IsDBCSLeadByte

  Block 9765: KERNELBASE.dll!IsDBCSLeadByte

  Block 9766: KERNELBASE.dll!IsDBCSLeadByte

  Block 9767: KERNELBASE.dll!IsDBCSLeadByte

  Block 9768: KERNELBASE.dll!IsDBCSLeadByte

  Block 9769: KERNELBASE.dll!IsDBCSLeadByte

  Block 9770: KERNELBASE.dll!IsDBCSLeadByte

  Block 9771: KERNELBASE.dll!IsDBCSLeadByte

  Block 9772: KERNELBASE.dll!IsDBCSLeadByte

  Block 9773: KERNELBASE.dll!IsDBCSLeadByte

  Block 9774: KERNELBASE.dll!IsDBCSLeadByte

  Block 9775: KERNELBASE.dll!IsDBCSLeadByte

  Block 9776: KERNELBASE.dll!IsDBCSLeadByte

  Block 9777: KERNELBASE.dll!IsDBCSLeadByte

  Block 9778: KERNELBASE.dll!IsDBCSLeadByte

  Block 9779: KERNELBASE.dll!IsDBCSLeadByte

  Block 9780: KERNELBASE.dll!IsDBCSLeadByte

  Block 9781: KERNELBASE.dll!IsDBCSLeadByte

  Block 9782: KERNELBASE.dll!IsDBCSLeadByte

  Block 9783: KERNELBASE.dll!IsDBCSLeadByte

  Block 9784: KERNELBASE.dll!IsDBCSLeadByte

  Block 9785: KERNELBASE.dll!IsDBCSLeadByte

  Block 9786: KERNELBASE.dll!IsDBCSLeadByte

  Block 9787: KERNELBASE.dll!IsDBCSLeadByte

  Block 9788: KERNELBASE.dll!IsDBCSLeadByte

  Block 9789: KERNELBASE.dll!IsDBCSLeadByte

  Block 9790: KERNELBASE.dll!IsDBCSLeadByte

  Block 9791: KERNELBASE.dll!IsDBCSLeadByte

  Block 9792: KERNELBASE.dll!IsDBCSLeadByte

  Block 9793: KERNELBASE.dll!IsDBCSLeadByte

  Block 9794: KERNELBASE.dll!IsDBCSLeadByte

  Block 9795: KERNELBASE.dll!IsDBCSLeadByte

  Block 9796: KERNELBASE.dll!IsDBCSLeadByte

  Block 9797: KERNELBASE.dll!IsDBCSLeadByte

  Block 9798: KERNELBASE.dll!IsDBCSLeadByte

  Block 9799: KERNELBASE.dll!IsDBCSLeadByte

  Block 9800: KERNELBASE.dll!IsDBCSLeadByte

  Block 9801: KERNELBASE.dll!IsDBCSLeadByte

  Block 9802: KERNELBASE.dll!IsDBCSLeadByte

  Block 9803: KERNELBASE.dll!IsDBCSLeadByte

  Block 9804: KERNELBASE.dll!IsDBCSLeadByte

  Block 9805: KERNELBASE.dll!IsDBCSLeadByte

  Block 9806: KERNELBASE.dll!IsDBCSLeadByte

  Block 9807: KERNELBASE.dll!IsDBCSLeadByte

  Block 9808: KERNELBASE.dll!IsDBCSLeadByte

  Block 9809: KERNELBASE.dll!IsDBCSLeadByte

  Block 9810: KERNELBASE.dll!IsDBCSLeadByte

  Block 9811: KERNELBASE.dll!IsDBCSLeadByte

  Block 9812: KERNELBASE.dll!IsDBCSLeadByte

  Block 9813: KERNELBASE.dll!IsDBCSLeadByte

  Block 9814: KERNELBASE.dll!IsDBCSLeadByte

  Block 9815: KERNELBASE.dll!IsDBCSLeadByte

  Block 9816: KERNELBASE.dll!IsDBCSLeadByte

  Block 9817: KERNELBASE.dll!IsDBCSLeadByte

  Block 9818: KERNELBASE.dll!IsDBCSLeadByte

  Block 9819: KERNELBASE.dll!IsDBCSLeadByte

  Block 9820: KERNELBASE.dll!IsDBCSLeadByte

  Block 9821: KERNELBASE.dll!IsDBCSLeadByte

  Block 9822: KERNELBASE.dll!IsDBCSLeadByte

  Block 9823: KERNELBASE.dll!IsDBCSLeadByte

  Block 9825: KERNEL32.dll!TlsAlloc

  Block 9826: KERNELBASE.dll!TlsAlloc

  Block 9827: ntdll.dll!RtlAcquirePebLock

  Block 9828: ntdll.dll!RtlEnterCriticalSection

  Block 9829: ntdll.dll!RtlFindClearBitsAndSet

  Block 9830: ntdll.dll!RtlSetBits

  Block 9831: ntdll.dll!RtlReleasePebLock

  Block 9832: ntdll.dll!RtlLeaveCriticalSection

  Block 9833: KERNELBASE.dll!InitializeCriticalSectionAndSpinCount

  Block 9835: KERNELBASE.dll!InitializeCriticalSectionAndSpinCount

  Block 9837: KERNELBASE.dll!InitializeCriticalSectionAndSpinCount

  Block 9841: KERNELBASE.dll!GetEnvironmentVariableA

  Block 9842: ntdll.dll!RtlInitAnsiStringEx

  Block 9843: ntdll.dll!RtlAnsiStringToUnicodeString

  Block 9844: ntdll.dll!RtlAllocateHeap

  Block 9845: ntdll.dll!RtlAllocateHeap

  Block 9846: ntdll.dll!RtlLeaveCriticalSection

  Block 9847: ntdll.dll!RtlQueryEnvironmentVariable_U

  Block 9848: ntdll.dll!RtlQueryEnvironmentVariable

  Block 9849: ntdll.dll!RtlEnterCriticalSection

  Block 9850: ntdll.dll!RtlLeaveCriticalSection

  Block 9851: ntdll.dll!RtlFreeUnicodeString

  Block 9852: ntdll.dll!RtlDeleteBoundaryDescriptor

  Block 9853: ntdll.dll!RtlFreeHeap

  Block 9854: ntdll.dll!RtlGetCurrentServiceSessionId

  Block 9855: ntdll.dll!RtlFreeHeap

  Block 9856: ntdll.dll!RtlTryEnterCriticalSection

  Block 9857: ntdll.dll!RtlNtStatusToDosError

  Block 9858: ntdll.dll!RtlSetLastWin32Error

  Block 9860: KERNELBASE.dll!GetEnvironmentVariableA

  Block 9861: ntdll.dll!RtlInitAnsiStringEx

  Block 9862: ntdll.dll!RtlAnsiStringToUnicodeString

  Block 9863: ntdll.dll!RtlAllocateHeap

  Block 9864: ntdll.dll!RtlAllocateHeap

  Block 9865: ntdll.dll!RtlLeaveCriticalSection

  Block 9866: ntdll.dll!RtlQueryEnvironmentVariable_U

  Block 9867: ntdll.dll!RtlQueryEnvironmentVariable

  Block 9868: ntdll.dll!RtlEnterCriticalSection

  Block 9869: ntdll.dll!RtlLeaveCriticalSection

  Block 9870: ntdll.dll!RtlFreeUnicodeString

  Block 9871: ntdll.dll!RtlDeleteBoundaryDescriptor

  Block 9872: ntdll.dll!RtlFreeHeap

  Block 9873: ntdll.dll!RtlGetCurrentServiceSessionId

  Block 9874: ntdll.dll!RtlFreeHeap

  Block 9875: ntdll.dll!RtlTryEnterCriticalSection

  Block 9876: ntdll.dll!RtlNtStatusToDosError

  Block 9877: ntdll.dll!RtlSetLastWin32Error

  Block 9878: KERNEL32.dll!GetCurrentProcess

  Block 9879: KERNELBASE.dll!GetCurrentProcess

  Block 9880: KERNELBASE.dll!IsWow64Process

  Block 9881: KERNELBASE.dll!IsWow64Process2

  Block 9882: ntdll.dll!RtlWow64GetProcessMachines

  Block 9884: KERNELBASE.dll!GetEnvironmentVariableA

  Block 9885: ntdll.dll!RtlInitAnsiStringEx

  Block 9886: ntdll.dll!RtlAnsiStringToUnicodeString

  Block 9887: ntdll.dll!RtlAllocateHeap

  Block 9888: ntdll.dll!RtlAllocateHeap

  Block 9889: ntdll.dll!RtlLeaveCriticalSection

  Block 9890: ntdll.dll!RtlQueryEnvironmentVariable_U

  Block 9891: ntdll.dll!RtlQueryEnvironmentVariable

  Block 9892: ntdll.dll!_wcsnicmp

  Block 9893: ntdll.dll!RtlEnterCriticalSection

  Block 9894: ntdll.dll!RtlLeaveCriticalSection

  Block 9895: ntdll.dll!RtlFreeUnicodeString

  Block 9896: ntdll.dll!RtlDeleteBoundaryDescriptor

  Block 9897: ntdll.dll!RtlFreeHeap

  Block 9898: ntdll.dll!RtlGetCurrentServiceSessionId

  Block 9899: ntdll.dll!RtlFreeHeap

  Block 9900: ntdll.dll!RtlTryEnterCriticalSection

  Block 9901: ntdll.dll!RtlNtStatusToDosError

  Block 9902: ntdll.dll!RtlSetLastWin32Error

  Block 9903: KERNELBASE.dll!InitializeCriticalSectionAndSpinCount

  Block 9905: KERNELBASE.dll!InitializeCriticalSectionAndSpinCount

  Block 9907: KERNELBASE.dll!InitializeCriticalSectionAndSpinCount

  Block 9910: KERNELBASE.dll!RegOpenKeyExA

  Block 9911: KERNELBASE.dll!RegOpenKeyExInternalA

  Block 9912: KERNELBASE.dll!MapPredefinedHandleInternal

  Block 9913: ntdll.dll!RtlGetCurrentTransaction

  Block 9914: ntdll.dll!RtlSetCurrentTransaction

  Block 9915: ntdll.dll!RtlAcquireSRWLockExclusive

  Block 9916: ntdll.dll!RtlReleaseSRWLockExclusive

  Block 9917: ntdll.dll!RtlSetCurrentTransaction

  Block 9918: ntdll.dll!RtlCreateUnicodeStringFromAsciiz

  Block 9919: ntdll.dll!RtlInitAnsiStringEx

  Block 9920: ntdll.dll!RtlAnsiStringToUnicodeString

  Block 9921: ntdll.dll!RtlAllocateHeap

  Block 9922: ntdll.dll!ZwQueryKey

  Block 9923: ntdll.dll!ZwOpenKeyEx

  Block 9924: KERNEL32.dll!TermsrvOpenRegEntry

  Block 9925: ntdll.dll!RtlNtStatusToDosError

  Block 9926: ntdll.dll!RtlFreeUnicodeString

  Block 9927: ntdll.dll!RtlDeleteBoundaryDescriptor

  Block 9928: ntdll.dll!RtlFreeHeap

  Block 9929: ntdll.dll!RtlGetCurrentServiceSessionId

  Block 9930: ntdll.dll!RtlAcquireSRWLockExclusive

  Block 9931: ntdll.dll!RtlReleaseSRWLockExclusive

  Block 9932: ntdll.dll!RtlGetCurrentServiceSessionId

  Block 9933: ntdll.dll!RtlDeactivateActivationContextUnsafeFast

  Block 9934: ntdll.dll!ZwSetInformationVirtualMemory

  Block 9935: ntdll.dll!RtlActivateActivationContextUnsafeFast

  Block 9936: ntdll.dll!RtlGetCurrentServiceSessionId

  Block 9937: ucrtbase.dll!_o__initialize_onexit_table

  Block 9938: KERNELBASE.dll!FlsSetValue

  Block 9939: ntdll.dll!RtlFlsSetValue

  Block 9940: ucrtbase.dll!_initialize_onexit_table

  Block 9941: KERNELBASE.dll!FlsSetValue

  Block 9942: ntdll.dll!RtlFlsSetValue

  Block 9943: ucrtbase.dll!_o__initialize_onexit_table

  Block 9944: KERNELBASE.dll!FlsSetValue

  Block 9945: ntdll.dll!RtlFlsSetValue

  Block 9946: ucrtbase.dll!_initialize_onexit_table

  Block 9947: KERNELBASE.dll!FlsSetValue

  Block 9948: ntdll.dll!RtlFlsSetValue

  Block 9949: ntdll.dll!RtlInitializeSListHead

  Block 9952: ucrtbase.dll!_o__register_onexit_function

  Block 9953: KERNELBASE.dll!FlsSetValue

  Block 9954: ntdll.dll!RtlFlsSetValue

  Block 9955: ucrtbase.dll!_register_onexit_function

  Block 9956: KERNELBASE.dll!GetLastError

  Block 9957: KERNELBASE.dll!FlsGetValue

  Block 9958: ntdll.dll!RtlFlsGetValue

  Block 9959: ntdll.dll!RtlSetLastWin32Error

  Block 9960: ntdll.dll!RtlEnterCriticalSection

  Block 9961: ucrtbase.dll!_realloc_base

  Block 9962: ucrtbase.dll!_malloc_base

  Block 9963: ntdll.dll!RtlAllocateHeap

  Block 9964: ucrtbase.dll!memset

  Block 9965: ucrtbase.dll!_free_base

  Block 9966: ntdll.dll!RtlLeaveCriticalSection

  Block 9967: KERNELBASE.dll!FlsSetValue

  Block 9968: ntdll.dll!RtlFlsSetValue

  Block 9969: ucrtbase.dll!_o__register_onexit_function

  Block 9970: KERNELBASE.dll!FlsSetValue

  Block 9971: ntdll.dll!RtlFlsSetValue

  Block 9972: ucrtbase.dll!_register_onexit_function

  Block 9973: KERNELBASE.dll!GetLastError

  Block 9974: KERNELBASE.dll!FlsGetValue

  Block 9975: ntdll.dll!RtlFlsGetValue

  Block 9976: ntdll.dll!RtlSetLastWin32Error

  Block 9977: ntdll.dll!RtlEnterCriticalSection

  Block 9978: ntdll.dll!RtlLeaveCriticalSection

  Block 9979: KERNELBASE.dll!FlsSetValue

  Block 9980: ntdll.dll!RtlFlsSetValue

  Block 9981: KERNELBASE.dll!InitializeCriticalSectionEx

  Block 9983: KERNELBASE.dll!InitializeCriticalSectionEx

  Block 9985: ucrtbase.dll!_o__register_onexit_function

  Block 9986: KERNELBASE.dll!FlsSetValue

  Block 9987: ntdll.dll!RtlFlsSetValue

  Block 9988: ucrtbase.dll!_register_onexit_function

  Block 9989: KERNELBASE.dll!GetLastError

  Block 9990: KERNELBASE.dll!FlsGetValue

  Block 9991: ntdll.dll!RtlFlsGetValue

  Block 9992: ntdll.dll!RtlSetLastWin32Error

  Block 9993: ntdll.dll!RtlEnterCriticalSection

  Block 9994: ntdll.dll!RtlLeaveCriticalSection

  Block 9995: KERNELBASE.dll!FlsSetValue

  Block 9996: ntdll.dll!RtlFlsSetValue

  Block 9997: ucrtbase.dll!_o__register_onexit_function

  Block 9998: KERNELBASE.dll!FlsSetValue

  Block 9999: ntdll.dll!RtlFlsSetValue

  Block 10000: ucrtbase.dll!_register_onexit_function

  Block 10001: KERNELBASE.dll!GetLastError

  Block 10002: KERNELBASE.dll!FlsGetValue

  Block 10003: ntdll.dll!RtlFlsGetValue

  Block 10004: ntdll.dll!RtlSetLastWin32Error

  Block 10005: ntdll.dll!RtlEnterCriticalSection

  Block 10006: ntdll.dll!RtlLeaveCriticalSection

  Block 10007: KERNELBASE.dll!FlsSetValue

  Block 10008: ntdll.dll!RtlFlsSetValue

  Block 10009: ucrtbase.dll!_o__register_onexit_function

  Block 10010: KERNELBASE.dll!FlsSetValue

  Block 10011: ntdll.dll!RtlFlsSetValue

  Block 10012: ucrtbase.dll!_register_onexit_function

  Block 10013: KERNELBASE.dll!GetLastError

  Block 10014: KERNELBASE.dll!FlsGetValue

  Block 10015: ntdll.dll!RtlFlsGetValue

  Block 10016: ntdll.dll!RtlSetLastWin32Error

  Block 10017: ntdll.dll!RtlEnterCriticalSection

  Block 10018: ntdll.dll!RtlLeaveCriticalSection

  Block 10019: KERNELBASE.dll!FlsSetValue

  Block 10020: ntdll.dll!RtlFlsSetValue

  Block 10021: ntdll.dll!EtwEventRegister

  Block 10022: ntdll.dll!EtwNotificationRegister

  Block 10023: ntdll.dll!RtlInterlockedPopEntrySList

  Block 10024: ntdll.dll!ExpInterlockedPopEntrySListResume

  Block 10025: ntdll.dll!RtlAllocateHeap

  Block 10026: ntdll.dll!memset

  Block 10027: ntdll.dll!RtlAcquireSRWLockExclusive

  Block 10028: ntdll.dll!memset

  Block 10030: ntdll.dll!ZwTraceControl

  Block 10031: ntdll.dll!RtlAcquireSRWLockExclusive

  Block 10032: ntdll.dll!memcmp

  Block 10033: ntdll.dll!memcmp

  Block 10034: ntdll.dll!memcmp

  Block 10035: ntdll.dll!memcmp

  Block 10036: ntdll.dll!memcmp

  Block 10037: ntdll.dll!RtlRbInsertNodeEx

  Block 10038: ntdll.dll!RtlReleaseSRWLockExclusive

  Block 10039: ntdll.dll!RtlAcquireSRWLockExclusive

  Block 10040: ntdll.dll!RtlReleaseSRWLockExclusive

  Block 10041: ntdll.dll!RtlReleaseSRWLockExclusive

  Block 10043: KERNELBASE.dll!InitializeCriticalSectionAndSpinCount

  Block 10044: ntdll.dll!RtlInitializeCriticalSectionAndSpinCount

  Block 10045: ntdll.dll!EtwEventRegister

  Block 10046: ntdll.dll!EtwNotificationRegister

  Block 10047: ntdll.dll!RtlInterlockedPopEntrySList

  Block 10048: ntdll.dll!ExpInterlockedPopEntrySListResume

  Block 10049: ntdll.dll!RtlAllocateHeap

  Block 10050: ntdll.dll!memset

  Block 10051: ntdll.dll!RtlAcquireSRWLockExclusive

  Block 10052: ntdll.dll!memset

  Block 10054: ntdll.dll!ZwTraceControl

  Block 10055: ntdll.dll!RtlAcquireSRWLockExclusive

  Block 10056: ntdll.dll!memcmp

  Block 10057: ntdll.dll!memcmp

  Block 10058: ntdll.dll!memcmp

  Block 10059: ntdll.dll!memcmp

  Block 10060: ntdll.dll!memcmp

  Block 10061: ntdll.dll!memcmp

  Block 10062: ntdll.dll!RtlRbInsertNodeEx

  Block 10063: ntdll.dll!RtlReleaseSRWLockExclusive

  Block 10064: ntdll.dll!RtlAcquireSRWLockExclusive

  Block 10065: ntdll.dll!RtlReleaseSRWLockExclusive

  Block 10066: ntdll.dll!RtlReleaseSRWLockExclusive

  Block 10067: KERNELBASE.dll!GetModuleHandleExW

  Block 10068: ntdll.dll!RtlInitUnicodeString

  Block 10070: ntdll.dll!LdrGetDllHandleEx

  Block 10071: ntdll.dll!memset

  Block 10072: ntdll.dll!RtlCompareUnicodeStrings

  Block 10073: ntdll.dll!RtlGetNtSystemRoot

  Block 10074: ntdll.dll!RtlGetCurrentServiceSessionId

  Block 10075: ntdll.dll!RtlInitUnicodeString

  Block 10076: ntdll.dll!memmove

  Block 10077: ntdll.dll!memmove

  Block 10078: ntdll.dll!memmove

  Block 10079: ntdll.dll!RtlAcquireSRWLockExclusive

  Block 10080: ntdll.dll!RtlEqualUnicodeString

  Block 10081: ntdll.dll!RtlReleaseSRWLockExclusive

  Block 10082: ntdll.dll!RtlGetCurrentServiceSessionId

  Block 10083: ntdll.dll!LdrAddRefDll

  Block 10084: ntdll.dll!RtlAcquireSRWLockExclusive

  Block 10085: ntdll.dll!RtlReleaseSRWLockExclusive

  Block 10086: ntdll.dll!RtlAcquireSRWLockExclusive

  Block 10087: ntdll.dll!RtlReleaseSRWLockExclusive

  Block 10088: KERNELBASE.dll!GetProcAddress

  Block 10089: ntdll.dll!RtlInitString

  Block 10090: ntdll.dll!LdrGetProcedureAddressForCaller

  Block 10091: ntdll.dll!RtlEnterCriticalSection

  Block 10092: ntdll.dll!RtlLeaveCriticalSection

  Block 10093: ntdll.dll!RtlAcquireSRWLockExclusive

  Block 10094: ntdll.dll!RtlReleaseSRWLockExclusive

  Block 10095: ntdll.dll!RtlAcquireSRWLockExclusive

  Block 10096: ntdll.dll!RtlReleaseSRWLockExclusive

  Block 10097: ntdll.dll!memset

  Block 10098: ntdll.dll!RtlImageNtHeaderEx

  Block 10099: ntdll.dll!strrchr

  Block 10100: ntdll.dll!RtlxOemStringToUnicodeSize

  Block 10101: ntdll.dll!RtlMultiByteToUnicodeSize

  Block 10102: ntdll.dll!RtlAnsiStringToUnicodeString

  Block 10103: ntdll.dll!RtlActivateActivationContextUnsafeFast

  Block 10104: ntdll.dll!RtlDosApplyFileIsolationRedirection_Ustr

  Block 10105: ntdll.dll!RtlFindCharInUnicodeString

  Block 10106: ntdll.dll!RtlMultiAppendUnicodeStringBuffer

  Block 10107: ntdll.dll!memmove

  Block 10110: ntdll.dll!RtlFindActivationContextSectionString

  Block 10111: ntdll.dll!bsearch

  Block 10112: ntdll.dll!RtlHashUnicodeString

  Block 10113: ntdll.dll!bsearch

  Block 10114: ntdll.dll!bsearch

  Block 10117: ntdll.dll!memmove

  Block 10119: ntdll.dll!RtlAcquireSRWLockExclusive

  Block 10120: ntdll.dll!RtlEqualUnicodeString

  Block 10121: ntdll.dll!RtlReleaseSRWLockExclusive

  Block 10122: ntdll.dll!RtlGetCurrentServiceSessionId

  Block 10123: ntdll.dll!RtlAcquireSRWLockExclusive

  Block 10124: ntdll.dll!RtlReleaseSRWLockExclusive

  Block 10125: ntdll.dll!RtlAcquireSRWLockExclusive

  Block 10126: ntdll.dll!RtlReleaseSRWLockExclusive

  Block 10127: ntdll.dll!RtlDeactivateActivationContextUnsafeFast

  Block 10128: ntdll.dll!RtlImageNtHeaderEx

  Block 10129: ntdll.dll!LdrControlFlowGuardEnforced

  Block 10130: ntdll.dll!LdrControlFlowGuardEnforced

  Block 10131: ntdll.dll!EtwEventSetInformation

  Block 10132: ntdll.dll!RtlAcquireSRWLockExclusive

  Block 10133: ntdll.dll!memset

  Block 10134: ntdll.dll!ZwTraceControl

  Block 10135: ntdll.dll!RtlReleaseSRWLockExclusive

  Block 10136: KERNELBASE.dll!FreeLibrary

  Block 10137: ntdll.dll!LdrUnloadDll

  Block 10138: ntdll.dll!RtlAcquireSRWLockExclusive

  Block 10139: ntdll.dll!RtlReleaseSRWLockExclusive

  Block 10140: ntdll.dll!RtlAcquireSRWLockExclusive

  Block 10141: ntdll.dll!RtlReleaseSRWLockExclusive

  Block 10143: ntdll.dll!RtlDeactivateActivationContextUnsafeFast

  Block 10144: ntdll.dll!ZwSetInformationVirtualMemory

  Block 10145: ntdll.dll!RtlActivateActivationContextUnsafeFast

  Block 10146: ntdll.dll!RtlAcquireSRWLockShared

  Block 10147: ntdll.dll!RtlReleaseSRWLockShared

  Block 10148: ntdll.dll!RtlGetCurrentServiceSessionId

  Block 10149: ucrtbase.dll!_o__initialize_onexit_table

  Block 10150: KERNELBASE.dll!FlsSetValue

  Block 10151: ntdll.dll!RtlFlsSetValue

  Block 10152: ucrtbase.dll!_initialize_onexit_table

  Block 10153: KERNELBASE.dll!FlsSetValue

  Block 10154: ntdll.dll!RtlFlsSetValue

  Block 10155: ucrtbase.dll!_o__initialize_onexit_table

  Block 10156: KERNELBASE.dll!FlsSetValue

  Block 10157: ntdll.dll!RtlFlsSetValue

  Block 10158: ucrtbase.dll!_initialize_onexit_table

  Block 10159: KERNELBASE.dll!FlsSetValue

  Block 10160: ntdll.dll!RtlFlsSetValue

  Block 10161: ntdll.dll!RtlInitializeSListHead

  Block 10163: KERNELBASE.dll!InitializeCriticalSectionAndSpinCount

  Block 10165: KERNELBASE.dll!GetModuleHandleW

  Block 10166: ntdll.dll!RtlInitUnicodeString

  Block 10168: ntdll.dll!LdrGetDllHandleEx

  Block 10169: ntdll.dll!memset

  Block 10170: ntdll.dll!RtlCompareUnicodeStrings

  Block 10171: ntdll.dll!RtlGetNtSystemRoot

  Block 10172: ntdll.dll!RtlGetCurrentServiceSessionId

  Block 10173: ntdll.dll!RtlInitUnicodeString

  Block 10174: ntdll.dll!memmove

  Block 10175: ntdll.dll!memmove

  Block 10176: ntdll.dll!memmove

  Block 10177: ntdll.dll!RtlAcquireSRWLockExclusive

  Block 10178: ntdll.dll!RtlEqualUnicodeString

  Block 10179: ntdll.dll!RtlReleaseSRWLockExclusive

  Block 10180: ntdll.dll!RtlGetCurrentServiceSessionId

  Block 10181: KERNELBASE.dll!GetProcAddress

  Block 10182: ntdll.dll!RtlInitString

  Block 10183: ntdll.dll!LdrGetProcedureAddressForCaller

  Block 10184: ntdll.dll!RtlEnterCriticalSection

  Block 10185: ntdll.dll!RtlLeaveCriticalSection

  Block 10186: ntdll.dll!RtlAcquireSRWLockExclusive

  Block 10187: ntdll.dll!RtlReleaseSRWLockExclusive

  Block 10188: ntdll.dll!RtlAcquireSRWLockExclusive

  Block 10189: ntdll.dll!RtlReleaseSRWLockExclusive

  Block 10190: ntdll.dll!memset

  Block 10191: ntdll.dll!RtlImageNtHeaderEx

  Block 10192: ntdll.dll!strrchr

  Block 10193: ntdll.dll!RtlxOemStringToUnicodeSize

  Block 10194: ntdll.dll!RtlMultiByteToUnicodeSize

  Block 10195: ntdll.dll!RtlAnsiStringToUnicodeString

  Block 10196: ntdll.dll!RtlActivateActivationContextUnsafeFast

  Block 10197: ntdll.dll!RtlDosApplyFileIsolationRedirection_Ustr

  Block 10198: ntdll.dll!RtlFindCharInUnicodeString

  Block 10199: ntdll.dll!RtlMultiAppendUnicodeStringBuffer

  Block 10200: ntdll.dll!memmove

  Block 10203: ntdll.dll!RtlFindActivationContextSectionString

  Block 10204: ntdll.dll!bsearch

  Block 10205: ntdll.dll!RtlHashUnicodeString

  Block 10206: ntdll.dll!bsearch

  Block 10207: ntdll.dll!bsearch

  Block 10209: ntdll.dll!memset

  Block 10210: ntdll.dll!memmove

  Block 10212: ntdll.dll!RtlAcquireSRWLockExclusive

  Block 10213: ntdll.dll!RtlEqualUnicodeString

  Block 10214: ntdll.dll!RtlReleaseSRWLockExclusive

  Block 10215: ntdll.dll!RtlGetCurrentServiceSessionId

  Block 10216: ntdll.dll!RtlAcquireSRWLockExclusive

  Block 10217: ntdll.dll!RtlReleaseSRWLockExclusive

  Block 10218: ntdll.dll!RtlAcquireSRWLockExclusive

  Block 10219: ntdll.dll!RtlReleaseSRWLockExclusive

  Block 10220: ntdll.dll!RtlDeactivateActivationContextUnsafeFast

  Block 10221: ntdll.dll!RtlImageNtHeaderEx

  Block 10222: ntdll.dll!LdrControlFlowGuardEnforced

  Block 10223: ntdll.dll!LdrControlFlowGuardEnforced

  Block 10224: KERNELBASE.dll!GetProcAddress

  Block 10225: ntdll.dll!RtlInitString

  Block 10226: ntdll.dll!LdrGetProcedureAddressForCaller

  Block 10227: ntdll.dll!RtlEnterCriticalSection

  Block 10228: ntdll.dll!RtlLeaveCriticalSection

  Block 10229: ntdll.dll!RtlAcquireSRWLockExclusive

  Block 10230: ntdll.dll!RtlReleaseSRWLockExclusive

  Block 10231: ntdll.dll!RtlAcquireSRWLockExclusive

  Block 10232: ntdll.dll!RtlReleaseSRWLockExclusive

  Block 10233: ntdll.dll!memset

  Block 10234: ntdll.dll!RtlImageNtHeaderEx

  Block 10235: ntdll.dll!LdrControlFlowGuardEnforced

  Block 10236: ntdll.dll!LdrControlFlowGuardEnforced

  Block 10237: KERNELBASE.dll!GetProcAddress

  Block 10238: ntdll.dll!RtlInitString

  Block 10239: ntdll.dll!LdrGetProcedureAddressForCaller

  Block 10240: ntdll.dll!RtlEnterCriticalSection

  Block 10241: ntdll.dll!RtlLeaveCriticalSection

  Block 10242: ntdll.dll!RtlAcquireSRWLockExclusive

  Block 10243: ntdll.dll!RtlReleaseSRWLockExclusive

  Block 10244: ntdll.dll!RtlAcquireSRWLockExclusive

  Block 10245: ntdll.dll!RtlReleaseSRWLockExclusive

  Block 10246: ntdll.dll!memset

  Block 10247: ntdll.dll!RtlImageNtHeaderEx

  Block 10248: ntdll.dll!strrchr

  Block 10249: ntdll.dll!RtlxOemStringToUnicodeSize

  Block 10250: ntdll.dll!RtlMultiByteToUnicodeSize

  Block 10251: ntdll.dll!RtlAnsiStringToUnicodeString

  Block 10252: ntdll.dll!RtlActivateActivationContextUnsafeFast

  Block 10253: ntdll.dll!RtlDosApplyFileIsolationRedirection_Ustr

  Block 10254: ntdll.dll!RtlFindCharInUnicodeString

  Block 10255: ntdll.dll!RtlMultiAppendUnicodeStringBuffer

  Block 10256: ntdll.dll!memmove

  Block 10259: ntdll.dll!RtlFindActivationContextSectionString

  Block 10260: ntdll.dll!bsearch

  Block 10261: ntdll.dll!RtlHashUnicodeString

  Block 10262: ntdll.dll!bsearch

  Block 10263: ntdll.dll!bsearch

  Block 10265: ntdll.dll!memset

  Block 10266: ntdll.dll!memmove

  Block 10268: ntdll.dll!RtlAcquireSRWLockExclusive

  Block 10269: ntdll.dll!RtlEqualUnicodeString

  Block 10270: ntdll.dll!RtlReleaseSRWLockExclusive

  Block 10271: ntdll.dll!RtlGetCurrentServiceSessionId

  Block 10272: ntdll.dll!RtlAcquireSRWLockExclusive

  Block 10273: ntdll.dll!RtlReleaseSRWLockExclusive

  Block 10274: ntdll.dll!RtlAcquireSRWLockExclusive

  Block 10275: ntdll.dll!RtlReleaseSRWLockExclusive

  Block 10276: ntdll.dll!RtlDeactivateActivationContextUnsafeFast

  Block 10277: ntdll.dll!RtlImageNtHeaderEx

  Block 10278: ntdll.dll!LdrControlFlowGuardEnforced

  Block 10279: ntdll.dll!LdrControlFlowGuardEnforced

  Block 10280: ntdll.dll!RtlRunOnceInitialize

  Block 10281: ucrtbase.dll!_o__register_onexit_function

  Block 10282: KERNELBASE.dll!FlsSetValue

  Block 10283: ntdll.dll!RtlFlsSetValue

  Block 10284: ucrtbase.dll!_register_onexit_function

  Block 10285: KERNELBASE.dll!GetLastError

  Block 10286: KERNELBASE.dll!FlsGetValue

  Block 10287: ntdll.dll!RtlFlsGetValue

  Block 10288: ntdll.dll!RtlSetLastWin32Error

  Block 10289: ntdll.dll!RtlEnterCriticalSection

  Block 10290: ucrtbase.dll!_realloc_base

  Block 10291: ucrtbase.dll!_malloc_base

  Block 10292: ntdll.dll!RtlAllocateHeap

  Block 10293: ucrtbase.dll!memset

  Block 10294: ucrtbase.dll!_free_base

  Block 10295: ntdll.dll!RtlLeaveCriticalSection

  Block 10296: KERNELBASE.dll!FlsSetValue

  Block 10297: ntdll.dll!RtlFlsSetValue

  Block 10300: ucrtbase.dll!_o__register_onexit_function

  Block 10301: KERNELBASE.dll!FlsSetValue

  Block 10302: ntdll.dll!RtlFlsSetValue

  Block 10303: ucrtbase.dll!_register_onexit_function

  Block 10304: KERNELBASE.dll!GetLastError

  Block 10305: KERNELBASE.dll!FlsGetValue

  Block 10306: ntdll.dll!RtlFlsGetValue

  Block 10307: ntdll.dll!RtlSetLastWin32Error

  Block 10308: ntdll.dll!RtlEnterCriticalSection

  Block 10309: ntdll.dll!RtlLeaveCriticalSection

  Block 10310: KERNELBASE.dll!FlsSetValue

  Block 10311: ntdll.dll!RtlFlsSetValue

  Block 10313: ucrtbase.dll!_o__register_onexit_function

  Block 10314: KERNELBASE.dll!FlsSetValue

  Block 10315: ntdll.dll!RtlFlsSetValue

  Block 10316: ucrtbase.dll!_register_onexit_function

  Block 10317: KERNELBASE.dll!GetLastError

  Block 10318: KERNELBASE.dll!FlsGetValue

  Block 10319: ntdll.dll!RtlFlsGetValue

  Block 10320: ntdll.dll!RtlSetLastWin32Error

  Block 10321: ntdll.dll!RtlEnterCriticalSection

  Block 10322: ntdll.dll!RtlLeaveCriticalSection

  Block 10323: KERNELBASE.dll!FlsSetValue

  Block 10324: ntdll.dll!RtlFlsSetValue

  Block 10326: ucrtbase.dll!_o__register_onexit_function

  Block 10327: KERNELBASE.dll!FlsSetValue

  Block 10328: ntdll.dll!RtlFlsSetValue

  Block 10329: ucrtbase.dll!_register_onexit_function

  Block 10330: KERNELBASE.dll!GetLastError

  Block 10331: KERNELBASE.dll!FlsGetValue

  Block 10332: ntdll.dll!RtlFlsGetValue

  Block 10333: ntdll.dll!RtlSetLastWin32Error

  Block 10334: ntdll.dll!RtlEnterCriticalSection

  Block 10335: ntdll.dll!RtlLeaveCriticalSection

  Block 10336: KERNELBASE.dll!FlsSetValue

  Block 10337: ntdll.dll!RtlFlsSetValue

  Block 10338: ucrtbase.dll!_o__register_onexit_function

  Block 10339: KERNELBASE.dll!FlsSetValue

  Block 10340: ntdll.dll!RtlFlsSetValue

  Block 10341: ucrtbase.dll!_register_onexit_function

  Block 10342: KERNELBASE.dll!GetLastError

  Block 10343: KERNELBASE.dll!FlsGetValue

  Block 10344: ntdll.dll!RtlFlsGetValue

  Block 10345: ntdll.dll!RtlSetLastWin32Error

  Block 10346: ntdll.dll!RtlEnterCriticalSection

  Block 10347: ntdll.dll!RtlLeaveCriticalSection

  Block 10348: KERNELBASE.dll!FlsSetValue

  Block 10349: ntdll.dll!RtlFlsSetValue

  Block 10350: ucrtbase.dll!_o__register_onexit_function

  Block 10351: KERNELBASE.dll!FlsSetValue

  Block 10352: ntdll.dll!RtlFlsSetValue

  Block 10353: ucrtbase.dll!_register_onexit_function

  Block 10354: KERNELBASE.dll!GetLastError

  Block 10355: KERNELBASE.dll!FlsGetValue

  Block 10356: ntdll.dll!RtlFlsGetValue

  Block 10357: ntdll.dll!RtlSetLastWin32Error

  Block 10358: ntdll.dll!RtlEnterCriticalSection

  Block 10359: ntdll.dll!RtlLeaveCriticalSection

  Block 10360: KERNELBASE.dll!FlsSetValue

  Block 10361: ntdll.dll!RtlFlsSetValue

  Block 10362: ucrtbase.dll!_o__register_onexit_function

  Block 10363: KERNELBASE.dll!FlsSetValue

  Block 10364: ntdll.dll!RtlFlsSetValue

  Block 10365: ucrtbase.dll!_register_onexit_function

  Block 10366: KERNELBASE.dll!GetLastError

  Block 10367: KERNELBASE.dll!FlsGetValue

  Block 10368: ntdll.dll!RtlFlsGetValue

  Block 10369: ntdll.dll!RtlSetLastWin32Error

  Block 10370: ntdll.dll!RtlEnterCriticalSection

  Block 10371: ntdll.dll!RtlLeaveCriticalSection

  Block 10372: KERNELBASE.dll!FlsSetValue

  Block 10373: ntdll.dll!RtlFlsSetValue

  Block 10374: ucrtbase.dll!_o__register_onexit_function

  Block 10375: KERNELBASE.dll!FlsSetValue

  Block 10376: ntdll.dll!RtlFlsSetValue

  Block 10377: ucrtbase.dll!_register_onexit_function

  Block 10378: KERNELBASE.dll!GetLastError

  Block 10379: KERNELBASE.dll!FlsGetValue

  Block 10380: ntdll.dll!RtlFlsGetValue

  Block 10381: ntdll.dll!RtlSetLastWin32Error

  Block 10382: ntdll.dll!RtlEnterCriticalSection

  Block 10383: ntdll.dll!RtlLeaveCriticalSection

  Block 10384: KERNELBASE.dll!FlsSetValue

  Block 10385: ntdll.dll!RtlFlsSetValue

  Block 10386: ucrtbase.dll!_o__register_onexit_function

  Block 10387: KERNELBASE.dll!FlsSetValue

  Block 10388: ntdll.dll!RtlFlsSetValue

  Block 10389: ucrtbase.dll!_register_onexit_function

  Block 10390: KERNELBASE.dll!GetLastError

  Block 10391: KERNELBASE.dll!FlsGetValue

  Block 10392: ntdll.dll!RtlFlsGetValue

  Block 10393: ntdll.dll!RtlSetLastWin32Error

  Block 10394: ntdll.dll!RtlEnterCriticalSection

  Block 10395: ntdll.dll!RtlLeaveCriticalSection

  Block 10396: KERNELBASE.dll!FlsSetValue

  Block 10397: ntdll.dll!RtlFlsSetValue

  Block 10399: ucrtbase.dll!_o__register_onexit_function

  Block 10400: KERNELBASE.dll!FlsSetValue

  Block 10401: ntdll.dll!RtlFlsSetValue

  Block 10402: ucrtbase.dll!_register_onexit_function

  Block 10403: KERNELBASE.dll!GetLastError

  Block 10404: KERNELBASE.dll!FlsGetValue

  Block 10405: ntdll.dll!RtlFlsGetValue

  Block 10406: ntdll.dll!RtlSetLastWin32Error

  Block 10407: ntdll.dll!RtlEnterCriticalSection

  Block 10408: ntdll.dll!RtlLeaveCriticalSection

  Block 10409: KERNELBASE.dll!FlsSetValue

  Block 10410: ntdll.dll!RtlFlsSetValue

  Block 10411: ucrtbase.dll!_o__register_onexit_function

  Block 10412: KERNELBASE.dll!FlsSetValue

  Block 10413: ntdll.dll!RtlFlsSetValue

  Block 10414: ucrtbase.dll!_register_onexit_function

  Block 10415: KERNELBASE.dll!GetLastError

  Block 10416: KERNELBASE.dll!FlsGetValue

  Block 10417: ntdll.dll!RtlFlsGetValue

  Block 10418: ntdll.dll!RtlSetLastWin32Error

  Block 10419: ntdll.dll!RtlEnterCriticalSection

  Block 10420: ntdll.dll!RtlLeaveCriticalSection

  Block 10421: KERNELBASE.dll!FlsSetValue

  Block 10422: ntdll.dll!RtlFlsSetValue

  Block 10423: ucrtbase.dll!_o__register_onexit_function

  Block 10424: KERNELBASE.dll!FlsSetValue

  Block 10425: ntdll.dll!RtlFlsSetValue

  Block 10426: ucrtbase.dll!_register_onexit_function

  Block 10427: KERNELBASE.dll!GetLastError

  Block 10428: KERNELBASE.dll!FlsGetValue

  Block 10429: ntdll.dll!RtlFlsGetValue

  Block 10430: ntdll.dll!RtlSetLastWin32Error

  Block 10431: ntdll.dll!RtlEnterCriticalSection

  Block 10432: ntdll.dll!RtlLeaveCriticalSection

  Block 10433: KERNELBASE.dll!FlsSetValue

  Block 10434: ntdll.dll!RtlFlsSetValue

  Block 10435: KERNELBASE.dll!InitOnceExecuteOnce

  Block 10436: ntdll.dll!RtlRunOnceExecuteOnce

  Block 10437: ntdll.dll!RtlRunOnceComplete

  Block 10438: ucrtbase.dll!_o__register_onexit_function

  Block 10439: KERNELBASE.dll!FlsSetValue

  Block 10440: ntdll.dll!RtlFlsSetValue

  Block 10441: ucrtbase.dll!_register_onexit_function

  Block 10442: KERNELBASE.dll!GetLastError

  Block 10443: KERNELBASE.dll!FlsGetValue

  Block 10444: ntdll.dll!RtlFlsGetValue

  Block 10445: ntdll.dll!RtlSetLastWin32Error

  Block 10446: ntdll.dll!RtlEnterCriticalSection

  Block 10447: ntdll.dll!RtlLeaveCriticalSection

  Block 10448: KERNELBASE.dll!FlsSetValue

  Block 10449: ntdll.dll!RtlFlsSetValue

  Block 10450: KERNELBASE.dll!InitializeCriticalSectionEx

  Block 10452: KERNELBASE.dll!InitializeCriticalSectionEx

  Block 10454: ucrtbase.dll!_o__register_onexit_function

  Block 10455: KERNELBASE.dll!FlsSetValue

  Block 10456: ntdll.dll!RtlFlsSetValue

  Block 10457: ucrtbase.dll!_register_onexit_function

  Block 10458: KERNELBASE.dll!GetLastError

  Block 10459: KERNELBASE.dll!FlsGetValue

  Block 10460: ntdll.dll!RtlFlsGetValue

  Block 10461: ntdll.dll!RtlSetLastWin32Error

  Block 10462: ntdll.dll!RtlEnterCriticalSection

  Block 10463: ntdll.dll!RtlLeaveCriticalSection

  Block 10464: KERNELBASE.dll!FlsSetValue

  Block 10465: ntdll.dll!RtlFlsSetValue

  Block 10466: ucrtbase.dll!_o__register_onexit_function

  Block 10467: KERNELBASE.dll!FlsSetValue

  Block 10468: ntdll.dll!RtlFlsSetValue

  Block 10469: ucrtbase.dll!_register_onexit_function

  Block 10470: KERNELBASE.dll!GetLastError

  Block 10471: KERNELBASE.dll!FlsGetValue

  Block 10472: ntdll.dll!RtlFlsGetValue

  Block 10473: ntdll.dll!RtlSetLastWin32Error

  Block 10474: ntdll.dll!RtlEnterCriticalSection

  Block 10475: ntdll.dll!RtlLeaveCriticalSection

  Block 10476: KERNELBASE.dll!FlsSetValue

  Block 10477: ntdll.dll!RtlFlsSetValue

  Block 10478: ucrtbase.dll!_o__register_onexit_function

  Block 10479: KERNELBASE.dll!FlsSetValue

  Block 10480: ntdll.dll!RtlFlsSetValue

  Block 10481: ucrtbase.dll!_register_onexit_function

  Block 10482: KERNELBASE.dll!GetLastError

  Block 10483: KERNELBASE.dll!FlsGetValue

  Block 10484: ntdll.dll!RtlFlsGetValue

  Block 10485: ntdll.dll!RtlSetLastWin32Error

  Block 10486: ntdll.dll!RtlEnterCriticalSection

  Block 10487: ntdll.dll!RtlLeaveCriticalSection

  Block 10488: KERNELBASE.dll!FlsSetValue

  Block 10489: ntdll.dll!RtlFlsSetValue

  Block 10490: ucrtbase.dll!_o__register_onexit_function

  Block 10491: KERNELBASE.dll!FlsSetValue

  Block 10492: ntdll.dll!RtlFlsSetValue

  Block 10493: ucrtbase.dll!_register_onexit_function

  Block 10494: KERNELBASE.dll!GetLastError

  Block 10495: KERNELBASE.dll!FlsGetValue

  Block 10496: ntdll.dll!RtlFlsGetValue

  Block 10497: ntdll.dll!RtlSetLastWin32Error

  Block 10498: ntdll.dll!RtlEnterCriticalSection

  Block 10499: ntdll.dll!RtlLeaveCriticalSection

  Block 10500: KERNELBASE.dll!FlsSetValue

  Block 10501: ntdll.dll!RtlFlsSetValue

  Block 10502: ucrtbase.dll!_o__register_onexit_function

  Block 10503: KERNELBASE.dll!FlsSetValue

  Block 10504: ntdll.dll!RtlFlsSetValue

  Block 10505: ucrtbase.dll!_register_onexit_function

  Block 10506: KERNELBASE.dll!GetLastError

  Block 10507: KERNELBASE.dll!FlsGetValue

  Block 10508: ntdll.dll!RtlFlsGetValue

  Block 10509: ntdll.dll!RtlSetLastWin32Error

  Block 10510: ntdll.dll!RtlEnterCriticalSection

  Block 10511: ntdll.dll!RtlLeaveCriticalSection

  Block 10512: KERNELBASE.dll!FlsSetValue

  Block 10513: ntdll.dll!RtlFlsSetValue

  Block 10514: ucrtbase.dll!_o__register_onexit_function

  Block 10515: KERNELBASE.dll!FlsSetValue

  Block 10516: ntdll.dll!RtlFlsSetValue

  Block 10517: ucrtbase.dll!_register_onexit_function

  Block 10518: KERNELBASE.dll!GetLastError

  Block 10519: KERNELBASE.dll!FlsGetValue

  Block 10520: ntdll.dll!RtlFlsGetValue

  Block 10521: ntdll.dll!RtlSetLastWin32Error

  Block 10522: ntdll.dll!RtlEnterCriticalSection

  Block 10523: ntdll.dll!RtlLeaveCriticalSection

  Block 10524: KERNELBASE.dll!FlsSetValue

  Block 10525: ntdll.dll!RtlFlsSetValue

  Block 10526: ucrtbase.dll!_o__register_onexit_function

  Block 10527: KERNELBASE.dll!FlsSetValue

  Block 10528: ntdll.dll!RtlFlsSetValue

  Block 10529: ucrtbase.dll!_register_onexit_function

  Block 10530: KERNELBASE.dll!GetLastError

  Block 10531: KERNELBASE.dll!FlsGetValue

  Block 10532: ntdll.dll!RtlFlsGetValue

  Block 10533: ntdll.dll!RtlSetLastWin32Error

  Block 10534: ntdll.dll!RtlEnterCriticalSection

  Block 10535: ntdll.dll!RtlLeaveCriticalSection

  Block 10536: KERNELBASE.dll!FlsSetValue

  Block 10537: ntdll.dll!RtlFlsSetValue

  Block 10538: ucrtbase.dll!_o__register_onexit_function

  Block 10539: KERNELBASE.dll!FlsSetValue

  Block 10540: ntdll.dll!RtlFlsSetValue

  Block 10541: ucrtbase.dll!_register_onexit_function

  Block 10542: KERNELBASE.dll!GetLastError

  Block 10543: KERNELBASE.dll!FlsGetValue

  Block 10544: ntdll.dll!RtlFlsGetValue

  Block 10545: ntdll.dll!RtlSetLastWin32Error

  Block 10546: ntdll.dll!RtlEnterCriticalSection

  Block 10547: ntdll.dll!RtlLeaveCriticalSection

  Block 10548: KERNELBASE.dll!FlsSetValue

  Block 10549: ntdll.dll!RtlFlsSetValue

  Block 10550: ucrtbase.dll!_o__register_onexit_function

  Block 10551: KERNELBASE.dll!FlsSetValue

  Block 10552: ntdll.dll!RtlFlsSetValue

  Block 10553: ucrtbase.dll!_register_onexit_function

  Block 10554: KERNELBASE.dll!GetLastError

  Block 10555: KERNELBASE.dll!FlsGetValue

  Block 10556: ntdll.dll!RtlFlsGetValue

  Block 10557: ntdll.dll!RtlSetLastWin32Error

  Block 10558: ntdll.dll!RtlEnterCriticalSection

  Block 10559: ntdll.dll!RtlLeaveCriticalSection

  Block 10560: KERNELBASE.dll!FlsSetValue

  Block 10561: ntdll.dll!RtlFlsSetValue

  Block 10562: KERNELBASE.dll!ResolveDelayLoadedAPI

  Block 10563: ntdll.dll!LdrResolveDelayLoadedAPI

  Block 10564: ntdll.dll!RtlAcquireSRWLockExclusive

  Block 10565: ntdll.dll!RtlReleaseSRWLockExclusive

  Block 10566: ntdll.dll!memset

  Block 10567: ntdll.dll!RtlInitString

  Block 10568: ntdll.dll!RtlxOemStringToUnicodeSize

  Block 10569: ntdll.dll!RtlMultiByteToUnicodeSize

  Block 10570: ntdll.dll!RtlAnsiStringToUnicodeString

  Block 10571: ntdll.dll!RtlActivateActivationContextUnsafeFast

  Block 10572: ntdll.dll!RtlCompareUnicodeStrings

  Block 10573: ntdll.dll!RtlGetNtSystemRoot

  Block 10574: ntdll.dll!RtlGetCurrentServiceSessionId

  Block 10575: ntdll.dll!RtlInitUnicodeString

  Block 10576: ntdll.dll!memmove

  Block 10577: ntdll.dll!memmove

  Block 10578: ntdll.dll!memmove

  Block 10579: ntdll.dll!RtlAcquireSRWLockExclusive

  Block 10580: ntdll.dll!RtlEqualUnicodeString

  Block 10581: ntdll.dll!RtlReleaseSRWLockExclusive

  Block 10582: ntdll.dll!RtlGetCurrentServiceSessionId

  Block 10583: ntdll.dll!RtlAcquireSRWLockExclusive

  Block 10584: ntdll.dll!RtlReleaseSRWLockExclusive

  Block 10585: ntdll.dll!RtlAcquireSRWLockExclusive

  Block 10586: ntdll.dll!RtlReleaseSRWLockExclusive

  Block 10587: ntdll.dll!RtlDeactivateActivationContextUnsafeFast

  Block 10588: ntdll.dll!RtlGetCurrentServiceSessionId

  Block 10589: ntdll.dll!RtlGetCurrentServiceSessionId

  Block 10590: ntdll.dll!LdrControlFlowGuardEnforced

  Block 10591: ntdll.dll!RtlImageNtHeaderEx

  Block 10592: ntdll.dll!RtlImageNtHeaderEx

  Block 10593: ntdll.dll!RtlImageNtHeaderEx

  Block 10594: ntdll.dll!RtlImageNtHeaderEx

  Block 10595: ntdll.dll!RtlImageNtHeaderEx

  Block 10596: ntdll.dll!RtlImageNtHeaderEx

  Block 10597: ntdll.dll!RtlImageNtHeaderEx

  Block 10598: ntdll.dll!RtlImageNtHeaderEx

  Block 10599: ntdll.dll!RtlImageNtHeaderEx

  Block 10600: ntdll.dll!RtlImageNtHeaderEx

  Block 10601: ntdll.dll!RtlImageNtHeaderEx

  Block 10602: ntdll.dll!RtlImageNtHeaderEx

  Block 10603: ntdll.dll!RtlImageNtHeaderEx

  Block 10604: ntdll.dll!RtlImageNtHeaderEx

  Block 10605: ntdll.dll!RtlAcquireSRWLockExclusive

  Block 10606: ntdll.dll!ZwProtectVirtualMemory

  Block 10607: ntdll.dll!ZwProtectVirtualMemory

  Block 10608: ntdll.dll!LdrControlFlowGuardEnforced

  Block 10609: ntdll.dll!RtlReleaseSRWLockExclusive

  Block 10610: combase.dll!WindowsCreateStringReference

  Block 10611: ucrtbase.dll!_o__register_onexit_function

  Block 10612: KERNELBASE.dll!FlsSetValue

  Block 10613: ntdll.dll!RtlFlsSetValue

  Block 10614: ucrtbase.dll!_register_onexit_function

  Block 10615: KERNELBASE.dll!GetLastError

  Block 10616: KERNELBASE.dll!FlsGetValue

  Block 10617: ntdll.dll!RtlFlsGetValue

  Block 10618: ntdll.dll!RtlSetLastWin32Error

  Block 10619: ntdll.dll!RtlEnterCriticalSection

  Block 10620: ntdll.dll!RtlLeaveCriticalSection

  Block 10621: KERNELBASE.dll!FlsSetValue

  Block 10622: ntdll.dll!RtlFlsSetValue

  Block 10623: combase.dll!WindowsCreateStringReference

  Block 10624: ucrtbase.dll!_o__register_onexit_function

  Block 10625: KERNELBASE.dll!FlsSetValue

  Block 10626: ntdll.dll!RtlFlsSetValue

  Block 10627: ucrtbase.dll!_register_onexit_function

  Block 10628: KERNELBASE.dll!GetLastError

  Block 10629: KERNELBASE.dll!FlsGetValue

  Block 10630: ntdll.dll!RtlFlsGetValue

  Block 10631: ntdll.dll!RtlSetLastWin32Error

  Block 10632: ntdll.dll!RtlEnterCriticalSection

  Block 10633: ntdll.dll!RtlLeaveCriticalSection

  Block 10634: KERNELBASE.dll!FlsSetValue

  Block 10635: ntdll.dll!RtlFlsSetValue

  Block 10636: combase.dll!WindowsCreateStringReference

  Block 10637: ucrtbase.dll!_o__register_onexit_function

  Block 10638: KERNELBASE.dll!FlsSetValue

  Block 10639: ntdll.dll!RtlFlsSetValue

  Block 10640: ucrtbase.dll!_register_onexit_function

  Block 10641: KERNELBASE.dll!GetLastError

  Block 10642: KERNELBASE.dll!FlsGetValue

  Block 10643: ntdll.dll!RtlFlsGetValue

  Block 10644: ntdll.dll!RtlSetLastWin32Error

  Block 10645: ntdll.dll!RtlEnterCriticalSection

  Block 10646: ntdll.dll!RtlLeaveCriticalSection

  Block 10647: KERNELBASE.dll!FlsSetValue

  Block 10648: ntdll.dll!RtlFlsSetValue

  Block 10649: combase.dll!WindowsCreateStringReference

  Block 10650: ucrtbase.dll!_o__register_onexit_function

  Block 10651: KERNELBASE.dll!FlsSetValue

  Block 10652: ntdll.dll!RtlFlsSetValue

  Block 10653: ucrtbase.dll!_register_onexit_function

  Block 10654: KERNELBASE.dll!GetLastError

  Block 10655: KERNELBASE.dll!FlsGetValue

  Block 10656: ntdll.dll!RtlFlsGetValue

  Block 10657: ntdll.dll!RtlSetLastWin32Error

  Block 10658: ntdll.dll!RtlEnterCriticalSection

  Block 10659: ntdll.dll!RtlLeaveCriticalSection

  Block 10660: KERNELBASE.dll!FlsSetValue

  Block 10661: ntdll.dll!RtlFlsSetValue

  Block 10662: combase.dll!WindowsCreateStringReference

  Block 10663: ucrtbase.dll!_o__register_onexit_function

  Block 10664: KERNELBASE.dll!FlsSetValue

  Block 10665: ntdll.dll!RtlFlsSetValue

  Block 10666: ucrtbase.dll!_register_onexit_function

  Block 10667: KERNELBASE.dll!GetLastError

  Block 10668: KERNELBASE.dll!FlsGetValue

  Block 10669: ntdll.dll!RtlFlsGetValue

  Block 10670: ntdll.dll!RtlSetLastWin32Error

  Block 10671: ntdll.dll!RtlEnterCriticalSection

  Block 10672: ntdll.dll!RtlLeaveCriticalSection

  Block 10673: KERNELBASE.dll!FlsSetValue

  Block 10674: ntdll.dll!RtlFlsSetValue

  Block 10675: ucrtbase.dll!_o__register_onexit_function

  Block 10676: KERNELBASE.dll!FlsSetValue

  Block 10677: ntdll.dll!RtlFlsSetValue

  Block 10678: ucrtbase.dll!_register_onexit_function

  Block 10679: KERNELBASE.dll!GetLastError

  Block 10680: KERNELBASE.dll!FlsGetValue

  Block 10681: ntdll.dll!RtlFlsGetValue

  Block 10682: ntdll.dll!RtlSetLastWin32Error

  Block 10683: ntdll.dll!RtlEnterCriticalSection

  Block 10684: ntdll.dll!RtlLeaveCriticalSection

  Block 10685: KERNELBASE.dll!FlsSetValue

  Block 10686: ntdll.dll!RtlFlsSetValue

  Block 10688: ucrtbase.dll!_o__register_onexit_function

  Block 10689: KERNELBASE.dll!FlsSetValue

  Block 10690: ntdll.dll!RtlFlsSetValue

  Block 10691: ucrtbase.dll!_register_onexit_function

  Block 10692: KERNELBASE.dll!GetLastError

  Block 10693: KERNELBASE.dll!FlsGetValue

  Block 10694: ntdll.dll!RtlFlsGetValue

  Block 10695: ntdll.dll!RtlSetLastWin32Error

  Block 10696: ntdll.dll!RtlEnterCriticalSection

  Block 10697: ntdll.dll!RtlLeaveCriticalSection

  Block 10698: KERNELBASE.dll!FlsSetValue

  Block 10699: ntdll.dll!RtlFlsSetValue

  Block 10700: ucrtbase.dll!_o__register_onexit_function

  Block 10701: KERNELBASE.dll!FlsSetValue

  Block 10702: ntdll.dll!RtlFlsSetValue

  Block 10703: ucrtbase.dll!_register_onexit_function

  Block 10704: KERNELBASE.dll!GetLastError

  Block 10705: KERNELBASE.dll!FlsGetValue

  Block 10706: ntdll.dll!RtlFlsGetValue

  Block 10707: ntdll.dll!RtlSetLastWin32Error

  Block 10708: ntdll.dll!RtlEnterCriticalSection

  Block 10709: ntdll.dll!RtlLeaveCriticalSection

  Block 10710: KERNELBASE.dll!FlsSetValue

  Block 10711: ntdll.dll!RtlFlsSetValue

  Block 10713: ucrtbase.dll!_o__register_onexit_function

  Block 10714: KERNELBASE.dll!FlsSetValue

  Block 10715: ntdll.dll!RtlFlsSetValue

  Block 10716: ucrtbase.dll!_register_onexit_function

  Block 10717: KERNELBASE.dll!GetLastError

  Block 10718: KERNELBASE.dll!FlsGetValue

  Block 10719: ntdll.dll!RtlFlsGetValue

  Block 10720: ntdll.dll!RtlSetLastWin32Error

  Block 10721: ntdll.dll!RtlEnterCriticalSection

  Block 10722: ntdll.dll!RtlLeaveCriticalSection

  Block 10723: KERNELBASE.dll!FlsSetValue

  Block 10724: ntdll.dll!RtlFlsSetValue

  Block 10725: ucrtbase.dll!_o__register_onexit_function

  Block 10726: KERNELBASE.dll!FlsSetValue

  Block 10727: ntdll.dll!RtlFlsSetValue

  Block 10728: ucrtbase.dll!_register_onexit_function

  Block 10729: KERNELBASE.dll!GetLastError

  Block 10730: KERNELBASE.dll!FlsGetValue

  Block 10731: ntdll.dll!RtlFlsGetValue

  Block 10732: ntdll.dll!RtlSetLastWin32Error

  Block 10733: ntdll.dll!RtlEnterCriticalSection

  Block 10734: ntdll.dll!RtlLeaveCriticalSection

  Block 10735: KERNELBASE.dll!FlsSetValue

  Block 10736: ntdll.dll!RtlFlsSetValue

  Block 10737: ucrtbase.dll!_o__register_onexit_function

  Block 10738: KERNELBASE.dll!FlsSetValue

  Block 10739: ntdll.dll!RtlFlsSetValue

  Block 10740: ucrtbase.dll!_register_onexit_function

  Block 10741: KERNELBASE.dll!GetLastError

  Block 10742: KERNELBASE.dll!FlsGetValue

  Block 10743: ntdll.dll!RtlFlsGetValue

  Block 10744: ntdll.dll!RtlSetLastWin32Error

  Block 10745: ntdll.dll!RtlEnterCriticalSection

  Block 10746: ntdll.dll!RtlSizeHeap

  Block 10747: ucrtbase.dll!_realloc_base

  Block 10748: ntdll.dll!RtlReAllocateHeap

  Block 10749: ntdll.dll!RtlAllocateHeap

  Block 10750: ntdll.dll!RtlLeaveCriticalSection

  Block 10751: ntdll.dll!memmove

  Block 10752: ntdll.dll!RtlFreeHeap

  Block 10753: ntdll.dll!RtlGetCurrentServiceSessionId

  Block 10755: ucrtbase.dll!_free_base

  Block 10756: ntdll.dll!RtlLeaveCriticalSection

  Block 10757: KERNELBASE.dll!FlsSetValue

  Block 10758: ntdll.dll!RtlFlsSetValue

  Block 10759: ucrtbase.dll!_o__register_onexit_function

  Block 10760: KERNELBASE.dll!FlsSetValue

  Block 10761: ntdll.dll!RtlFlsSetValue

  Block 10762: ucrtbase.dll!_register_onexit_function

  Block 10763: KERNELBASE.dll!GetLastError

  Block 10764: KERNELBASE.dll!FlsGetValue

  Block 10765: ntdll.dll!RtlFlsGetValue

  Block 10766: ntdll.dll!RtlSetLastWin32Error

  Block 10767: ntdll.dll!RtlEnterCriticalSection

  Block 10768: ntdll.dll!RtlLeaveCriticalSection

  Block 10769: KERNELBASE.dll!FlsSetValue

  Block 10770: ntdll.dll!RtlFlsSetValue

  Block 10771: ucrtbase.dll!_o__register_onexit_function

  Block 10772: KERNELBASE.dll!FlsSetValue

  Block 10773: ntdll.dll!RtlFlsSetValue

  Block 10774: ucrtbase.dll!_register_onexit_function

  Block 10775: KERNELBASE.dll!GetLastError

  Block 10776: KERNELBASE.dll!FlsGetValue

  Block 10777: ntdll.dll!RtlFlsGetValue

  Block 10778: ntdll.dll!RtlSetLastWin32Error

  Block 10779: ntdll.dll!RtlEnterCriticalSection

  Block 10780: ntdll.dll!RtlLeaveCriticalSection

  Block 10781: KERNELBASE.dll!FlsSetValue

  Block 10782: ntdll.dll!RtlFlsSetValue

  Block 10783: ucrtbase.dll!_o__register_onexit_function

  Block 10784: KERNELBASE.dll!FlsSetValue

  Block 10785: ntdll.dll!RtlFlsSetValue

  Block 10786: ucrtbase.dll!_register_onexit_function

  Block 10787: KERNELBASE.dll!GetLastError

  Block 10788: KERNELBASE.dll!FlsGetValue

  Block 10789: ntdll.dll!RtlFlsGetValue

  Block 10790: ntdll.dll!RtlSetLastWin32Error

  Block 10791: ntdll.dll!RtlEnterCriticalSection

  Block 10792: ntdll.dll!RtlLeaveCriticalSection

  Block 10793: KERNELBASE.dll!FlsSetValue

  Block 10794: ntdll.dll!RtlFlsSetValue

  Block 10795: ucrtbase.dll!_o__register_onexit_function

  Block 10796: KERNELBASE.dll!FlsSetValue

  Block 10797: ntdll.dll!RtlFlsSetValue

  Block 10798: ucrtbase.dll!_register_onexit_function

  Block 10799: KERNELBASE.dll!GetLastError

  Block 10800: KERNELBASE.dll!FlsGetValue

  Block 10801: ntdll.dll!RtlFlsGetValue

  Block 10802: ntdll.dll!RtlSetLastWin32Error

  Block 10803: ntdll.dll!RtlEnterCriticalSection

  Block 10804: ntdll.dll!RtlLeaveCriticalSection

  Block 10805: KERNELBASE.dll!FlsSetValue

  Block 10806: ntdll.dll!RtlFlsSetValue

  Block 10807: ucrtbase.dll!_o__register_onexit_function

  Block 10808: KERNELBASE.dll!FlsSetValue

  Block 10809: ntdll.dll!RtlFlsSetValue

  Block 10810: ucrtbase.dll!_register_onexit_function

  Block 10811: KERNELBASE.dll!GetLastError

  Block 10812: KERNELBASE.dll!FlsGetValue

  Block 10813: ntdll.dll!RtlFlsGetValue

  Block 10814: ntdll.dll!RtlSetLastWin32Error

  Block 10815: ntdll.dll!RtlEnterCriticalSection

  Block 10816: ntdll.dll!RtlLeaveCriticalSection

  Block 10817: KERNELBASE.dll!FlsSetValue

  Block 10818: ntdll.dll!RtlFlsSetValue

  Block 10820: ucrtbase.dll!_o__register_onexit_function

  Block 10821: KERNELBASE.dll!FlsSetValue

  Block 10822: ntdll.dll!RtlFlsSetValue

  Block 10823: ucrtbase.dll!_register_onexit_function

  Block 10824: KERNELBASE.dll!GetLastError

  Block 10825: KERNELBASE.dll!FlsGetValue

  Block 10826: ntdll.dll!RtlFlsGetValue

  Block 10827: ntdll.dll!RtlSetLastWin32Error

  Block 10828: ntdll.dll!RtlEnterCriticalSection

  Block 10829: ntdll.dll!RtlLeaveCriticalSection

  Block 10830: KERNELBASE.dll!FlsSetValue

  Block 10831: ntdll.dll!RtlFlsSetValue

  Block 10832: ucrtbase.dll!_o__register_onexit_function

  Block 10833: KERNELBASE.dll!FlsSetValue

  Block 10834: ntdll.dll!RtlFlsSetValue

  Block 10835: ucrtbase.dll!_register_onexit_function

  Block 10836: KERNELBASE.dll!GetLastError

  Block 10837: KERNELBASE.dll!FlsGetValue

  Block 10838: ntdll.dll!RtlFlsGetValue

  Block 10839: ntdll.dll!RtlSetLastWin32Error

  Block 10840: ntdll.dll!RtlEnterCriticalSection

  Block 10841: ntdll.dll!RtlLeaveCriticalSection

  Block 10842: KERNELBASE.dll!FlsSetValue

  Block 10843: ntdll.dll!RtlFlsSetValue

  Block 10844: ucrtbase.dll!_o__register_onexit_function

  Block 10845: KERNELBASE.dll!FlsSetValue

  Block 10846: ntdll.dll!RtlFlsSetValue

  Block 10847: ucrtbase.dll!_register_onexit_function

  Block 10848: KERNELBASE.dll!GetLastError

  Block 10849: KERNELBASE.dll!FlsGetValue

  Block 10850: ntdll.dll!RtlFlsGetValue

  Block 10851: ntdll.dll!RtlSetLastWin32Error

  Block 10852: ntdll.dll!RtlEnterCriticalSection

  Block 10853: ntdll.dll!RtlLeaveCriticalSection

  Block 10854: KERNELBASE.dll!FlsSetValue

  Block 10855: ntdll.dll!RtlFlsSetValue

  Block 10856: ucrtbase.dll!_o__register_onexit_function

  Block 10857: KERNELBASE.dll!FlsSetValue

  Block 10858: ntdll.dll!RtlFlsSetValue

  Block 10859: ucrtbase.dll!_register_onexit_function

  Block 10860: KERNELBASE.dll!GetLastError

  Block 10861: KERNELBASE.dll!FlsGetValue

  Block 10862: ntdll.dll!RtlFlsGetValue

  Block 10863: ntdll.dll!RtlSetLastWin32Error

  Block 10864: ntdll.dll!RtlEnterCriticalSection

  Block 10865: ntdll.dll!RtlLeaveCriticalSection

  Block 10866: KERNELBASE.dll!FlsSetValue

  Block 10867: ntdll.dll!RtlFlsSetValue

  Block 10869: ucrtbase.dll!_o__register_onexit_function

  Block 10870: KERNELBASE.dll!FlsSetValue

  Block 10871: ntdll.dll!RtlFlsSetValue

  Block 10872: ucrtbase.dll!_register_onexit_function

  Block 10873: KERNELBASE.dll!GetLastError

  Block 10874: KERNELBASE.dll!FlsGetValue

  Block 10875: ntdll.dll!RtlFlsGetValue

  Block 10876: ntdll.dll!RtlSetLastWin32Error

  Block 10877: ntdll.dll!RtlEnterCriticalSection

  Block 10878: ntdll.dll!RtlLeaveCriticalSection

  Block 10879: KERNELBASE.dll!FlsSetValue

  Block 10880: ntdll.dll!RtlFlsSetValue

  Block 10881: ucrtbase.dll!_o__register_onexit_function

  Block 10882: KERNELBASE.dll!FlsSetValue

  Block 10883: ntdll.dll!RtlFlsSetValue

  Block 10884: ucrtbase.dll!_register_onexit_function

  Block 10885: KERNELBASE.dll!GetLastError

  Block 10886: KERNELBASE.dll!FlsGetValue

  Block 10887: ntdll.dll!RtlFlsGetValue

  Block 10888: ntdll.dll!RtlSetLastWin32Error

  Block 10889: ntdll.dll!RtlEnterCriticalSection

  Block 10890: ntdll.dll!RtlLeaveCriticalSection

  Block 10891: KERNELBASE.dll!FlsSetValue

  Block 10892: ntdll.dll!RtlFlsSetValue

  Block 10893: ucrtbase.dll!_o__register_onexit_function

  Block 10894: KERNELBASE.dll!FlsSetValue

  Block 10895: ntdll.dll!RtlFlsSetValue

  Block 10896: ucrtbase.dll!_register_onexit_function

  Block 10897: KERNELBASE.dll!GetLastError

  Block 10898: KERNELBASE.dll!FlsGetValue

  Block 10899: ntdll.dll!RtlFlsGetValue

  Block 10900: ntdll.dll!RtlSetLastWin32Error

  Block 10901: ntdll.dll!RtlEnterCriticalSection

  Block 10902: ntdll.dll!RtlLeaveCriticalSection

  Block 10903: KERNELBASE.dll!FlsSetValue

  Block 10904: ntdll.dll!RtlFlsSetValue

  Block 10905: ucrtbase.dll!_o__register_onexit_function

  Block 10906: KERNELBASE.dll!FlsSetValue

  Block 10907: ntdll.dll!RtlFlsSetValue

  Block 10908: ucrtbase.dll!_register_onexit_function

  Block 10909: KERNELBASE.dll!GetLastError

  Block 10910: KERNELBASE.dll!FlsGetValue

  Block 10911: ntdll.dll!RtlFlsGetValue

  Block 10912: ntdll.dll!RtlSetLastWin32Error

  Block 10913: ntdll.dll!RtlEnterCriticalSection

  Block 10914: ntdll.dll!RtlLeaveCriticalSection

  Block 10915: KERNELBASE.dll!FlsSetValue

  Block 10916: ntdll.dll!RtlFlsSetValue

  Block 10917: ucrtbase.dll!_o__register_onexit_function

  Block 10918: KERNELBASE.dll!FlsSetValue

  Block 10919: ntdll.dll!RtlFlsSetValue

  Block 10920: ucrtbase.dll!_register_onexit_function

  Block 10921: KERNELBASE.dll!GetLastError

  Block 10922: KERNELBASE.dll!FlsGetValue

  Block 10923: ntdll.dll!RtlFlsGetValue

  Block 10924: ntdll.dll!RtlSetLastWin32Error

  Block 10925: ntdll.dll!RtlEnterCriticalSection

  Block 10926: ntdll.dll!RtlLeaveCriticalSection

  Block 10927: KERNELBASE.dll!FlsSetValue

  Block 10928: ntdll.dll!RtlFlsSetValue

  Block 10929: ucrtbase.dll!_o__register_onexit_function

  Block 10930: KERNELBASE.dll!FlsSetValue

  Block 10931: ntdll.dll!RtlFlsSetValue

  Block 10932: ucrtbase.dll!_register_onexit_function

  Block 10933: KERNELBASE.dll!GetLastError

  Block 10934: KERNELBASE.dll!FlsGetValue

  Block 10935: ntdll.dll!RtlFlsGetValue

  Block 10936: ntdll.dll!RtlSetLastWin32Error

  Block 10937: ntdll.dll!RtlEnterCriticalSection

  Block 10938: ntdll.dll!RtlLeaveCriticalSection

  Block 10939: KERNELBASE.dll!FlsSetValue

  Block 10940: ntdll.dll!RtlFlsSetValue

  Block 10942: ucrtbase.dll!_o__register_onexit_function

  Block 10943: KERNELBASE.dll!FlsSetValue

  Block 10944: ntdll.dll!RtlFlsSetValue

  Block 10945: ucrtbase.dll!_register_onexit_function

  Block 10946: KERNELBASE.dll!GetLastError

  Block 10947: KERNELBASE.dll!FlsGetValue

  Block 10948: ntdll.dll!RtlFlsGetValue

  Block 10949: ntdll.dll!RtlSetLastWin32Error

  Block 10950: ntdll.dll!RtlEnterCriticalSection

  Block 10951: ntdll.dll!RtlLeaveCriticalSection

  Block 10952: KERNELBASE.dll!FlsSetValue

  Block 10953: ntdll.dll!RtlFlsSetValue

  Block 10954: ucrtbase.dll!_o__register_onexit_function

  Block 10955: KERNELBASE.dll!FlsSetValue

  Block 10956: ntdll.dll!RtlFlsSetValue

  Block 10957: ucrtbase.dll!_register_onexit_function

  Block 10958: KERNELBASE.dll!GetLastError

  Block 10959: KERNELBASE.dll!FlsGetValue

  Block 10960: ntdll.dll!RtlFlsGetValue

  Block 10961: ntdll.dll!RtlSetLastWin32Error

  Block 10962: ntdll.dll!RtlEnterCriticalSection

  Block 10963: ntdll.dll!RtlLeaveCriticalSection

  Block 10964: KERNELBASE.dll!FlsSetValue

  Block 10965: ntdll.dll!RtlFlsSetValue

  Block 10966: ucrtbase.dll!_o__register_onexit_function

  Block 10967: KERNELBASE.dll!FlsSetValue

  Block 10968: ntdll.dll!RtlFlsSetValue

  Block 10969: ucrtbase.dll!_register_onexit_function

  Block 10970: KERNELBASE.dll!GetLastError

  Block 10971: KERNELBASE.dll!FlsGetValue

  Block 10972: ntdll.dll!RtlFlsGetValue

  Block 10973: ntdll.dll!RtlSetLastWin32Error

  Block 10974: ntdll.dll!RtlEnterCriticalSection

  Block 10975: ntdll.dll!RtlLeaveCriticalSection

  Block 10976: KERNELBASE.dll!FlsSetValue

  Block 10977: ntdll.dll!RtlFlsSetValue

  Block 10978: ucrtbase.dll!_o__register_onexit_function

  Block 10979: KERNELBASE.dll!FlsSetValue

  Block 10980: ntdll.dll!RtlFlsSetValue

  Block 10981: ucrtbase.dll!_register_onexit_function

  Block 10982: KERNELBASE.dll!GetLastError

  Block 10983: KERNELBASE.dll!FlsGetValue

  Block 10984: ntdll.dll!RtlFlsGetValue

  Block 10985: ntdll.dll!RtlSetLastWin32Error

  Block 10986: ntdll.dll!RtlEnterCriticalSection

  Block 10987: ntdll.dll!RtlLeaveCriticalSection

  Block 10988: KERNELBASE.dll!FlsSetValue

  Block 10989: ntdll.dll!RtlFlsSetValue

  Block 10990: ucrtbase.dll!_o__register_onexit_function

  Block 10991: KERNELBASE.dll!FlsSetValue

  Block 10992: ntdll.dll!RtlFlsSetValue

  Block 10993: ucrtbase.dll!_register_onexit_function

  Block 10994: KERNELBASE.dll!GetLastError

  Block 10995: KERNELBASE.dll!FlsGetValue

  Block 10996: ntdll.dll!RtlFlsGetValue

  Block 10997: ntdll.dll!RtlSetLastWin32Error

  Block 10998: ntdll.dll!RtlEnterCriticalSection

  Block 10999: ntdll.dll!RtlLeaveCriticalSection

  Block 11000: KERNELBASE.dll!FlsSetValue

  Block 11001: ntdll.dll!RtlFlsSetValue

  Block 11002: ucrtbase.dll!_o__register_onexit_function

  Block 11003: KERNELBASE.dll!FlsSetValue

  Block 11004: ntdll.dll!RtlFlsSetValue

  Block 11005: ucrtbase.dll!_register_onexit_function

  Block 11006: KERNELBASE.dll!GetLastError

  Block 11007: KERNELBASE.dll!FlsGetValue

  Block 11008: ntdll.dll!RtlFlsGetValue

  Block 11009: ntdll.dll!RtlSetLastWin32Error

  Block 11010: ntdll.dll!RtlEnterCriticalSection

  Block 11011: ntdll.dll!RtlLeaveCriticalSection

  Block 11012: KERNELBASE.dll!FlsSetValue

  Block 11013: ntdll.dll!RtlFlsSetValue

  Block 11015: ucrtbase.dll!_o__register_onexit_function

  Block 11016: KERNELBASE.dll!FlsSetValue

  Block 11017: ntdll.dll!RtlFlsSetValue

  Block 11018: ucrtbase.dll!_register_onexit_function

  Block 11019: KERNELBASE.dll!GetLastError

  Block 11020: KERNELBASE.dll!FlsGetValue

  Block 11021: ntdll.dll!RtlFlsGetValue

  Block 11022: ntdll.dll!RtlSetLastWin32Error

  Block 11023: ntdll.dll!RtlEnterCriticalSection

  Block 11024: ntdll.dll!RtlLeaveCriticalSection

  Block 11025: KERNELBASE.dll!FlsSetValue

  Block 11026: ntdll.dll!RtlFlsSetValue

  Block 11027: ucrtbase.dll!_o__register_onexit_function

  Block 11028: KERNELBASE.dll!FlsSetValue

  Block 11029: ntdll.dll!RtlFlsSetValue

  Block 11030: ucrtbase.dll!_register_onexit_function

  Block 11031: KERNELBASE.dll!GetLastError

  Block 11032: KERNELBASE.dll!FlsGetValue

  Block 11033: ntdll.dll!RtlFlsGetValue

  Block 11034: ntdll.dll!RtlSetLastWin32Error

  Block 11035: ntdll.dll!RtlEnterCriticalSection

  Block 11036: ntdll.dll!RtlLeaveCriticalSection

  Block 11037: KERNELBASE.dll!FlsSetValue

  Block 11038: ntdll.dll!RtlFlsSetValue

  Block 11039: ucrtbase.dll!_o__register_onexit_function

  Block 11040: KERNELBASE.dll!FlsSetValue

  Block 11041: ntdll.dll!RtlFlsSetValue

  Block 11042: ucrtbase.dll!_register_onexit_function

  Block 11043: KERNELBASE.dll!GetLastError

  Block 11044: KERNELBASE.dll!FlsGetValue

  Block 11045: ntdll.dll!RtlFlsGetValue

  Block 11046: ntdll.dll!RtlSetLastWin32Error

  Block 11047: ntdll.dll!RtlEnterCriticalSection

  Block 11048: ntdll.dll!RtlLeaveCriticalSection

  Block 11049: KERNELBASE.dll!FlsSetValue

  Block 11050: ntdll.dll!RtlFlsSetValue

  Block 11051: ucrtbase.dll!_o__register_onexit_function

  Block 11052: KERNELBASE.dll!FlsSetValue

  Block 11053: ntdll.dll!RtlFlsSetValue

  Block 11054: ucrtbase.dll!_register_onexit_function

  Block 11055: KERNELBASE.dll!GetLastError

  Block 11056: KERNELBASE.dll!FlsGetValue

  Block 11057: ntdll.dll!RtlFlsGetValue

  Block 11058: ntdll.dll!RtlSetLastWin32Error

  Block 11059: ntdll.dll!RtlEnterCriticalSection

  Block 11060: ntdll.dll!RtlLeaveCriticalSection

  Block 11061: KERNELBASE.dll!FlsSetValue

  Block 11062: ntdll.dll!RtlFlsSetValue

  Block 11063: ucrtbase.dll!_o__register_onexit_function

  Block 11064: KERNELBASE.dll!FlsSetValue

  Block 11065: ntdll.dll!RtlFlsSetValue

  Block 11066: ucrtbase.dll!_register_onexit_function

  Block 11067: KERNELBASE.dll!GetLastError

  Block 11068: KERNELBASE.dll!FlsGetValue

  Block 11069: ntdll.dll!RtlFlsGetValue

  Block 11070: ntdll.dll!RtlSetLastWin32Error

  Block 11071: ntdll.dll!RtlEnterCriticalSection

  Block 11072: ntdll.dll!RtlLeaveCriticalSection

  Block 11073: KERNELBASE.dll!FlsSetValue

  Block 11074: ntdll.dll!RtlFlsSetValue

  Block 11075: ucrtbase.dll!_o__register_onexit_function

  Block 11076: KERNELBASE.dll!FlsSetValue

  Block 11077: ntdll.dll!RtlFlsSetValue

  Block 11078: ucrtbase.dll!_register_onexit_function

  Block 11079: KERNELBASE.dll!GetLastError

  Block 11080: KERNELBASE.dll!FlsGetValue

  Block 11081: ntdll.dll!RtlFlsGetValue

  Block 11082: ntdll.dll!RtlSetLastWin32Error

  Block 11083: ntdll.dll!RtlEnterCriticalSection

  Block 11084: ntdll.dll!RtlLeaveCriticalSection

  Block 11085: KERNELBASE.dll!FlsSetValue

  Block 11086: ntdll.dll!RtlFlsSetValue

  Block 11087: ucrtbase.dll!memmove

  Block 11088: KERNELBASE.dll!GetProcessHeap

  Block 11089: ntdll.dll!RtlAllocateHeap

  Block 11090: ntdll.dll!memset

  Block 11091: KERNELBASE.dll!GetProcessHeap

  Block 11092: ntdll.dll!RtlAllocateHeap

  Block 11093: ntdll.dll!RtlLeaveCriticalSection

  Block 11094: ntdll.dll!memset

  Block 11095: KERNELBASE.dll!GetProcessHeap

  Block 11096: ntdll.dll!RtlAllocateHeap

  Block 11097: ntdll.dll!memset

  Block 11098: ucrtbase.dll!_o__register_onexit_function

  Block 11099: KERNELBASE.dll!FlsSetValue

  Block 11100: ntdll.dll!RtlFlsSetValue

  Block 11101: ucrtbase.dll!_register_onexit_function

  Block 11102: KERNELBASE.dll!GetLastError

  Block 11103: KERNELBASE.dll!FlsGetValue

  Block 11104: ntdll.dll!RtlFlsGetValue

  Block 11105: ntdll.dll!RtlSetLastWin32Error

  Block 11106: ntdll.dll!RtlEnterCriticalSection

  Block 11107: ntdll.dll!RtlLeaveCriticalSection

  Block 11108: KERNELBASE.dll!FlsSetValue

  Block 11109: ntdll.dll!RtlFlsSetValue

  Block 11110: ucrtbase.dll!_o__register_onexit_function

  Block 11111: KERNELBASE.dll!FlsSetValue

  Block 11112: ntdll.dll!RtlFlsSetValue

  Block 11113: ucrtbase.dll!_register_onexit_function

  Block 11114: KERNELBASE.dll!GetLastError

  Block 11115: KERNELBASE.dll!FlsGetValue

  Block 11116: ntdll.dll!RtlFlsGetValue

  Block 11117: ntdll.dll!RtlSetLastWin32Error

  Block 11118: ntdll.dll!RtlEnterCriticalSection

  Block 11119: ntdll.dll!RtlLeaveCriticalSection

  Block 11120: KERNELBASE.dll!FlsSetValue

  Block 11121: ntdll.dll!RtlFlsSetValue

  Block 11122: ucrtbase.dll!_o__register_onexit_function

  Block 11123: KERNELBASE.dll!FlsSetValue

  Block 11124: ntdll.dll!RtlFlsSetValue

  Block 11125: ucrtbase.dll!_register_onexit_function

  Block 11126: KERNELBASE.dll!GetLastError

  Block 11127: KERNELBASE.dll!FlsGetValue

  Block 11128: ntdll.dll!RtlFlsGetValue

  Block 11129: ntdll.dll!RtlSetLastWin32Error

  Block 11130: ntdll.dll!RtlEnterCriticalSection

  Block 11131: ntdll.dll!RtlLeaveCriticalSection

  Block 11132: KERNELBASE.dll!FlsSetValue

  Block 11133: ntdll.dll!RtlFlsSetValue

  Block 11134: ucrtbase.dll!_o__register_onexit_function

  Block 11135: KERNELBASE.dll!FlsSetValue

  Block 11136: ntdll.dll!RtlFlsSetValue

  Block 11137: ucrtbase.dll!_register_onexit_function

  Block 11138: KERNELBASE.dll!GetLastError

  Block 11139: KERNELBASE.dll!FlsGetValue

  Block 11140: ntdll.dll!RtlFlsGetValue

  Block 11141: ntdll.dll!RtlSetLastWin32Error

  Block 11142: ntdll.dll!RtlEnterCriticalSection

  Block 11143: ntdll.dll!RtlLeaveCriticalSection

  Block 11144: KERNELBASE.dll!FlsSetValue

  Block 11145: ntdll.dll!RtlFlsSetValue

  Block 11146: ucrtbase.dll!_o__register_onexit_function

  Block 11147: KERNELBASE.dll!FlsSetValue

  Block 11148: ntdll.dll!RtlFlsSetValue

  Block 11149: ucrtbase.dll!_register_onexit_function

  Block 11150: KERNELBASE.dll!GetLastError

  Block 11151: KERNELBASE.dll!FlsGetValue

  Block 11152: ntdll.dll!RtlFlsGetValue

  Block 11153: ntdll.dll!RtlSetLastWin32Error

  Block 11154: ntdll.dll!RtlEnterCriticalSection

  Block 11155: ntdll.dll!RtlSizeHeap

  Block 11156: ucrtbase.dll!_realloc_base

  Block 11157: ntdll.dll!RtlReAllocateHeap

  Block 11158: ntdll.dll!RtlTryEnterCriticalSection

  Block 11159: ntdll.dll!RtlLeaveCriticalSection

  Block 11161: ucrtbase.dll!_free_base

  Block 11162: ntdll.dll!RtlLeaveCriticalSection

  Block 11163: KERNELBASE.dll!FlsSetValue

  Block 11164: ntdll.dll!RtlFlsSetValue

  Block 11165: ucrtbase.dll!_o__register_onexit_function

  Block 11166: KERNELBASE.dll!FlsSetValue

  Block 11167: ntdll.dll!RtlFlsSetValue

  Block 11168: ucrtbase.dll!_register_onexit_function

  Block 11169: KERNELBASE.dll!GetLastError

  Block 11170: KERNELBASE.dll!FlsGetValue

  Block 11171: ntdll.dll!RtlFlsGetValue

  Block 11172: ntdll.dll!RtlSetLastWin32Error

  Block 11173: ntdll.dll!RtlEnterCriticalSection

  Block 11174: ntdll.dll!RtlLeaveCriticalSection

  Block 11175: KERNELBASE.dll!FlsSetValue

  Block 11176: ntdll.dll!RtlFlsSetValue

  Block 11177: ucrtbase.dll!_o__register_onexit_function

  Block 11178: KERNELBASE.dll!FlsSetValue

  Block 11179: ntdll.dll!RtlFlsSetValue

  Block 11180: ucrtbase.dll!_register_onexit_function

  Block 11181: KERNELBASE.dll!GetLastError

  Block 11182: KERNELBASE.dll!FlsGetValue

  Block 11183: ntdll.dll!RtlFlsGetValue

  Block 11184: ntdll.dll!RtlSetLastWin32Error

  Block 11185: ntdll.dll!RtlEnterCriticalSection

  Block 11186: ntdll.dll!RtlLeaveCriticalSection

  Block 11187: KERNELBASE.dll!FlsSetValue

  Block 11188: ntdll.dll!RtlFlsSetValue

  Block 11189: ucrtbase.dll!_o__register_onexit_function

  Block 11190: KERNELBASE.dll!FlsSetValue

  Block 11191: ntdll.dll!RtlFlsSetValue

  Block 11192: ucrtbase.dll!_register_onexit_function

  Block 11193: KERNELBASE.dll!GetLastError

  Block 11194: KERNELBASE.dll!FlsGetValue

  Block 11195: ntdll.dll!RtlFlsGetValue

  Block 11196: ntdll.dll!RtlSetLastWin32Error

  Block 11197: ntdll.dll!RtlEnterCriticalSection

  Block 11198: ntdll.dll!RtlLeaveCriticalSection

  Block 11199: KERNELBASE.dll!FlsSetValue

  Block 11200: ntdll.dll!RtlFlsSetValue

  Block 11201: ucrtbase.dll!_o__register_onexit_function

  Block 11202: KERNELBASE.dll!FlsSetValue

  Block 11203: ntdll.dll!RtlFlsSetValue

  Block 11204: ucrtbase.dll!_register_onexit_function

  Block 11205: KERNELBASE.dll!GetLastError

  Block 11206: KERNELBASE.dll!FlsGetValue

  Block 11207: ntdll.dll!RtlFlsGetValue

  Block 11208: ntdll.dll!RtlSetLastWin32Error

  Block 11209: ntdll.dll!RtlEnterCriticalSection

  Block 11210: ntdll.dll!RtlLeaveCriticalSection

  Block 11211: KERNELBASE.dll!FlsSetValue

  Block 11212: ntdll.dll!RtlFlsSetValue

  Block 11213: ucrtbase.dll!_o__register_onexit_function

  Block 11214: KERNELBASE.dll!FlsSetValue

  Block 11215: ntdll.dll!RtlFlsSetValue

  Block 11216: ucrtbase.dll!_register_onexit_function

  Block 11217: KERNELBASE.dll!GetLastError

  Block 11218: KERNELBASE.dll!FlsGetValue

  Block 11219: ntdll.dll!RtlFlsGetValue

  Block 11220: ntdll.dll!RtlSetLastWin32Error

  Block 11221: ntdll.dll!RtlEnterCriticalSection

  Block 11222: ntdll.dll!RtlLeaveCriticalSection

  Block 11223: KERNELBASE.dll!FlsSetValue

  Block 11224: ntdll.dll!RtlFlsSetValue

  Block 11225: ucrtbase.dll!_o__register_onexit_function

  Block 11226: KERNELBASE.dll!FlsSetValue

  Block 11227: ntdll.dll!RtlFlsSetValue

  Block 11228: ucrtbase.dll!_register_onexit_function

  Block 11229: KERNELBASE.dll!GetLastError

  Block 11230: KERNELBASE.dll!FlsGetValue

  Block 11231: ntdll.dll!RtlFlsGetValue

  Block 11232: ntdll.dll!RtlSetLastWin32Error

  Block 11233: ntdll.dll!RtlEnterCriticalSection

  Block 11234: ntdll.dll!RtlLeaveCriticalSection

  Block 11235: KERNELBASE.dll!FlsSetValue

  Block 11236: ntdll.dll!RtlFlsSetValue

  Block 11237: ucrtbase.dll!_o__register_onexit_function

  Block 11238: KERNELBASE.dll!FlsSetValue

  Block 11239: ntdll.dll!RtlFlsSetValue

  Block 11240: ucrtbase.dll!_register_onexit_function

  Block 11241: KERNELBASE.dll!GetLastError

  Block 11242: KERNELBASE.dll!FlsGetValue

  Block 11243: ntdll.dll!RtlFlsGetValue

  Block 11244: ntdll.dll!RtlSetLastWin32Error

  Block 11245: ntdll.dll!RtlEnterCriticalSection

  Block 11246: ntdll.dll!RtlLeaveCriticalSection

  Block 11247: KERNELBASE.dll!FlsSetValue

  Block 11248: ntdll.dll!RtlFlsSetValue

  Block 11249: ucrtbase.dll!_o__register_onexit_function

  Block 11250: KERNELBASE.dll!FlsSetValue

  Block 11251: ntdll.dll!RtlFlsSetValue

  Block 11252: ucrtbase.dll!_register_onexit_function

  Block 11253: KERNELBASE.dll!GetLastError

  Block 11254: KERNELBASE.dll!FlsGetValue

  Block 11255: ntdll.dll!RtlFlsGetValue

  Block 11256: ntdll.dll!RtlSetLastWin32Error

  Block 11257: ntdll.dll!RtlEnterCriticalSection

  Block 11258: ntdll.dll!RtlLeaveCriticalSection

  Block 11259: KERNELBASE.dll!FlsSetValue

  Block 11260: ntdll.dll!RtlFlsSetValue

  Block 11261: ucrtbase.dll!_o__register_onexit_function

  Block 11262: KERNELBASE.dll!FlsSetValue

  Block 11263: ntdll.dll!RtlFlsSetValue

  Block 11264: ucrtbase.dll!_register_onexit_function

  Block 11265: KERNELBASE.dll!GetLastError

  Block 11266: KERNELBASE.dll!FlsGetValue

  Block 11267: ntdll.dll!RtlFlsGetValue

  Block 11268: ntdll.dll!RtlSetLastWin32Error

  Block 11269: ntdll.dll!RtlEnterCriticalSection

  Block 11270: ntdll.dll!RtlLeaveCriticalSection

  Block 11271: KERNELBASE.dll!FlsSetValue

  Block 11272: ntdll.dll!RtlFlsSetValue

  Block 11273: ucrtbase.dll!_o__register_onexit_function

  Block 11274: KERNELBASE.dll!FlsSetValue

  Block 11275: ntdll.dll!RtlFlsSetValue

  Block 11276: ucrtbase.dll!_register_onexit_function

  Block 11277: KERNELBASE.dll!GetLastError

  Block 11278: KERNELBASE.dll!FlsGetValue

  Block 11279: ntdll.dll!RtlFlsGetValue

  Block 11280: ntdll.dll!RtlSetLastWin32Error

  Block 11281: ntdll.dll!RtlEnterCriticalSection

  Block 11282: ntdll.dll!RtlLeaveCriticalSection

  Block 11283: KERNELBASE.dll!FlsSetValue

  Block 11284: ntdll.dll!RtlFlsSetValue

  Block 11285: ucrtbase.dll!_o__register_onexit_function

  Block 11286: KERNELBASE.dll!FlsSetValue

  Block 11287: ntdll.dll!RtlFlsSetValue

  Block 11288: ucrtbase.dll!_register_onexit_function

  Block 11289: KERNELBASE.dll!GetLastError

  Block 11290: KERNELBASE.dll!FlsGetValue

  Block 11291: ntdll.dll!RtlFlsGetValue

  Block 11292: ntdll.dll!RtlSetLastWin32Error

  Block 11293: ntdll.dll!RtlEnterCriticalSection

  Block 11294: ntdll.dll!RtlLeaveCriticalSection

  Block 11295: KERNELBASE.dll!FlsSetValue

  Block 11296: ntdll.dll!RtlFlsSetValue

  Block 11297: ucrtbase.dll!_o__register_onexit_function

  Block 11298: KERNELBASE.dll!FlsSetValue

  Block 11299: ntdll.dll!RtlFlsSetValue

  Block 11300: ucrtbase.dll!_register_onexit_function

  Block 11301: KERNELBASE.dll!GetLastError

  Block 11302: KERNELBASE.dll!FlsGetValue

  Block 11303: ntdll.dll!RtlFlsGetValue

  Block 11304: ntdll.dll!RtlSetLastWin32Error

  Block 11305: ntdll.dll!RtlEnterCriticalSection

  Block 11306: ntdll.dll!RtlLeaveCriticalSection

  Block 11307: KERNELBASE.dll!FlsSetValue

  Block 11308: ntdll.dll!RtlFlsSetValue

  Block 11309: ucrtbase.dll!_o__register_onexit_function

  Block 11310: KERNELBASE.dll!FlsSetValue

  Block 11311: ntdll.dll!RtlFlsSetValue

  Block 11312: ucrtbase.dll!_register_onexit_function

  Block 11313: KERNELBASE.dll!GetLastError

  Block 11314: KERNELBASE.dll!FlsGetValue

  Block 11315: ntdll.dll!RtlFlsGetValue

  Block 11316: ntdll.dll!RtlSetLastWin32Error

  Block 11317: ntdll.dll!RtlEnterCriticalSection

  Block 11318: ntdll.dll!RtlLeaveCriticalSection

  Block 11319: KERNELBASE.dll!FlsSetValue

  Block 11320: ntdll.dll!RtlFlsSetValue

  Block 11321: ucrtbase.dll!_o__register_onexit_function

  Block 11322: KERNELBASE.dll!FlsSetValue

  Block 11323: ntdll.dll!RtlFlsSetValue

  Block 11324: ucrtbase.dll!_register_onexit_function

  Block 11325: KERNELBASE.dll!GetLastError

  Block 11326: KERNELBASE.dll!FlsGetValue

  Block 11327: ntdll.dll!RtlFlsGetValue

  Block 11328: ntdll.dll!RtlSetLastWin32Error

  Block 11329: ntdll.dll!RtlEnterCriticalSection

  Block 11330: ntdll.dll!RtlLeaveCriticalSection

  Block 11331: KERNELBASE.dll!FlsSetValue

  Block 11332: ntdll.dll!RtlFlsSetValue

  Block 11333: ucrtbase.dll!_o__register_onexit_function

  Block 11334: KERNELBASE.dll!FlsSetValue

  Block 11335: ntdll.dll!RtlFlsSetValue

  Block 11336: ucrtbase.dll!_register_onexit_function

  Block 11337: KERNELBASE.dll!GetLastError

  Block 11338: KERNELBASE.dll!FlsGetValue

  Block 11339: ntdll.dll!RtlFlsGetValue

  Block 11340: ntdll.dll!RtlSetLastWin32Error

  Block 11341: ntdll.dll!RtlEnterCriticalSection

  Block 11342: ntdll.dll!RtlLeaveCriticalSection

  Block 11343: KERNELBASE.dll!FlsSetValue

  Block 11344: ntdll.dll!RtlFlsSetValue

  Block 11345: ucrtbase.dll!_o__register_onexit_function

  Block 11346: KERNELBASE.dll!FlsSetValue

  Block 11347: ntdll.dll!RtlFlsSetValue

  Block 11348: ucrtbase.dll!_register_onexit_function

  Block 11349: KERNELBASE.dll!GetLastError

  Block 11350: KERNELBASE.dll!FlsGetValue

  Block 11351: ntdll.dll!RtlFlsGetValue

  Block 11352: ntdll.dll!RtlSetLastWin32Error

  Block 11353: ntdll.dll!RtlEnterCriticalSection

  Block 11354: ntdll.dll!RtlLeaveCriticalSection

  Block 11355: KERNELBASE.dll!FlsSetValue

  Block 11356: ntdll.dll!RtlFlsSetValue

  Block 11357: ucrtbase.dll!_o__register_onexit_function

  Block 11358: KERNELBASE.dll!FlsSetValue

  Block 11359: ntdll.dll!RtlFlsSetValue

  Block 11360: ucrtbase.dll!_register_onexit_function

  Block 11361: KERNELBASE.dll!GetLastError

  Block 11362: KERNELBASE.dll!FlsGetValue

  Block 11363: ntdll.dll!RtlFlsGetValue

  Block 11364: ntdll.dll!RtlSetLastWin32Error

  Block 11365: ntdll.dll!RtlEnterCriticalSection

  Block 11366: ntdll.dll!RtlLeaveCriticalSection

  Block 11367: KERNELBASE.dll!FlsSetValue

  Block 11368: ntdll.dll!RtlFlsSetValue

  Block 11369: ucrtbase.dll!_o__register_onexit_function

  Block 11370: KERNELBASE.dll!FlsSetValue

  Block 11371: ntdll.dll!RtlFlsSetValue

  Block 11372: ucrtbase.dll!_register_onexit_function

  Block 11373: KERNELBASE.dll!GetLastError

  Block 11374: KERNELBASE.dll!FlsGetValue

  Block 11375: ntdll.dll!RtlFlsGetValue

  Block 11376: ntdll.dll!RtlSetLastWin32Error

  Block 11377: ntdll.dll!RtlEnterCriticalSection

  Block 11378: ntdll.dll!RtlLeaveCriticalSection

  Block 11379: KERNELBASE.dll!FlsSetValue

  Block 11380: ntdll.dll!RtlFlsSetValue

  Block 11381: ucrtbase.dll!_o__register_onexit_function

  Block 11382: KERNELBASE.dll!FlsSetValue

  Block 11383: ntdll.dll!RtlFlsSetValue

  Block 11384: ucrtbase.dll!_register_onexit_function

  Block 11385: KERNELBASE.dll!GetLastError

  Block 11386: KERNELBASE.dll!FlsGetValue

  Block 11387: ntdll.dll!RtlFlsGetValue

  Block 11388: ntdll.dll!RtlSetLastWin32Error

  Block 11389: ntdll.dll!RtlEnterCriticalSection

  Block 11390: ntdll.dll!RtlLeaveCriticalSection

  Block 11391: KERNELBASE.dll!FlsSetValue

  Block 11392: ntdll.dll!RtlFlsSetValue

  Block 11393: ucrtbase.dll!_o__register_onexit_function

  Block 11394: KERNELBASE.dll!FlsSetValue

  Block 11395: ntdll.dll!RtlFlsSetValue

  Block 11396: ucrtbase.dll!_register_onexit_function

  Block 11397: KERNELBASE.dll!GetLastError

  Block 11398: KERNELBASE.dll!FlsGetValue

  Block 11399: ntdll.dll!RtlFlsGetValue

  Block 11400: ntdll.dll!RtlSetLastWin32Error

  Block 11401: ntdll.dll!RtlEnterCriticalSection

  Block 11402: ntdll.dll!RtlLeaveCriticalSection

  Block 11403: KERNELBASE.dll!FlsSetValue

  Block 11404: ntdll.dll!RtlFlsSetValue

  Block 11405: ucrtbase.dll!_o__register_onexit_function

  Block 11406: KERNELBASE.dll!FlsSetValue

  Block 11407: ntdll.dll!RtlFlsSetValue

  Block 11408: ucrtbase.dll!_register_onexit_function

  Block 11409: KERNELBASE.dll!GetLastError

  Block 11410: KERNELBASE.dll!FlsGetValue

  Block 11411: ntdll.dll!RtlFlsGetValue

  Block 11412: ntdll.dll!RtlSetLastWin32Error

  Block 11413: ntdll.dll!RtlEnterCriticalSection

  Block 11414: ntdll.dll!RtlLeaveCriticalSection

  Block 11415: KERNELBASE.dll!FlsSetValue

  Block 11416: ntdll.dll!RtlFlsSetValue

  Block 11417: ucrtbase.dll!_o__register_onexit_function

  Block 11418: KERNELBASE.dll!FlsSetValue

  Block 11419: ntdll.dll!RtlFlsSetValue

  Block 11420: ucrtbase.dll!_register_onexit_function

  Block 11421: KERNELBASE.dll!GetLastError

  Block 11422: KERNELBASE.dll!FlsGetValue

  Block 11423: ntdll.dll!RtlFlsGetValue

  Block 11424: ntdll.dll!RtlSetLastWin32Error

  Block 11425: ntdll.dll!RtlEnterCriticalSection

  Block 11426: ntdll.dll!RtlLeaveCriticalSection

  Block 11427: KERNELBASE.dll!FlsSetValue

  Block 11428: ntdll.dll!RtlFlsSetValue

  Block 11429: ucrtbase.dll!_o__register_onexit_function

  Block 11430: KERNELBASE.dll!FlsSetValue

  Block 11431: ntdll.dll!RtlFlsSetValue

  Block 11432: ucrtbase.dll!_register_onexit_function

  Block 11433: KERNELBASE.dll!GetLastError

  Block 11434: KERNELBASE.dll!FlsGetValue

  Block 11435: ntdll.dll!RtlFlsGetValue

  Block 11436: ntdll.dll!RtlSetLastWin32Error

  Block 11437: ntdll.dll!RtlEnterCriticalSection

  Block 11438: ntdll.dll!RtlLeaveCriticalSection

  Block 11439: KERNELBASE.dll!FlsSetValue

  Block 11440: ntdll.dll!RtlFlsSetValue

  Block 11441: ucrtbase.dll!_o__register_onexit_function

  Block 11442: KERNELBASE.dll!FlsSetValue

  Block 11443: ntdll.dll!RtlFlsSetValue

  Block 11444: ucrtbase.dll!_register_onexit_function

  Block 11445: KERNELBASE.dll!GetLastError

  Block 11446: KERNELBASE.dll!FlsGetValue

  Block 11447: ntdll.dll!RtlFlsGetValue

  Block 11448: ntdll.dll!RtlSetLastWin32Error

  Block 11449: ntdll.dll!RtlEnterCriticalSection

  Block 11450: ntdll.dll!RtlLeaveCriticalSection

  Block 11451: KERNELBASE.dll!FlsSetValue

  Block 11452: ntdll.dll!RtlFlsSetValue

  Block 11453: ucrtbase.dll!_o__register_onexit_function

  Block 11454: KERNELBASE.dll!FlsSetValue

  Block 11455: ntdll.dll!RtlFlsSetValue

  Block 11456: ucrtbase.dll!_register_onexit_function

  Block 11457: KERNELBASE.dll!GetLastError

  Block 11458: KERNELBASE.dll!FlsGetValue

  Block 11459: ntdll.dll!RtlFlsGetValue

  Block 11460: ntdll.dll!RtlSetLastWin32Error

  Block 11461: ntdll.dll!RtlEnterCriticalSection

  Block 11462: ntdll.dll!RtlLeaveCriticalSection

  Block 11463: KERNELBASE.dll!FlsSetValue

  Block 11464: ntdll.dll!RtlFlsSetValue

  Block 11465: ucrtbase.dll!_o__register_onexit_function

  Block 11466: KERNELBASE.dll!FlsSetValue

  Block 11467: ntdll.dll!RtlFlsSetValue

  Block 11468: ucrtbase.dll!_register_onexit_function

  Block 11469: KERNELBASE.dll!GetLastError

  Block 11470: KERNELBASE.dll!FlsGetValue

  Block 11471: ntdll.dll!RtlFlsGetValue

  Block 11472: ntdll.dll!RtlSetLastWin32Error

  Block 11473: ntdll.dll!RtlEnterCriticalSection

  Block 11474: ntdll.dll!RtlLeaveCriticalSection

  Block 11475: KERNELBASE.dll!FlsSetValue

  Block 11476: ntdll.dll!RtlFlsSetValue

  Block 11477: ucrtbase.dll!_o__register_onexit_function

  Block 11478: KERNELBASE.dll!FlsSetValue

  Block 11479: ntdll.dll!RtlFlsSetValue

  Block 11480: ucrtbase.dll!_register_onexit_function

  Block 11481: KERNELBASE.dll!GetLastError

  Block 11482: KERNELBASE.dll!FlsGetValue

  Block 11483: ntdll.dll!RtlFlsGetValue

  Block 11484: ntdll.dll!RtlSetLastWin32Error

  Block 11485: ntdll.dll!RtlEnterCriticalSection

  Block 11486: ntdll.dll!RtlLeaveCriticalSection

  Block 11487: KERNELBASE.dll!FlsSetValue

  Block 11488: ntdll.dll!RtlFlsSetValue

  Block 11489: ucrtbase.dll!_o__register_onexit_function

  Block 11490: KERNELBASE.dll!FlsSetValue

  Block 11491: ntdll.dll!RtlFlsSetValue

  Block 11492: ucrtbase.dll!_register_onexit_function

  Block 11493: KERNELBASE.dll!GetLastError

  Block 11494: KERNELBASE.dll!FlsGetValue

  Block 11495: ntdll.dll!RtlFlsGetValue

  Block 11496: ntdll.dll!RtlSetLastWin32Error

  Block 11497: ntdll.dll!RtlEnterCriticalSection

  Block 11498: ntdll.dll!RtlLeaveCriticalSection

  Block 11499: KERNELBASE.dll!FlsSetValue

  Block 11500: ntdll.dll!RtlFlsSetValue

  Block 11501: ucrtbase.dll!_o__register_onexit_function

  Block 11502: KERNELBASE.dll!FlsSetValue

  Block 11503: ntdll.dll!RtlFlsSetValue

  Block 11504: ucrtbase.dll!_register_onexit_function

  Block 11505: KERNELBASE.dll!GetLastError

  Block 11506: KERNELBASE.dll!FlsGetValue

  Block 11507: ntdll.dll!RtlFlsGetValue

  Block 11508: ntdll.dll!RtlSetLastWin32Error

  Block 11509: ntdll.dll!RtlEnterCriticalSection

  Block 11510: ntdll.dll!RtlLeaveCriticalSection

  Block 11511: KERNELBASE.dll!FlsSetValue

  Block 11512: ntdll.dll!RtlFlsSetValue

  Block 11513: ucrtbase.dll!_o__register_onexit_function

  Block 11514: KERNELBASE.dll!FlsSetValue

  Block 11515: ntdll.dll!RtlFlsSetValue

  Block 11516: ucrtbase.dll!_register_onexit_function

  Block 11517: KERNELBASE.dll!GetLastError

  Block 11518: KERNELBASE.dll!FlsGetValue

  Block 11519: ntdll.dll!RtlFlsGetValue

  Block 11520: ntdll.dll!RtlSetLastWin32Error

  Block 11521: ntdll.dll!RtlEnterCriticalSection

  Block 11522: ntdll.dll!RtlLeaveCriticalSection

  Block 11523: KERNELBASE.dll!FlsSetValue

  Block 11524: ntdll.dll!RtlFlsSetValue

  Block 11525: ucrtbase.dll!_o__register_onexit_function

  Block 11526: KERNELBASE.dll!FlsSetValue

  Block 11527: ntdll.dll!RtlFlsSetValue

  Block 11528: ucrtbase.dll!_register_onexit_function

  Block 11529: KERNELBASE.dll!GetLastError

  Block 11530: KERNELBASE.dll!FlsGetValue

  Block 11531: ntdll.dll!RtlFlsGetValue

  Block 11532: ntdll.dll!RtlSetLastWin32Error

  Block 11533: ntdll.dll!RtlEnterCriticalSection

  Block 11534: ntdll.dll!RtlLeaveCriticalSection

  Block 11535: KERNELBASE.dll!FlsSetValue

  Block 11536: ntdll.dll!RtlFlsSetValue

  Block 11537: ucrtbase.dll!_o__register_onexit_function

  Block 11538: KERNELBASE.dll!FlsSetValue

  Block 11539: ntdll.dll!RtlFlsSetValue

  Block 11540: ucrtbase.dll!_register_onexit_function

  Block 11541: KERNELBASE.dll!GetLastError

  Block 11542: KERNELBASE.dll!FlsGetValue

  Block 11543: ntdll.dll!RtlFlsGetValue

  Block 11544: ntdll.dll!RtlSetLastWin32Error

  Block 11545: ntdll.dll!RtlEnterCriticalSection

  Block 11546: ntdll.dll!RtlLeaveCriticalSection

  Block 11547: KERNELBASE.dll!FlsSetValue

  Block 11548: ntdll.dll!RtlFlsSetValue

  Block 11549: ucrtbase.dll!_o__register_onexit_function

  Block 11550: KERNELBASE.dll!FlsSetValue

  Block 11551: ntdll.dll!RtlFlsSetValue

  Block 11552: ucrtbase.dll!_register_onexit_function

  Block 11553: KERNELBASE.dll!GetLastError

  Block 11554: KERNELBASE.dll!FlsGetValue

  Block 11555: ntdll.dll!RtlFlsGetValue

  Block 11556: ntdll.dll!RtlSetLastWin32Error

  Block 11557: ntdll.dll!RtlEnterCriticalSection

  Block 11558: ntdll.dll!RtlLeaveCriticalSection

  Block 11559: KERNELBASE.dll!FlsSetValue

  Block 11560: ntdll.dll!RtlFlsSetValue

  Block 11561: ucrtbase.dll!_o__register_onexit_function

  Block 11562: KERNELBASE.dll!FlsSetValue

  Block 11563: ntdll.dll!RtlFlsSetValue

  Block 11564: ucrtbase.dll!_register_onexit_function

  Block 11565: KERNELBASE.dll!GetLastError

  Block 11566: KERNELBASE.dll!FlsGetValue

  Block 11567: ntdll.dll!RtlFlsGetValue

  Block 11568: ntdll.dll!RtlSetLastWin32Error

  Block 11569: ntdll.dll!RtlEnterCriticalSection

  Block 11570: ntdll.dll!RtlLeaveCriticalSection

  Block 11571: KERNELBASE.dll!FlsSetValue

  Block 11572: ntdll.dll!RtlFlsSetValue

  Block 11573: ucrtbase.dll!_o__register_onexit_function

  Block 11574: KERNELBASE.dll!FlsSetValue

  Block 11575: ntdll.dll!RtlFlsSetValue

  Block 11576: ucrtbase.dll!_register_onexit_function

  Block 11577: KERNELBASE.dll!GetLastError

  Block 11578: KERNELBASE.dll!FlsGetValue

  Block 11579: ntdll.dll!RtlFlsGetValue

  Block 11580: ntdll.dll!RtlSetLastWin32Error

  Block 11581: ntdll.dll!RtlEnterCriticalSection

  Block 11582: ntdll.dll!RtlLeaveCriticalSection

  Block 11583: KERNELBASE.dll!FlsSetValue

  Block 11584: ntdll.dll!RtlFlsSetValue

  Block 11585: ucrtbase.dll!_o__register_onexit_function

  Block 11586: KERNELBASE.dll!FlsSetValue

  Block 11587: ntdll.dll!RtlFlsSetValue

  Block 11588: ucrtbase.dll!_register_onexit_function

  Block 11589: KERNELBASE.dll!GetLastError

  Block 11590: KERNELBASE.dll!FlsGetValue

  Block 11591: ntdll.dll!RtlFlsGetValue

  Block 11592: ntdll.dll!RtlSetLastWin32Error

  Block 11593: ntdll.dll!RtlEnterCriticalSection

  Block 11594: ntdll.dll!RtlLeaveCriticalSection

  Block 11595: KERNELBASE.dll!FlsSetValue

  Block 11596: ntdll.dll!RtlFlsSetValue

  Block 11597: ucrtbase.dll!_o__register_onexit_function

  Block 11598: KERNELBASE.dll!FlsSetValue

  Block 11599: ntdll.dll!RtlFlsSetValue

  Block 11600: ucrtbase.dll!_register_onexit_function

  Block 11601: KERNELBASE.dll!GetLastError

  Block 11602: KERNELBASE.dll!FlsGetValue

  Block 11603: ntdll.dll!RtlFlsGetValue

  Block 11604: ntdll.dll!RtlSetLastWin32Error

  Block 11605: ntdll.dll!RtlEnterCriticalSection

  Block 11606: ntdll.dll!RtlLeaveCriticalSection

  Block 11607: KERNELBASE.dll!FlsSetValue

  Block 11608: ntdll.dll!RtlFlsSetValue

  Block 11609: ucrtbase.dll!_o__register_onexit_function

  Block 11610: KERNELBASE.dll!FlsSetValue

  Block 11611: ntdll.dll!RtlFlsSetValue

  Block 11612: ucrtbase.dll!_register_onexit_function

  Block 11613: KERNELBASE.dll!GetLastError

  Block 11614: KERNELBASE.dll!FlsGetValue

  Block 11615: ntdll.dll!RtlFlsGetValue

  Block 11616: ntdll.dll!RtlSetLastWin32Error

  Block 11617: ntdll.dll!RtlEnterCriticalSection

  Block 11618: ntdll.dll!RtlLeaveCriticalSection

  Block 11619: KERNELBASE.dll!FlsSetValue

  Block 11620: ntdll.dll!RtlFlsSetValue

  Block 11621: ucrtbase.dll!_o__register_onexit_function

  Block 11622: KERNELBASE.dll!FlsSetValue

  Block 11623: ntdll.dll!RtlFlsSetValue

  Block 11624: ucrtbase.dll!_register_onexit_function

  Block 11625: KERNELBASE.dll!GetLastError

  Block 11626: KERNELBASE.dll!FlsGetValue

  Block 11627: ntdll.dll!RtlFlsGetValue

  Block 11628: ntdll.dll!RtlSetLastWin32Error

  Block 11629: ntdll.dll!RtlEnterCriticalSection

  Block 11630: ntdll.dll!RtlLeaveCriticalSection

  Block 11631: KERNELBASE.dll!FlsSetValue

  Block 11632: ntdll.dll!RtlFlsSetValue

  Block 11633: ucrtbase.dll!_o__register_onexit_function

  Block 11634: KERNELBASE.dll!FlsSetValue

  Block 11635: ntdll.dll!RtlFlsSetValue

  Block 11636: ucrtbase.dll!_register_onexit_function

  Block 11637: KERNELBASE.dll!GetLastError

  Block 11638: KERNELBASE.dll!FlsGetValue

  Block 11639: ntdll.dll!RtlFlsGetValue

  Block 11640: ntdll.dll!RtlSetLastWin32Error

  Block 11641: ntdll.dll!RtlEnterCriticalSection

  Block 11642: ntdll.dll!RtlLeaveCriticalSection

  Block 11643: KERNELBASE.dll!FlsSetValue

  Block 11644: ntdll.dll!RtlFlsSetValue

  Block 11645: ucrtbase.dll!_o__register_onexit_function

  Block 11646: KERNELBASE.dll!FlsSetValue

  Block 11647: ntdll.dll!RtlFlsSetValue

  Block 11648: ucrtbase.dll!_register_onexit_function

  Block 11649: KERNELBASE.dll!GetLastError

  Block 11650: KERNELBASE.dll!FlsGetValue

  Block 11651: ntdll.dll!RtlFlsGetValue

  Block 11652: ntdll.dll!RtlSetLastWin32Error

  Block 11653: ntdll.dll!RtlEnterCriticalSection

  Block 11654: ntdll.dll!RtlLeaveCriticalSection

  Block 11655: KERNELBASE.dll!FlsSetValue

  Block 11656: ntdll.dll!RtlFlsSetValue

  Block 11657: ucrtbase.dll!_o__register_onexit_function

  Block 11658: KERNELBASE.dll!FlsSetValue

  Block 11659: ntdll.dll!RtlFlsSetValue

  Block 11660: ucrtbase.dll!_register_onexit_function

  Block 11661: KERNELBASE.dll!GetLastError

  Block 11662: KERNELBASE.dll!FlsGetValue

  Block 11663: ntdll.dll!RtlFlsGetValue

  Block 11664: ntdll.dll!RtlSetLastWin32Error

  Block 11665: ntdll.dll!RtlEnterCriticalSection

  Block 11666: ntdll.dll!RtlLeaveCriticalSection

  Block 11667: KERNELBASE.dll!FlsSetValue

  Block 11668: ntdll.dll!RtlFlsSetValue

  Block 11669: ucrtbase.dll!_o__register_onexit_function

  Block 11670: KERNELBASE.dll!FlsSetValue

  Block 11671: ntdll.dll!RtlFlsSetValue

  Block 11672: ucrtbase.dll!_register_onexit_function

  Block 11673: KERNELBASE.dll!GetLastError

  Block 11674: KERNELBASE.dll!FlsGetValue

  Block 11675: ntdll.dll!RtlFlsGetValue

  Block 11676: ntdll.dll!RtlSetLastWin32Error

  Block 11677: ntdll.dll!RtlEnterCriticalSection

  Block 11678: ntdll.dll!RtlLeaveCriticalSection

  Block 11679: KERNELBASE.dll!FlsSetValue

  Block 11680: ntdll.dll!RtlFlsSetValue

  Block 11681: ucrtbase.dll!_o__register_onexit_function

  Block 11682: KERNELBASE.dll!FlsSetValue

  Block 11683: ntdll.dll!RtlFlsSetValue

  Block 11684: ucrtbase.dll!_register_onexit_function

  Block 11685: KERNELBASE.dll!GetLastError

  Block 11686: KERNELBASE.dll!FlsGetValue

  Block 11687: ntdll.dll!RtlFlsGetValue

  Block 11688: ntdll.dll!RtlSetLastWin32Error

  Block 11689: ntdll.dll!RtlEnterCriticalSection

  Block 11690: ntdll.dll!RtlLeaveCriticalSection

  Block 11691: KERNELBASE.dll!FlsSetValue

  Block 11692: ntdll.dll!RtlFlsSetValue

  Block 11693: ucrtbase.dll!_o__register_onexit_function

  Block 11694: KERNELBASE.dll!FlsSetValue

  Block 11695: ntdll.dll!RtlFlsSetValue

  Block 11696: ucrtbase.dll!_register_onexit_function

  Block 11697: KERNELBASE.dll!GetLastError

  Block 11698: KERNELBASE.dll!FlsGetValue

  Block 11699: ntdll.dll!RtlFlsGetValue

  Block 11700: ntdll.dll!RtlSetLastWin32Error

  Block 11701: ntdll.dll!RtlEnterCriticalSection

  Block 11702: ntdll.dll!RtlLeaveCriticalSection

  Block 11703: KERNELBASE.dll!FlsSetValue

  Block 11704: ntdll.dll!RtlFlsSetValue

  Block 11705: ucrtbase.dll!_o__register_onexit_function

  Block 11706: KERNELBASE.dll!FlsSetValue

  Block 11707: ntdll.dll!RtlFlsSetValue

  Block 11708: ucrtbase.dll!_register_onexit_function

  Block 11709: KERNELBASE.dll!GetLastError

  Block 11710: KERNELBASE.dll!FlsGetValue

  Block 11711: ntdll.dll!RtlFlsGetValue

  Block 11712: ntdll.dll!RtlSetLastWin32Error

  Block 11713: ntdll.dll!RtlEnterCriticalSection

  Block 11714: ntdll.dll!RtlLeaveCriticalSection

  Block 11715: KERNELBASE.dll!FlsSetValue

  Block 11716: ntdll.dll!RtlFlsSetValue

  Block 11717: ucrtbase.dll!_o__register_onexit_function

  Block 11718: KERNELBASE.dll!FlsSetValue

  Block 11719: ntdll.dll!RtlFlsSetValue

  Block 11720: ucrtbase.dll!_register_onexit_function

  Block 11721: KERNELBASE.dll!GetLastError

  Block 11722: KERNELBASE.dll!FlsGetValue

  Block 11723: ntdll.dll!RtlFlsGetValue

  Block 11724: ntdll.dll!RtlSetLastWin32Error

  Block 11725: ntdll.dll!RtlEnterCriticalSection

  Block 11726: ntdll.dll!RtlLeaveCriticalSection

  Block 11727: KERNELBASE.dll!FlsSetValue

  Block 11728: ntdll.dll!RtlFlsSetValue

  Block 11729: ucrtbase.dll!_o__register_onexit_function

  Block 11730: KERNELBASE.dll!FlsSetValue

  Block 11731: ntdll.dll!RtlFlsSetValue

  Block 11732: ucrtbase.dll!_register_onexit_function

  Block 11733: KERNELBASE.dll!GetLastError

  Block 11734: KERNELBASE.dll!FlsGetValue

  Block 11735: ntdll.dll!RtlFlsGetValue

  Block 11736: ntdll.dll!RtlSetLastWin32Error

  Block 11737: ntdll.dll!RtlEnterCriticalSection

  Block 11738: ntdll.dll!RtlLeaveCriticalSection

  Block 11739: KERNELBASE.dll!FlsSetValue

  Block 11740: ntdll.dll!RtlFlsSetValue

  Block 11741: ucrtbase.dll!_o__register_onexit_function

  Block 11742: KERNELBASE.dll!FlsSetValue

  Block 11743: ntdll.dll!RtlFlsSetValue

  Block 11744: ucrtbase.dll!_register_onexit_function

  Block 11745: KERNELBASE.dll!GetLastError

  Block 11746: KERNELBASE.dll!FlsGetValue

  Block 11747: ntdll.dll!RtlFlsGetValue

  Block 11748: ntdll.dll!RtlSetLastWin32Error

  Block 11749: ntdll.dll!RtlEnterCriticalSection

  Block 11750: ntdll.dll!RtlLeaveCriticalSection

  Block 11751: KERNELBASE.dll!FlsSetValue

  Block 11752: ntdll.dll!RtlFlsSetValue

  Block 11753: ucrtbase.dll!_o__register_onexit_function

  Block 11754: KERNELBASE.dll!FlsSetValue

  Block 11755: ntdll.dll!RtlFlsSetValue

  Block 11756: ucrtbase.dll!_register_onexit_function

  Block 11757: KERNELBASE.dll!GetLastError

  Block 11758: KERNELBASE.dll!FlsGetValue

  Block 11759: ntdll.dll!RtlFlsGetValue

  Block 11760: ntdll.dll!RtlSetLastWin32Error

  Block 11761: ntdll.dll!RtlEnterCriticalSection

  Block 11762: ntdll.dll!RtlLeaveCriticalSection

  Block 11763: KERNELBASE.dll!FlsSetValue

  Block 11764: ntdll.dll!RtlFlsSetValue

  Block 11765: ucrtbase.dll!_o__register_onexit_function

  Block 11766: KERNELBASE.dll!FlsSetValue

  Block 11767: ntdll.dll!RtlFlsSetValue

  Block 11768: ucrtbase.dll!_register_onexit_function

  Block 11769: KERNELBASE.dll!GetLastError

  Block 11770: KERNELBASE.dll!FlsGetValue

  Block 11771: ntdll.dll!RtlFlsGetValue

  Block 11772: ntdll.dll!RtlSetLastWin32Error

  Block 11773: ntdll.dll!RtlEnterCriticalSection

  Block 11774: ntdll.dll!RtlLeaveCriticalSection

  Block 11775: KERNELBASE.dll!FlsSetValue

  Block 11776: ntdll.dll!RtlFlsSetValue

  Block 11777: ucrtbase.dll!_o__register_onexit_function

  Block 11778: KERNELBASE.dll!FlsSetValue

  Block 11779: ntdll.dll!RtlFlsSetValue

  Block 11780: ucrtbase.dll!_register_onexit_function

  Block 11781: KERNELBASE.dll!GetLastError

  Block 11782: KERNELBASE.dll!FlsGetValue

  Block 11783: ntdll.dll!RtlFlsGetValue

  Block 11784: ntdll.dll!RtlSetLastWin32Error

  Block 11785: ntdll.dll!RtlEnterCriticalSection

  Block 11786: ntdll.dll!RtlLeaveCriticalSection

  Block 11787: KERNELBASE.dll!FlsSetValue

  Block 11788: ntdll.dll!RtlFlsSetValue

  Block 11789: ucrtbase.dll!_o__register_onexit_function

  Block 11790: KERNELBASE.dll!FlsSetValue

  Block 11791: ntdll.dll!RtlFlsSetValue

  Block 11792: ucrtbase.dll!_register_onexit_function

  Block 11793: KERNELBASE.dll!GetLastError

  Block 11794: KERNELBASE.dll!FlsGetValue

  Block 11795: ntdll.dll!RtlFlsGetValue

  Block 11796: ntdll.dll!RtlSetLastWin32Error

  Block 11797: ntdll.dll!RtlEnterCriticalSection

  Block 11798: ntdll.dll!RtlLeaveCriticalSection

  Block 11799: KERNELBASE.dll!FlsSetValue

  Block 11800: ntdll.dll!RtlFlsSetValue

  Block 11801: ucrtbase.dll!_o__register_onexit_function

  Block 11802: KERNELBASE.dll!FlsSetValue

  Block 11803: ntdll.dll!RtlFlsSetValue

  Block 11804: ucrtbase.dll!_register_onexit_function

  Block 11805: KERNELBASE.dll!GetLastError

  Block 11806: KERNELBASE.dll!FlsGetValue

  Block 11807: ntdll.dll!RtlFlsGetValue

  Block 11808: ntdll.dll!RtlSetLastWin32Error

  Block 11809: ntdll.dll!RtlEnterCriticalSection

  Block 11810: ntdll.dll!RtlLeaveCriticalSection

  Block 11811: KERNELBASE.dll!FlsSetValue

  Block 11812: ntdll.dll!RtlFlsSetValue

  Block 11813: ucrtbase.dll!_o__register_onexit_function

  Block 11814: KERNELBASE.dll!FlsSetValue

  Block 11815: ntdll.dll!RtlFlsSetValue

  Block 11816: ucrtbase.dll!_register_onexit_function

  Block 11817: KERNELBASE.dll!GetLastError

  Block 11818: KERNELBASE.dll!FlsGetValue

  Block 11819: ntdll.dll!RtlFlsGetValue

  Block 11820: ntdll.dll!RtlSetLastWin32Error

  Block 11821: ntdll.dll!RtlEnterCriticalSection

  Block 11822: ntdll.dll!RtlLeaveCriticalSection

  Block 11823: KERNELBASE.dll!FlsSetValue

  Block 11824: ntdll.dll!RtlFlsSetValue

  Block 11825: ucrtbase.dll!_o__register_onexit_function

  Block 11826: KERNELBASE.dll!FlsSetValue

  Block 11827: ntdll.dll!RtlFlsSetValue

  Block 11828: ucrtbase.dll!_register_onexit_function

  Block 11829: KERNELBASE.dll!GetLastError

  Block 11830: KERNELBASE.dll!FlsGetValue

  Block 11831: ntdll.dll!RtlFlsGetValue

  Block 11832: ntdll.dll!RtlSetLastWin32Error

  Block 11833: ntdll.dll!RtlEnterCriticalSection

  Block 11834: ntdll.dll!RtlLeaveCriticalSection

  Block 11835: KERNELBASE.dll!FlsSetValue

  Block 11836: ntdll.dll!RtlFlsSetValue

  Block 11837: ucrtbase.dll!_o__register_onexit_function

  Block 11838: KERNELBASE.dll!FlsSetValue

  Block 11839: ntdll.dll!RtlFlsSetValue

  Block 11840: ucrtbase.dll!_register_onexit_function

  Block 11841: KERNELBASE.dll!GetLastError

  Block 11842: KERNELBASE.dll!FlsGetValue

  Block 11843: ntdll.dll!RtlFlsGetValue

  Block 11844: ntdll.dll!RtlSetLastWin32Error

  Block 11845: ntdll.dll!RtlEnterCriticalSection

  Block 11846: ntdll.dll!RtlLeaveCriticalSection

  Block 11847: KERNELBASE.dll!FlsSetValue

  Block 11848: ntdll.dll!RtlFlsSetValue

  Block 11849: ucrtbase.dll!_o__register_onexit_function

  Block 11850: KERNELBASE.dll!FlsSetValue

  Block 11851: ntdll.dll!RtlFlsSetValue

  Block 11852: ucrtbase.dll!_register_onexit_function

  Block 11853: KERNELBASE.dll!GetLastError

  Block 11854: KERNELBASE.dll!FlsGetValue

  Block 11855: ntdll.dll!RtlFlsGetValue

  Block 11856: ntdll.dll!RtlSetLastWin32Error

  Block 11857: ntdll.dll!RtlEnterCriticalSection

  Block 11858: ntdll.dll!RtlLeaveCriticalSection

  Block 11859: KERNELBASE.dll!FlsSetValue

  Block 11860: ntdll.dll!RtlFlsSetValue

  Block 11861: ucrtbase.dll!_o__register_onexit_function

  Block 11862: KERNELBASE.dll!FlsSetValue

  Block 11863: ntdll.dll!RtlFlsSetValue

  Block 11864: ucrtbase.dll!_register_onexit_function

  Block 11865: KERNELBASE.dll!GetLastError

  Block 11866: KERNELBASE.dll!FlsGetValue

  Block 11867: ntdll.dll!RtlFlsGetValue

  Block 11868: ntdll.dll!RtlSetLastWin32Error

  Block 11869: ntdll.dll!RtlEnterCriticalSection

  Block 11870: ntdll.dll!RtlLeaveCriticalSection

  Block 11871: KERNELBASE.dll!FlsSetValue

  Block 11872: ntdll.dll!RtlFlsSetValue

  Block 11873: ucrtbase.dll!_o__register_onexit_function

  Block 11874: KERNELBASE.dll!FlsSetValue

  Block 11875: ntdll.dll!RtlFlsSetValue

  Block 11876: ucrtbase.dll!_register_onexit_function

  Block 11877: KERNELBASE.dll!GetLastError

  Block 11878: KERNELBASE.dll!FlsGetValue

  Block 11879: ntdll.dll!RtlFlsGetValue

  Block 11880: ntdll.dll!RtlSetLastWin32Error

  Block 11881: ntdll.dll!RtlEnterCriticalSection

  Block 11882: ntdll.dll!RtlLeaveCriticalSection

  Block 11883: KERNELBASE.dll!FlsSetValue

  Block 11884: ntdll.dll!RtlFlsSetValue

  Block 11885: ucrtbase.dll!_o__register_onexit_function

  Block 11886: KERNELBASE.dll!FlsSetValue

  Block 11887: ntdll.dll!RtlFlsSetValue

  Block 11888: ucrtbase.dll!_register_onexit_function

  Block 11889: KERNELBASE.dll!GetLastError

  Block 11890: KERNELBASE.dll!FlsGetValue

  Block 11891: ntdll.dll!RtlFlsGetValue

  Block 11892: ntdll.dll!RtlSetLastWin32Error

  Block 11893: ntdll.dll!RtlEnterCriticalSection

  Block 11894: ntdll.dll!RtlLeaveCriticalSection

  Block 11895: KERNELBASE.dll!FlsSetValue

  Block 11896: ntdll.dll!RtlFlsSetValue

  Block 11898: ucrtbase.dll!_o__register_onexit_function

  Block 11899: KERNELBASE.dll!FlsSetValue

  Block 11900: ntdll.dll!RtlFlsSetValue

  Block 11901: ucrtbase.dll!_register_onexit_function

  Block 11902: KERNELBASE.dll!GetLastError

  Block 11903: KERNELBASE.dll!FlsGetValue

  Block 11904: ntdll.dll!RtlFlsGetValue

  Block 11905: ntdll.dll!RtlSetLastWin32Error

  Block 11906: ntdll.dll!RtlEnterCriticalSection

  Block 11907: ntdll.dll!RtlLeaveCriticalSection

  Block 11908: KERNELBASE.dll!FlsSetValue

  Block 11909: ntdll.dll!RtlFlsSetValue

  Block 11910: KERNELBASE.dll!InitializeCriticalSectionEx

  Block 11912: ucrtbase.dll!_o__register_onexit_function

  Block 11913: KERNELBASE.dll!FlsSetValue

  Block 11914: ntdll.dll!RtlFlsSetValue

  Block 11915: ucrtbase.dll!_register_onexit_function

  Block 11916: KERNELBASE.dll!GetLastError

  Block 11917: KERNELBASE.dll!FlsGetValue

  Block 11918: ntdll.dll!RtlFlsGetValue

  Block 11919: ntdll.dll!RtlSetLastWin32Error

  Block 11920: ntdll.dll!RtlEnterCriticalSection

  Block 11921: ntdll.dll!RtlLeaveCriticalSection

  Block 11922: KERNELBASE.dll!FlsSetValue

  Block 11923: ntdll.dll!RtlFlsSetValue

  Block 11924: ucrtbase.dll!_o__register_onexit_function

  Block 11925: KERNELBASE.dll!FlsSetValue

  Block 11926: ntdll.dll!RtlFlsSetValue

  Block 11927: ucrtbase.dll!_register_onexit_function

  Block 11928: KERNELBASE.dll!GetLastError

  Block 11929: KERNELBASE.dll!FlsGetValue

  Block 11930: ntdll.dll!RtlFlsGetValue

  Block 11931: ntdll.dll!RtlSetLastWin32Error

  Block 11932: ntdll.dll!RtlEnterCriticalSection

  Block 11933: ntdll.dll!RtlSizeHeap

  Block 11934: ucrtbase.dll!_realloc_base

  Block 11935: ntdll.dll!RtlReAllocateHeap

  Block 11936: ntdll.dll!RtlTryEnterCriticalSection

  Block 11937: ntdll.dll!RtlAllocateHeap

  Block 11938: ntdll.dll!RtlLeaveCriticalSection

  Block 11939: ntdll.dll!memmove

  Block 11940: ntdll.dll!RtlFreeHeap

  Block 11941: ntdll.dll!RtlTryEnterCriticalSection

  Block 11943: ucrtbase.dll!_free_base

  Block 11944: ntdll.dll!RtlLeaveCriticalSection

  Block 11945: KERNELBASE.dll!FlsSetValue

  Block 11946: ntdll.dll!RtlFlsSetValue

  Block 11947: ucrtbase.dll!_o__register_onexit_function

  Block 11948: KERNELBASE.dll!FlsSetValue

  Block 11949: ntdll.dll!RtlFlsSetValue

  Block 11950: ucrtbase.dll!_register_onexit_function

  Block 11951: KERNELBASE.dll!GetLastError

  Block 11952: KERNELBASE.dll!FlsGetValue

  Block 11953: ntdll.dll!RtlFlsGetValue

  Block 11954: ntdll.dll!RtlSetLastWin32Error

  Block 11955: ntdll.dll!RtlEnterCriticalSection

  Block 11956: ntdll.dll!RtlLeaveCriticalSection

  Block 11957: KERNELBASE.dll!FlsSetValue

  Block 11958: ntdll.dll!RtlFlsSetValue

  Block 11959: ucrtbase.dll!_o__register_onexit_function

  Block 11960: KERNELBASE.dll!FlsSetValue

  Block 11961: ntdll.dll!RtlFlsSetValue

  Block 11962: ucrtbase.dll!_register_onexit_function

  Block 11963: KERNELBASE.dll!GetLastError

  Block 11964: KERNELBASE.dll!FlsGetValue

  Block 11965: ntdll.dll!RtlFlsGetValue

  Block 11966: ntdll.dll!RtlSetLastWin32Error

  Block 11967: ntdll.dll!RtlEnterCriticalSection

  Block 11968: ntdll.dll!RtlLeaveCriticalSection

  Block 11969: KERNELBASE.dll!FlsSetValue

  Block 11970: ntdll.dll!RtlFlsSetValue

  Block 11971: ucrtbase.dll!_o__register_onexit_function

  Block 11972: KERNELBASE.dll!FlsSetValue

  Block 11973: ntdll.dll!RtlFlsSetValue

  Block 11974: ucrtbase.dll!_register_onexit_function

  Block 11975: KERNELBASE.dll!GetLastError

  Block 11976: KERNELBASE.dll!FlsGetValue

  Block 11977: ntdll.dll!RtlFlsGetValue

  Block 11978: ntdll.dll!RtlSetLastWin32Error

  Block 11979: ntdll.dll!RtlEnterCriticalSection

  Block 11980: ntdll.dll!RtlLeaveCriticalSection

  Block 11981: KERNELBASE.dll!FlsSetValue

  Block 11982: ntdll.dll!RtlFlsSetValue

  Block 11983: ucrtbase.dll!_o__register_onexit_function

  Block 11984: KERNELBASE.dll!FlsSetValue

  Block 11985: ntdll.dll!RtlFlsSetValue

  Block 11986: ucrtbase.dll!_register_onexit_function

  Block 11987: KERNELBASE.dll!GetLastError

  Block 11988: KERNELBASE.dll!FlsGetValue

  Block 11989: ntdll.dll!RtlFlsGetValue

  Block 11990: ntdll.dll!RtlSetLastWin32Error

  Block 11991: ntdll.dll!RtlEnterCriticalSection

  Block 11992: ntdll.dll!RtlLeaveCriticalSection

  Block 11993: KERNELBASE.dll!FlsSetValue

  Block 11994: ntdll.dll!RtlFlsSetValue

  Block 11995: ucrtbase.dll!_o__register_onexit_function

  Block 11996: KERNELBASE.dll!FlsSetValue

  Block 11997: ntdll.dll!RtlFlsSetValue

  Block 11998: ucrtbase.dll!_register_onexit_function

  Block 11999: KERNELBASE.dll!GetLastError

  Block 12000: KERNELBASE.dll!FlsGetValue

  Block 12001: ntdll.dll!RtlFlsGetValue

  Block 12002: ntdll.dll!RtlSetLastWin32Error

  Block 12003: ntdll.dll!RtlEnterCriticalSection

  Block 12004: ntdll.dll!RtlLeaveCriticalSection

  Block 12005: KERNELBASE.dll!FlsSetValue

  Block 12006: ntdll.dll!RtlFlsSetValue

  Block 12007: ucrtbase.dll!_o__register_onexit_function

  Block 12008: KERNELBASE.dll!FlsSetValue

  Block 12009: ntdll.dll!RtlFlsSetValue

  Block 12010: ucrtbase.dll!_register_onexit_function

  Block 12011: KERNELBASE.dll!GetLastError

  Block 12012: KERNELBASE.dll!FlsGetValue

  Block 12013: ntdll.dll!RtlFlsGetValue

  Block 12014: ntdll.dll!RtlSetLastWin32Error

  Block 12015: ntdll.dll!RtlEnterCriticalSection

  Block 12016: ntdll.dll!RtlLeaveCriticalSection

  Block 12017: KERNELBASE.dll!FlsSetValue

  Block 12018: ntdll.dll!RtlFlsSetValue

  Block 12019: ucrtbase.dll!_o__register_onexit_function

  Block 12020: KERNELBASE.dll!FlsSetValue

  Block 12021: ntdll.dll!RtlFlsSetValue

  Block 12022: ucrtbase.dll!_register_onexit_function

  Block 12023: KERNELBASE.dll!GetLastError

  Block 12024: KERNELBASE.dll!FlsGetValue

  Block 12025: ntdll.dll!RtlFlsGetValue

  Block 12026: ntdll.dll!RtlSetLastWin32Error

  Block 12027: ntdll.dll!RtlEnterCriticalSection

  Block 12028: ntdll.dll!RtlLeaveCriticalSection

  Block 12029: KERNELBASE.dll!FlsSetValue

  Block 12030: ntdll.dll!RtlFlsSetValue

  Block 12031: ucrtbase.dll!_o__register_onexit_function

  Block 12032: KERNELBASE.dll!FlsSetValue

  Block 12033: ntdll.dll!RtlFlsSetValue

  Block 12034: ucrtbase.dll!_register_onexit_function

  Block 12035: KERNELBASE.dll!GetLastError

  Block 12036: KERNELBASE.dll!FlsGetValue

  Block 12037: ntdll.dll!RtlFlsGetValue

  Block 12038: ntdll.dll!RtlSetLastWin32Error

  Block 12039: ntdll.dll!RtlEnterCriticalSection

  Block 12040: ntdll.dll!RtlLeaveCriticalSection

  Block 12041: KERNELBASE.dll!FlsSetValue

  Block 12042: ntdll.dll!RtlFlsSetValue

  Block 12043: ucrtbase.dll!_o__register_onexit_function

  Block 12044: KERNELBASE.dll!FlsSetValue

  Block 12045: ntdll.dll!RtlFlsSetValue

  Block 12046: ucrtbase.dll!_register_onexit_function

  Block 12047: KERNELBASE.dll!GetLastError

  Block 12048: KERNELBASE.dll!FlsGetValue

  Block 12049: ntdll.dll!RtlFlsGetValue

  Block 12050: ntdll.dll!RtlSetLastWin32Error

  Block 12051: ntdll.dll!RtlEnterCriticalSection

  Block 12052: ntdll.dll!RtlLeaveCriticalSection

  Block 12053: KERNELBASE.dll!FlsSetValue

  Block 12054: ntdll.dll!RtlFlsSetValue

  Block 12055: ucrtbase.dll!_o__register_onexit_function

  Block 12056: KERNELBASE.dll!FlsSetValue

  Block 12057: ntdll.dll!RtlFlsSetValue

  Block 12058: ucrtbase.dll!_register_onexit_function

  Block 12059: KERNELBASE.dll!GetLastError

  Block 12060: KERNELBASE.dll!FlsGetValue

  Block 12061: ntdll.dll!RtlFlsGetValue

  Block 12062: ntdll.dll!RtlSetLastWin32Error

  Block 12063: ntdll.dll!RtlEnterCriticalSection

  Block 12064: ntdll.dll!RtlLeaveCriticalSection

  Block 12065: KERNELBASE.dll!FlsSetValue

  Block 12066: ntdll.dll!RtlFlsSetValue

  Block 12067: ucrtbase.dll!_o__register_onexit_function

  Block 12068: KERNELBASE.dll!FlsSetValue

  Block 12069: ntdll.dll!RtlFlsSetValue

  Block 12070: ucrtbase.dll!_register_onexit_function

  Block 12071: KERNELBASE.dll!GetLastError

  Block 12072: KERNELBASE.dll!FlsGetValue

  Block 12073: ntdll.dll!RtlFlsGetValue

  Block 12074: ntdll.dll!RtlSetLastWin32Error

  Block 12075: ntdll.dll!RtlEnterCriticalSection

  Block 12076: ntdll.dll!RtlLeaveCriticalSection

  Block 12077: KERNELBASE.dll!FlsSetValue

  Block 12078: ntdll.dll!RtlFlsSetValue

  Block 12079: ucrtbase.dll!_o__register_onexit_function

  Block 12080: KERNELBASE.dll!FlsSetValue

  Block 12081: ntdll.dll!RtlFlsSetValue

  Block 12082: ucrtbase.dll!_register_onexit_function

  Block 12083: KERNELBASE.dll!GetLastError

  Block 12084: KERNELBASE.dll!FlsGetValue

  Block 12085: ntdll.dll!RtlFlsGetValue

  Block 12086: ntdll.dll!RtlSetLastWin32Error

  Block 12087: ntdll.dll!RtlEnterCriticalSection

  Block 12088: ntdll.dll!RtlLeaveCriticalSection

  Block 12089: KERNELBASE.dll!FlsSetValue

  Block 12090: ntdll.dll!RtlFlsSetValue

  Block 12091: ucrtbase.dll!_o__register_onexit_function

  Block 12092: KERNELBASE.dll!FlsSetValue

  Block 12093: ntdll.dll!RtlFlsSetValue

  Block 12094: ucrtbase.dll!_register_onexit_function

  Block 12095: KERNELBASE.dll!GetLastError

  Block 12096: KERNELBASE.dll!FlsGetValue

  Block 12097: ntdll.dll!RtlFlsGetValue

  Block 12098: ntdll.dll!RtlSetLastWin32Error

  Block 12099: ntdll.dll!RtlEnterCriticalSection

  Block 12100: ntdll.dll!RtlLeaveCriticalSection

  Block 12101: KERNELBASE.dll!FlsSetValue

  Block 12102: ntdll.dll!RtlFlsSetValue

  Block 12103: ucrtbase.dll!_o__register_onexit_function

  Block 12104: KERNELBASE.dll!FlsSetValue

  Block 12105: ntdll.dll!RtlFlsSetValue

  Block 12106: ucrtbase.dll!_register_onexit_function

  Block 12107: KERNELBASE.dll!GetLastError

  Block 12108: KERNELBASE.dll!FlsGetValue

  Block 12109: ntdll.dll!RtlFlsGetValue

  Block 12110: ntdll.dll!RtlSetLastWin32Error

  Block 12111: ntdll.dll!RtlEnterCriticalSection

  Block 12112: ntdll.dll!RtlLeaveCriticalSection

  Block 12113: KERNELBASE.dll!FlsSetValue

  Block 12114: ntdll.dll!RtlFlsSetValue

  Block 12115: ucrtbase.dll!_o__register_onexit_function

  Block 12116: KERNELBASE.dll!FlsSetValue

  Block 12117: ntdll.dll!RtlFlsSetValue

  Block 12118: ucrtbase.dll!_register_onexit_function

  Block 12119: KERNELBASE.dll!GetLastError

  Block 12120: KERNELBASE.dll!FlsGetValue

  Block 12121: ntdll.dll!RtlFlsGetValue

  Block 12122: ntdll.dll!RtlSetLastWin32Error

  Block 12123: ntdll.dll!RtlEnterCriticalSection

  Block 12124: ntdll.dll!RtlLeaveCriticalSection

  Block 12125: KERNELBASE.dll!FlsSetValue

  Block 12126: ntdll.dll!RtlFlsSetValue

  Block 12127: ucrtbase.dll!_o__register_onexit_function

  Block 12128: KERNELBASE.dll!FlsSetValue

  Block 12129: ntdll.dll!RtlFlsSetValue

  Block 12130: ucrtbase.dll!_register_onexit_function

  Block 12131: KERNELBASE.dll!GetLastError

  Block 12132: KERNELBASE.dll!FlsGetValue

  Block 12133: ntdll.dll!RtlFlsGetValue

  Block 12134: ntdll.dll!RtlSetLastWin32Error

  Block 12135: ntdll.dll!RtlEnterCriticalSection

  Block 12136: ntdll.dll!RtlLeaveCriticalSection

  Block 12137: KERNELBASE.dll!FlsSetValue

  Block 12138: ntdll.dll!RtlFlsSetValue

  Block 12139: ucrtbase.dll!_o__register_onexit_function

  Block 12140: KERNELBASE.dll!FlsSetValue

  Block 12141: ntdll.dll!RtlFlsSetValue

  Block 12142: ucrtbase.dll!_register_onexit_function

  Block 12143: KERNELBASE.dll!GetLastError

  Block 12144: KERNELBASE.dll!FlsGetValue

  Block 12145: ntdll.dll!RtlFlsGetValue

  Block 12146: ntdll.dll!RtlSetLastWin32Error

  Block 12147: ntdll.dll!RtlEnterCriticalSection

  Block 12148: ntdll.dll!RtlLeaveCriticalSection

  Block 12149: KERNELBASE.dll!FlsSetValue

  Block 12150: ntdll.dll!RtlFlsSetValue

  Block 12151: KERNELBASE.dll!InitOnceExecuteOnce

  Block 12152: ntdll.dll!RtlRunOnceExecuteOnce

  Block 12153: ntdll.dll!RtlRunOnceComplete

  Block 12154: ucrtbase.dll!_o__register_onexit_function

  Block 12155: KERNELBASE.dll!FlsSetValue

  Block 12156: ntdll.dll!RtlFlsSetValue

  Block 12157: ucrtbase.dll!_register_onexit_function

  Block 12158: KERNELBASE.dll!GetLastError

  Block 12159: KERNELBASE.dll!FlsGetValue

  Block 12160: ntdll.dll!RtlFlsGetValue

  Block 12161: ntdll.dll!RtlSetLastWin32Error

  Block 12162: ntdll.dll!RtlEnterCriticalSection

  Block 12163: ntdll.dll!RtlLeaveCriticalSection

  Block 12164: KERNELBASE.dll!FlsSetValue

  Block 12165: ntdll.dll!RtlFlsSetValue

  Block 12166: ucrtbase.dll!_o__register_onexit_function

  Block 12167: KERNELBASE.dll!FlsSetValue

  Block 12168: ntdll.dll!RtlFlsSetValue

  Block 12169: ucrtbase.dll!_register_onexit_function

  Block 12170: KERNELBASE.dll!GetLastError

  Block 12171: KERNELBASE.dll!FlsGetValue

  Block 12172: ntdll.dll!RtlFlsGetValue

  Block 12173: ntdll.dll!RtlSetLastWin32Error

  Block 12174: ntdll.dll!RtlEnterCriticalSection

  Block 12175: ntdll.dll!RtlLeaveCriticalSection

  Block 12176: KERNELBASE.dll!FlsSetValue

  Block 12177: ntdll.dll!RtlFlsSetValue

  Block 12178: Windows.Storage.dll!DllMain

  Block 12179: ntdll.dll!EtwRegisterTraceGuidsW

  Block 12180: ntdll.dll!RtlAllocateHeap

  Block 12181: ntdll.dll!memset

  Block 12182: ntdll.dll!memset

  Block 12183: ntdll.dll!EtwNotificationRegister

  Block 12184: ntdll.dll!RtlInterlockedPopEntrySList

  Block 12185: ntdll.dll!ExpInterlockedPopEntrySListResume

  Block 12186: ntdll.dll!RtlAllocateHeap

  Block 12187: ntdll.dll!memset

  Block 12188: ntdll.dll!RtlAcquireSRWLockExclusive

  Block 12189: ntdll.dll!memset

  Block 12191: ntdll.dll!ZwTraceControl

  Block 12192: ntdll.dll!RtlAcquireSRWLockExclusive

  Block 12193: ntdll.dll!memcmp

  Block 12194: ntdll.dll!memcmp

  Block 12195: ntdll.dll!memcmp

  Block 12196: ntdll.dll!memcmp

  Block 12197: ntdll.dll!memcmp

  Block 12198: ntdll.dll!memcmp

  Block 12199: ntdll.dll!RtlRbInsertNodeEx

  Block 12200: ntdll.dll!RtlReleaseSRWLockExclusive

  Block 12201: ntdll.dll!RtlAcquireSRWLockExclusive

  Block 12202: ntdll.dll!RtlReleaseSRWLockExclusive

  Block 12203: ntdll.dll!RtlReleaseSRWLockExclusive

  Block 12204: ntdll.dll!EtwRegisterTraceGuidsW

  Block 12205: ntdll.dll!RtlAllocateHeap

  Block 12206: ntdll.dll!memset

  Block 12207: ntdll.dll!memset

  Block 12208: ntdll.dll!EtwNotificationRegister

  Block 12209: ntdll.dll!RtlInterlockedPopEntrySList

  Block 12210: ntdll.dll!ExpInterlockedPopEntrySListResume

  Block 12211: ntdll.dll!RtlAllocateHeap

  Block 12214: ntdll.dll!RtlInterlockedPopEntrySList

  Block 12215: ntdll.dll!ExpInterlockedPopEntrySListResume

  Block 12216: ntdll.dll!RtlInterlockedPopEntrySList

  Block 12217: ntdll.dll!ExpInterlockedPopEntrySListResume

  Block 12218: ntdll.dll!RtlEnterCriticalSection

  Block 12219: ntdll.dll!RtlAllocateHeap

  Block 12220: ntdll.dll!ZwAllocateVirtualMemory

  Block 12221: ntdll.dll!RtlGetCurrentServiceSessionId

  Block 12222: ntdll.dll!RtlGetCurrentServiceSessionId

  Block 12223: ntdll.dll!RtlGetCurrentServiceSessionId

  Block 12224: ntdll.dll!RtlLeaveCriticalSection

  Block 12225: ntdll.dll!RtlGetCurrentServiceSessionId

  Block 12226: ntdll.dll!RtlInterlockedPopEntrySList

  Block 12227: ntdll.dll!ExpInterlockedPopEntrySListResume

  Block 12231: ntdll.dll!RtlGetCurrentServiceSessionId

  Block 12232: ntdll.dll!memset

  Block 12233: ntdll.dll!RtlAcquireSRWLockExclusive

  Block 12234: ntdll.dll!memset

  Block 12236: ntdll.dll!ZwTraceControl

  Block 12237: ntdll.dll!RtlAcquireSRWLockExclusive

  Block 12238: ntdll.dll!memcmp

  Block 12239: ntdll.dll!memcmp

  Block 12240: ntdll.dll!memcmp

  Block 12241: ntdll.dll!memcmp

  Block 12242: ntdll.dll!memcmp

  Block 12243: ntdll.dll!memcmp

  Block 12244: ntdll.dll!RtlRbInsertNodeEx

  Block 12245: ntdll.dll!RtlReleaseSRWLockExclusive

  Block 12246: ntdll.dll!RtlAcquireSRWLockExclusive

  Block 12247: ntdll.dll!RtlReleaseSRWLockExclusive

  Block 12248: ntdll.dll!RtlReleaseSRWLockExclusive

  Block 12249: ntdll.dll!EtwRegisterTraceGuidsW

  Block 12250: ntdll.dll!RtlAllocateHeap

  Block 12251: ntdll.dll!memset

  Block 12252: ntdll.dll!memset

  Block 12253: ntdll.dll!EtwNotificationRegister

  Block 12254: ntdll.dll!RtlInterlockedPopEntrySList

  Block 12255: ntdll.dll!ExpInterlockedPopEntrySListResume

  Block 12256: ntdll.dll!RtlAllocateHeap

  Block 12257: ntdll.dll!memset

  Block 12258: ntdll.dll!RtlAcquireSRWLockExclusive

  Block 12259: ntdll.dll!memset

  Block 12261: ntdll.dll!ZwTraceControl

  Block 12262: ntdll.dll!RtlAcquireSRWLockExclusive

  Block 12263: ntdll.dll!memcmp

  Block 12264: ntdll.dll!memcmp

  Block 12265: ntdll.dll!memcmp

  Block 12266: ntdll.dll!memcmp

  Block 12267: ntdll.dll!memcmp

  Block 12268: ntdll.dll!memcmp

  Block 12269: ntdll.dll!RtlRbInsertNodeEx

  Block 12270: ntdll.dll!RtlReleaseSRWLockExclusive

  Block 12271: ntdll.dll!RtlAcquireSRWLockExclusive

  Block 12272: ntdll.dll!RtlReleaseSRWLockExclusive

  Block 12273: ntdll.dll!RtlReleaseSRWLockExclusive

  Block 12274: ntdll.dll!EtwRegisterTraceGuidsW

  Block 12275: ntdll.dll!RtlAllocateHeap

  Block 12276: ntdll.dll!memset

  Block 12277: ntdll.dll!memset

  Block 12278: ntdll.dll!EtwNotificationRegister

  Block 12279: ntdll.dll!RtlInterlockedPopEntrySList

  Block 12280: ntdll.dll!ExpInterlockedPopEntrySListResume

  Block 12281: ntdll.dll!RtlAllocateHeap

  Block 12282: ntdll.dll!memset

  Block 12283: ntdll.dll!RtlAcquireSRWLockExclusive

  Block 12284: ntdll.dll!memset

  Block 12286: ntdll.dll!ZwTraceControl

  Block 12287: ntdll.dll!RtlAcquireSRWLockExclusive

  Block 12288: ntdll.dll!memcmp

  Block 12289: ntdll.dll!memcmp

  Block 12290: ntdll.dll!memcmp

  Block 12291: ntdll.dll!memcmp

  Block 12292: ntdll.dll!memcmp

  Block 12293: ntdll.dll!memcmp

  Block 12294: ntdll.dll!RtlRbInsertNodeEx

  Block 12295: ntdll.dll!RtlReleaseSRWLockExclusive

  Block 12296: ntdll.dll!RtlAcquireSRWLockExclusive

  Block 12297: ntdll.dll!RtlReleaseSRWLockExclusive

  Block 12298: ntdll.dll!RtlReleaseSRWLockExclusive

  Block 12299: ntdll.dll!EtwRegisterTraceGuidsW

  Block 12300: ntdll.dll!RtlAllocateHeap

  Block 12301: ntdll.dll!memset

  Block 12302: ntdll.dll!memset

  Block 12303: ntdll.dll!EtwNotificationRegister

  Block 12304: ntdll.dll!RtlInterlockedPopEntrySList

  Block 12305: ntdll.dll!ExpInterlockedPopEntrySListResume

  Block 12306: ntdll.dll!RtlAllocateHeap

  Block 12307: ntdll.dll!memset

  Block 12308: ntdll.dll!RtlAcquireSRWLockExclusive

  Block 12309: ntdll.dll!memset

  Block 12311: ntdll.dll!ZwTraceControl

  Block 12312: ntdll.dll!RtlAcquireSRWLockExclusive

  Block 12313: ntdll.dll!memcmp

  Block 12314: ntdll.dll!memcmp

  Block 12315: ntdll.dll!memcmp

  Block 12316: ntdll.dll!memcmp

  Block 12317: ntdll.dll!memcmp

  Block 12318: ntdll.dll!memcmp

  Block 12319: ntdll.dll!memcmp

  Block 12320: ntdll.dll!RtlRbInsertNodeEx

  Block 12321: ntdll.dll!RtlReleaseSRWLockExclusive

  Block 12322: ntdll.dll!RtlAcquireSRWLockExclusive

  Block 12323: ntdll.dll!RtlReleaseSRWLockExclusive

  Block 12324: ntdll.dll!RtlReleaseSRWLockExclusive

  Block 12325: ntdll.dll!EtwRegisterTraceGuidsW

  Block 12326: ntdll.dll!RtlAllocateHeap

  Block 12327: ntdll.dll!memset

  Block 12328: ntdll.dll!memset

  Block 12329: ntdll.dll!EtwNotificationRegister

  Block 12330: ntdll.dll!RtlInterlockedPopEntrySList

  Block 12331: ntdll.dll!ExpInterlockedPopEntrySListResume

  Block 12332: ntdll.dll!RtlAllocateHeap

  Block 12333: ntdll.dll!memset

  Block 12334: ntdll.dll!RtlAcquireSRWLockExclusive

  Block 12335: ntdll.dll!memset

  Block 12337: ntdll.dll!ZwTraceControl

  Block 12338: ntdll.dll!RtlAcquireSRWLockExclusive

  Block 12339: ntdll.dll!memcmp

  Block 12340: ntdll.dll!memcmp

  Block 12341: ntdll.dll!memcmp

  Block 12342: ntdll.dll!memcmp

  Block 12343: ntdll.dll!memcmp

  Block 12344: ntdll.dll!memcmp

  Block 12345: ntdll.dll!memcmp

  Block 12346: ntdll.dll!RtlRbInsertNodeEx

  Block 12347: ntdll.dll!RtlReleaseSRWLockExclusive

  Block 12348: ntdll.dll!RtlAcquireSRWLockExclusive

  Block 12349: ntdll.dll!RtlReleaseSRWLockExclusive

  Block 12350: ntdll.dll!RtlReleaseSRWLockExclusive

  Block 12351: KERNELBASE.dll!DisableThreadLibraryCalls

  Block 12352: ntdll.dll!LdrDisableThreadCalloutsForDll

  Block 12353: ntdll.dll!RtlAcquireSRWLockExclusive

  Block 12354: ntdll.dll!RtlReleaseSRWLockExclusive

  Block 12355: KERNELBASE.dll!GetProcessHeap

  Block 12356: ntdll.dll!RtlAllocateHeap

  Block 12357: ntdll.dll!memset

  Block 12358: ntdll.dll!RtlInitializeCriticalSection

  Block 12359: ntdll.dll!RtlInitializeCriticalSection

  Block 12360: ntdll.dll!RtlInitializeCriticalSection

  Block 12362: ntdll.dll!RtlInitializeCriticalSection

  Block 12363: ntdll.dll!EtwEventRegister

  Block 12364: ntdll.dll!EtwNotificationRegister

  Block 12365: ntdll.dll!RtlInterlockedPopEntrySList

  Block 12366: ntdll.dll!ExpInterlockedPopEntrySListResume

  Block 12367: ntdll.dll!RtlAllocateHeap

  Block 12368: ntdll.dll!memset

  Block 12369: ntdll.dll!RtlAcquireSRWLockExclusive

  Block 12370: ntdll.dll!memset

  Block 12372: ntdll.dll!ZwTraceControl

  Block 12373: ntdll.dll!RtlAcquireSRWLockExclusive

  Block 12374: ntdll.dll!memcmp

  Block 12375: ntdll.dll!memcmp

  Block 12376: ntdll.dll!memcmp

  Block 12377: ntdll.dll!memcmp

  Block 12378: ntdll.dll!memcmp

  Block 12379: ntdll.dll!memcmp

  Block 12380: ntdll.dll!RtlRbInsertNodeEx

  Block 12381: ntdll.dll!RtlReleaseSRWLockExclusive

  Block 12382: ntdll.dll!RtlAcquireSRWLockExclusive

  Block 12383: ntdll.dll!RtlReleaseSRWLockExclusive

  Block 12384: ntdll.dll!RtlReleaseSRWLockExclusive

  Block 12385: ntdll.dll!EtwEventSetInformation

  Block 12386: ntdll.dll!RtlAcquireSRWLockExclusive

  Block 12387: ntdll.dll!memset

  Block 12388: ntdll.dll!ZwTraceControl

  Block 12389: ntdll.dll!RtlReleaseSRWLockExclusive

  Block 12390: KERNEL32.dll!TlsAlloc

  Block 12391: KERNELBASE.dll!TlsAlloc

  Block 12392: ntdll.dll!RtlAcquirePebLock

  Block 12393: ntdll.dll!RtlEnterCriticalSection

  Block 12394: ntdll.dll!RtlFindClearBitsAndSet

  Block 12395: ntdll.dll!RtlSetBits

  Block 12396: ntdll.dll!RtlReleasePebLock

  Block 12397: ntdll.dll!RtlLeaveCriticalSection

  Block 12398: KERNEL32.dll!TlsAlloc

  Block 12399: KERNELBASE.dll!TlsAlloc

  Block 12400: ntdll.dll!RtlAcquirePebLock

  Block 12401: ntdll.dll!RtlEnterCriticalSection

  Block 12402: ntdll.dll!RtlFindClearBitsAndSet

  Block 12403: ntdll.dll!RtlSetBits

  Block 12404: ntdll.dll!RtlReleasePebLock

  Block 12405: ntdll.dll!RtlLeaveCriticalSection

  Block 12406: KERNEL32.dll!TlsAlloc

  Block 12407: KERNELBASE.dll!TlsAlloc

  Block 12408: ntdll.dll!RtlAcquirePebLock

  Block 12409: ntdll.dll!RtlEnterCriticalSection

  Block 12410: ntdll.dll!RtlFindClearBitsAndSet

  Block 12411: ntdll.dll!RtlSetBits

  Block 12412: ntdll.dll!RtlReleasePebLock

  Block 12413: ntdll.dll!RtlLeaveCriticalSection

  Block 12414: KERNEL32.dll!TlsAlloc

  Block 12415: KERNELBASE.dll!TlsAlloc

  Block 12416: ntdll.dll!RtlAcquirePebLock

  Block 12417: ntdll.dll!RtlEnterCriticalSection

  Block 12418: ntdll.dll!RtlFindClearBitsAndSet

  Block 12419: ntdll.dll!RtlSetBits

  Block 12420: ntdll.dll!RtlReleasePebLock

  Block 12421: ntdll.dll!RtlLeaveCriticalSection

  Block 12422: KERNEL32.dll!TlsAlloc

  Block 12423: KERNELBASE.dll!TlsAlloc

  Block 12424: ntdll.dll!RtlAcquirePebLock

  Block 12425: ntdll.dll!RtlEnterCriticalSection

  Block 12426: ntdll.dll!RtlFindClearBitsAndSet

  Block 12427: ntdll.dll!RtlSetBits

  Block 12428: ntdll.dll!RtlReleasePebLock

  Block 12429: ntdll.dll!RtlLeaveCriticalSection

  Block 12430: KERNEL32.dll!TlsAlloc

  Block 12431: KERNELBASE.dll!TlsAlloc

  Block 12432: ntdll.dll!RtlAcquirePebLock

  Block 12433: ntdll.dll!RtlEnterCriticalSection

  Block 12434: ntdll.dll!RtlFindClearBitsAndSet

  Block 12435: ntdll.dll!RtlSetBits

  Block 12436: ntdll.dll!RtlReleasePebLock

  Block 12437: ntdll.dll!RtlLeaveCriticalSection

  Block 12438: KERNEL32.dll!TlsAlloc

  Block 12439: KERNELBASE.dll!TlsAlloc

  Block 12440: ntdll.dll!RtlAcquirePebLock

  Block 12441: ntdll.dll!RtlEnterCriticalSection

  Block 12442: ntdll.dll!RtlFindClearBitsAndSet

  Block 12443: ntdll.dll!RtlSetBits

  Block 12445: ntdll.dll!RtlLeaveCriticalSection

  Block 12446: KERNEL32.dll!TlsAlloc

  Block 12447: KERNELBASE.dll!TlsAlloc

  Block 12448: ntdll.dll!RtlAcquirePebLock

  Block 12449: ntdll.dll!RtlEnterCriticalSection

  Block 12450: ntdll.dll!RtlFindClearBitsAndSet

  Block 12451: ntdll.dll!RtlSetBits

  Block 12452: ntdll.dll!RtlReleasePebLock

  Block 12453: ntdll.dll!RtlLeaveCriticalSection

  Block 12454: ntdll.dll!EtwEventRegister

  Block 12455: ntdll.dll!EtwNotificationRegister

  Block 12456: ntdll.dll!RtlInterlockedPopEntrySList

  Block 12457: ntdll.dll!ExpInterlockedPopEntrySListResume

  Block 12458: ntdll.dll!RtlAllocateHeap

  Block 12459: ntdll.dll!memset

  Block 12460: ntdll.dll!RtlAcquireSRWLockExclusive

  Block 12461: ntdll.dll!memset

  Block 12463: ntdll.dll!ZwTraceControl

  Block 12464: ntdll.dll!RtlAcquireSRWLockExclusive

  Block 12465: ntdll.dll!memcmp

  Block 12466: ntdll.dll!memcmp

  Block 12467: ntdll.dll!memcmp

  Block 12468: ntdll.dll!memcmp

  Block 12469: ntdll.dll!memcmp

  Block 12470: ntdll.dll!memcmp

  Block 12471: ntdll.dll!memcmp

  Block 12472: ntdll.dll!RtlRbInsertNodeEx

  Block 12473: ntdll.dll!RtlReleaseSRWLockExclusive

  Block 12474: ntdll.dll!RtlAcquireSRWLockExclusive

  Block 12475: ntdll.dll!RtlReleaseSRWLockExclusive

  Block 12476: ntdll.dll!RtlReleaseSRWLockExclusive

  Block 12477: KERNELBASE.dll!GetModuleHandleW

  Block 12478: ntdll.dll!RtlInitUnicodeString

  Block 12480: ntdll.dll!LdrGetDllHandleEx

  Block 12481: ntdll.dll!memset

  Block 12482: ntdll.dll!RtlDosApplyFileIsolationRedirection_Ustr

  Block 12483: ntdll.dll!RtlFindCharInUnicodeString

  Block 12485: ntdll.dll!RtlFindActivationContextSectionString

  Block 12486: ntdll.dll!bsearch

  Block 12487: ntdll.dll!RtlHashUnicodeString

  Block 12488: ntdll.dll!bsearch

  Block 12489: ntdll.dll!bsearch

  Block 12491: ntdll.dll!memset

  Block 12492: ntdll.dll!memmove

  Block 12493: ntdll.dll!RtlAcquireSRWLockExclusive

  Block 12494: ntdll.dll!RtlEqualUnicodeString

  Block 12495: ntdll.dll!RtlReleaseSRWLockExclusive

  Block 12496: ntdll.dll!RtlGetCurrentServiceSessionId

  Block 12497: KERNELBASE.dll!GetProcAddress

  Block 12498: ntdll.dll!RtlInitString

  Block 12499: ntdll.dll!LdrGetProcedureAddressForCaller

  Block 12500: ntdll.dll!RtlEnterCriticalSection

  Block 12501: ntdll.dll!RtlLeaveCriticalSection

  Block 12502: ntdll.dll!RtlAcquireSRWLockExclusive

  Block 12503: ntdll.dll!RtlReleaseSRWLockExclusive

  Block 12504: ntdll.dll!memset

  Block 12505: ntdll.dll!RtlImageNtHeaderEx

  Block 12506: ntdll.dll!LdrControlFlowGuardEnforced

  Block 12507: ntdll.dll!LdrControlFlowGuardEnforced

  Block 12508: ntdll.dll!RtlDllShutdownInProgress

  Block 12509: KERNELBASE.dll!GetProcessHeap

  Block 12510: ntdll.dll!RtlAllocateHeap

  Block 12511: ntdll.dll!RtlLeaveCriticalSection

  Block 12512: ntdll.dll!memset

  Block 12513: ntdll.dll!RtlRunOnceInitialize

  Block 12514: KERNELBASE.dll!CreateThreadpoolTimer

  Block 12515: ntdll.dll!TpAllocTimer

  Block 12516: ntdll.dll!RtlAllocateHeap

  Block 12517: ntdll.dll!RtlLeaveCriticalSection

  Block 12518: ntdll.dll!memset

  Block 12519: ntdll.dll!RtlQueryInformationActivationContext

  Block 12521: ntdll.dll!RtlAcquireSRWLockShared

  Block 12522: ntdll.dll!RtlReleaseSRWLockShared

  Block 12523: ntdll.dll!RtlAcquireSRWLockExclusive

  Block 12524: ntdll.dll!RtlReleaseSRWLockExclusive

  Block 12525: ntdll.dll!EtwEventRegister

  Block 12526: ntdll.dll!EtwNotificationRegister

  Block 12527: ntdll.dll!RtlInterlockedPopEntrySList

  Block 12528: ntdll.dll!ExpInterlockedPopEntrySListResume

  Block 12529: ntdll.dll!RtlAllocateHeap

  Block 12530: ntdll.dll!memset

  Block 12531: ntdll.dll!RtlAcquireSRWLockExclusive

  Block 12532: ntdll.dll!memset

  Block 12534: ntdll.dll!ZwTraceControl

  Block 12535: ntdll.dll!RtlAcquireSRWLockExclusive

  Block 12536: ntdll.dll!memcmp

  Block 12537: ntdll.dll!memcmp

  Block 12538: ntdll.dll!memcmp

  Block 12539: ntdll.dll!memcmp

  Block 12540: ntdll.dll!memcmp

  Block 12541: ntdll.dll!RtlRbInsertNodeEx

  Block 12542: ntdll.dll!RtlReleaseSRWLockExclusive

  Block 12543: ntdll.dll!RtlAcquireSRWLockExclusive

  Block 12544: ntdll.dll!RtlReleaseSRWLockExclusive

  Block 12545: ntdll.dll!RtlReleaseSRWLockExclusive

  Block 12546: ntdll.dll!EtwEventSetInformation

  Block 12547: ntdll.dll!RtlAcquireSRWLockExclusive

  Block 12548: ntdll.dll!memset

  Block 12549: ntdll.dll!ZwTraceControl

  Block 12550: ntdll.dll!RtlReleaseSRWLockExclusive

  Block 12551: ntdll.dll!RtlAcquireSRWLockExclusive

  Block 12552: ntdll.dll!EtwEventRegister

  Block 12553: ntdll.dll!EtwNotificationRegister

  Block 12554: ntdll.dll!RtlInterlockedPopEntrySList

  Block 12555: ntdll.dll!ExpInterlockedPopEntrySListResume

  Block 12556: ntdll.dll!RtlAllocateHeap

  Block 12557: ntdll.dll!memset

  Block 12558: ntdll.dll!RtlAcquireSRWLockExclusive

  Block 12559: ntdll.dll!memset

  Block 12561: ntdll.dll!ZwTraceControl

  Block 12562: ntdll.dll!RtlAcquireSRWLockExclusive

  Block 12563: ntdll.dll!memcmp

  Block 12564: ntdll.dll!memcmp

  Block 12565: ntdll.dll!memcmp

  Block 12566: ntdll.dll!memcmp

  Block 12567: ntdll.dll!memcmp

  Block 12568: ntdll.dll!memcmp

  Block 12569: ntdll.dll!RtlRbInsertNodeEx

  Block 12570: ntdll.dll!RtlReleaseSRWLockExclusive

  Block 12571: ntdll.dll!RtlAcquireSRWLockExclusive

  Block 12572: ntdll.dll!RtlReleaseSRWLockExclusive

  Block 12573: ntdll.dll!RtlReleaseSRWLockExclusive

  Block 12574: ntdll.dll!EtwEventSetInformation

  Block 12575: ntdll.dll!RtlAcquireSRWLockExclusive

  Block 12577: ntdll.dll!ZwTraceControl

  Block 12578: ntdll.dll!RtlReleaseSRWLockExclusive

  Block 12579: ntdll.dll!RtlReleaseSRWLockExclusive

  Block 12580: KERNELBASE.dll!GetProcessHeap

  Block 12581: ntdll.dll!RtlAllocateHeap

  Block 12582: ntdll.dll!RtlLeaveCriticalSection

  Block 12583: ntdll.dll!memset

  Block 12584: ntdll.dll!RtlRunOnceInitialize

  Block 12585: KERNELBASE.dll!CreateThreadpoolTimer

  Block 12586: ntdll.dll!TpAllocTimer

  Block 12587: ntdll.dll!RtlAllocateHeap

  Block 12588: ntdll.dll!RtlLeaveCriticalSection

  Block 12589: ntdll.dll!memset

  Block 12590: ntdll.dll!RtlQueryInformationActivationContext

  Block 12592: ntdll.dll!RtlAcquireSRWLockShared

  Block 12593: ntdll.dll!RtlReleaseSRWLockShared

  Block 12594: ntdll.dll!RtlAcquireSRWLockExclusive

  Block 12595: ntdll.dll!RtlReleaseSRWLockExclusive

  Block 12596: ntdll.dll!EtwEventRegister

  Block 12597: ntdll.dll!EtwNotificationRegister

  Block 12598: ntdll.dll!RtlInterlockedPopEntrySList

  Block 12599: ntdll.dll!ExpInterlockedPopEntrySListResume

  Block 12600: ntdll.dll!RtlAllocateHeap

  Block 12601: ntdll.dll!memset

  Block 12602: ntdll.dll!RtlAcquireSRWLockExclusive

  Block 12603: ntdll.dll!memset

  Block 12605: ntdll.dll!ZwTraceControl

  Block 12606: ntdll.dll!RtlAcquireSRWLockExclusive

  Block 12607: ntdll.dll!memcmp

  Block 12608: ntdll.dll!memcmp

  Block 12609: ntdll.dll!memcmp

  Block 12610: ntdll.dll!memcmp

  Block 12611: ntdll.dll!memcmp

  Block 12612: ntdll.dll!memcmp

  Block 12613: ntdll.dll!memcmp

  Block 12614: ntdll.dll!RtlRbInsertNodeEx

  Block 12615: ntdll.dll!RtlReleaseSRWLockExclusive

  Block 12616: ntdll.dll!RtlAcquireSRWLockExclusive

  Block 12617: ntdll.dll!RtlReleaseSRWLockExclusive

  Block 12618: ntdll.dll!RtlReleaseSRWLockExclusive

  Block 12619: ntdll.dll!EtwEventSetInformation

  Block 12620: ntdll.dll!RtlAcquireSRWLockExclusive

  Block 12621: ntdll.dll!memset

  Block 12622: ntdll.dll!ZwTraceControl

  Block 12623: ntdll.dll!RtlReleaseSRWLockExclusive

  Block 12624: ntdll.dll!RtlAcquireSRWLockExclusive

  Block 12625: ntdll.dll!RtlReleaseSRWLockExclusive

  Block 12626: Windows.Storage.dll!DllMain

  Block 12627: ntdll.dll!RtlGetCurrentServiceSessionId

  Block 12628: ntdll.dll!RtlDeactivateActivationContextUnsafeFast

  Block 12629: ntdll.dll!RtlLeaveCriticalSection

  Block 12630: ntdll.dll!RtlGetCurrentServiceSessionId

  Block 12631: ntdll.dll!RtlAcquireSRWLockExclusive

  Block 12632: ntdll.dll!RtlAllocateHeap

  Block 12633: ntdll.dll!RtlReleaseSRWLockExclusive

  Block 12634: ntdll.dll!RtlFreeHeap

  Block 12635: ntdll.dll!RtlTryEnterCriticalSection

  Block 12636: ntdll.dll!RtlFreeHeap

  Block 12637: ntdll.dll!RtlTryEnterCriticalSection

  Block 12638: ntdll.dll!RtlFreeHeap

  Block 12639: ntdll.dll!RtlGetCurrentServiceSessionId

  Block 12640: ntdll.dll!RtlFreeHeap

  Block 12641: ntdll.dll!RtlTryEnterCriticalSection

  Block 12642: ntdll.dll!RtlFreeHeap

  Block 12643: ntdll.dll!RtlGetCurrentServiceSessionId

  Block 12644: ntdll.dll!RtlFreeHeap

  Block 12645: ntdll.dll!RtlTryEnterCriticalSection

  Block 12646: ntdll.dll!RtlEnterCriticalSection

  Block 12647: ntdll.dll!RtlLeaveCriticalSection

  Block 12648: ntdll.dll!ZwSetEvent

  Block 12649: ntdll.dll!RtlDeactivateActivationContextUnsafeFast

  Block 12650: ntdll.dll!RtlGetCurrentServiceSessionId

  Block 12651: ntdll.dll!RtlGetCurrentServiceSessionId

  Block 12652: ntdll.dll!RtlReleasePath

  Block 12653: ntdll.dll!RtlAcquireSRWLockExclusive

  Block 12654: ntdll.dll!RtlReleaseSRWLockExclusive

  Block 12655: ntdll.dll!LdrControlFlowGuardEnforced

  Block 12656: ntdll.dll!RtlImageNtHeaderEx

  Block 12657: ntdll.dll!RtlImageNtHeaderEx

  Block 12658: ntdll.dll!RtlImageNtHeaderEx

  Block 12659: ntdll.dll!RtlImageNtHeaderEx

  Block 12660: ntdll.dll!RtlImageNtHeaderEx

  Block 12661: ntdll.dll!RtlImageNtHeaderEx

  Block 12662: ntdll.dll!RtlImageNtHeaderEx

  Block 12663: ntdll.dll!RtlImageNtHeaderEx

  Block 12664: ntdll.dll!RtlImageNtHeaderEx

  Block 12665: ntdll.dll!RtlImageNtHeaderEx

  Block 12666: ntdll.dll!RtlImageNtHeaderEx

  Block 12667: ntdll.dll!RtlImageNtHeaderEx

  Block 12668: ntdll.dll!RtlImageNtHeaderEx

  Block 12669: ntdll.dll!RtlImageNtHeaderEx

  Block 12670: ntdll.dll!RtlImageNtHeaderEx

  Block 12671: ntdll.dll!RtlImageNtHeaderEx

  Block 12672: ntdll.dll!RtlImageNtHeaderEx

  Block 12673: ntdll.dll!RtlImageNtHeaderEx

  Block 12674: ntdll.dll!RtlImageNtHeaderEx

  Block 12675: ntdll.dll!RtlImageNtHeaderEx

  Block 12676: ntdll.dll!RtlImageNtHeaderEx

  Block 12677: ntdll.dll!RtlImageNtHeaderEx

  Block 12678: ntdll.dll!RtlImageNtHeaderEx

  Block 12679: ntdll.dll!RtlImageNtHeaderEx

  Block 12680: ntdll.dll!RtlImageNtHeaderEx

  Block 12681: ntdll.dll!RtlImageNtHeaderEx

  Block 12682: ntdll.dll!RtlImageNtHeaderEx

  Block 12683: ntdll.dll!RtlImageNtHeaderEx

  Block 12684: ntdll.dll!RtlImageNtHeaderEx

  Block 12685: ntdll.dll!RtlImageNtHeaderEx

  Block 12686: ntdll.dll!RtlImageNtHeaderEx

  Block 12687: ntdll.dll!RtlImageNtHeaderEx

  Block 12688: ntdll.dll!RtlImageNtHeaderEx

  Block 12689: ntdll.dll!RtlImageNtHeaderEx

  Block 12690: ntdll.dll!RtlImageNtHeaderEx

  Block 12691: ntdll.dll!RtlImageNtHeaderEx

  Block 12692: ntdll.dll!RtlImageNtHeaderEx

  Block 12693: ntdll.dll!RtlImageNtHeaderEx

  Block 12694: ntdll.dll!RtlImageNtHeaderEx

  Block 12695: ntdll.dll!RtlImageNtHeaderEx

  Block 12696: ntdll.dll!RtlImageNtHeaderEx

  Block 12697: ntdll.dll!RtlImageNtHeaderEx

  Block 12698: ntdll.dll!RtlImageNtHeaderEx

  Block 12699: ntdll.dll!RtlImageNtHeaderEx

  Block 12700: ntdll.dll!RtlImageNtHeaderEx

  Block 12701: ntdll.dll!RtlImageNtHeaderEx

  Block 12702: ntdll.dll!RtlImageNtHeaderEx

  Block 12703: ntdll.dll!RtlImageNtHeaderEx

  Block 12704: ntdll.dll!RtlImageNtHeaderEx

  Block 12705: ntdll.dll!RtlImageNtHeaderEx

  Block 12706: ntdll.dll!RtlImageNtHeaderEx

  Block 12707: ntdll.dll!RtlImageNtHeaderEx

  Block 12708: ntdll.dll!RtlImageNtHeaderEx

  Block 12709: ntdll.dll!RtlImageNtHeaderEx

  Block 12710: ntdll.dll!RtlImageNtHeaderEx

  Block 12711: ntdll.dll!RtlImageNtHeaderEx

  Block 12712: ntdll.dll!RtlImageNtHeaderEx

  Block 12713: ntdll.dll!RtlImageNtHeaderEx

  Block 12714: ntdll.dll!RtlImageNtHeaderEx

  Block 12715: ntdll.dll!RtlImageNtHeaderEx

  Block 12716: ntdll.dll!RtlImageNtHeaderEx

  Block 12717: ntdll.dll!RtlImageNtHeaderEx

  Block 12718: ntdll.dll!RtlImageNtHeaderEx

  Block 12719: ntdll.dll!RtlImageNtHeaderEx

  Block 12720: ntdll.dll!RtlImageNtHeaderEx

  Block 12721: ntdll.dll!RtlImageNtHeaderEx

  Block 12722: ntdll.dll!RtlImageNtHeaderEx

  Block 12723: ntdll.dll!RtlImageNtHeaderEx

  Block 12724: ntdll.dll!RtlImageNtHeaderEx

  Block 12725: ntdll.dll!RtlImageNtHeaderEx

  Block 12726: ntdll.dll!RtlImageNtHeaderEx

  Block 12727: ntdll.dll!RtlImageNtHeaderEx

  Block 12728: ntdll.dll!RtlImageNtHeaderEx

  Block 12729: ntdll.dll!RtlImageNtHeaderEx

  Block 12730: ntdll.dll!RtlImageNtHeaderEx

  Block 12731: ntdll.dll!RtlImageNtHeaderEx

  Block 12732: ntdll.dll!RtlImageNtHeaderEx

  Block 12733: ntdll.dll!RtlImageNtHeaderEx

  Block 12734: ntdll.dll!RtlImageNtHeaderEx

  Block 12735: ntdll.dll!RtlImageNtHeaderEx

  Block 12736: ntdll.dll!RtlImageNtHeaderEx

  Block 12737: ntdll.dll!RtlImageNtHeaderEx

  Block 12738: ntdll.dll!RtlImageNtHeaderEx

  Block 12739: ntdll.dll!RtlImageNtHeaderEx

  Block 12740: ntdll.dll!RtlImageNtHeaderEx

  Block 12741: ntdll.dll!RtlImageNtHeaderEx

  Block 12742: ntdll.dll!RtlAcquireSRWLockExclusive

  Block 12743: ntdll.dll!ZwProtectVirtualMemory

  Block 12744: ntdll.dll!ZwProtectVirtualMemory

  Block 12745: ntdll.dll!LdrControlFlowGuardEnforced

  Block 12746: ntdll.dll!RtlReleaseSRWLockExclusive

  Block 12747: Windows.Storage.dll!Global_WindowsStorage_dwThreadBindCtx

  Block 12749: Windows.Storage.dll!Global_WindowsStorage_dwThreadBindCtx

  Block 12753: KERNELBASE.dll!GetVersionExW

  Block 12754: ntdll.dll!RtlGetVersion

  Block 12755: KERNELBASE.dll!SpecialMBToWC

  Block 12756: KERNELBASE.dll!GetModuleHandleW

  Block 12757: ntdll.dll!RtlInitUnicodeString

  Block 12759: ntdll.dll!LdrGetDllHandleEx

  Block 12760: ntdll.dll!memset

  Block 12761: ntdll.dll!RtlCompareUnicodeStrings

  Block 12762: ntdll.dll!RtlGetNtSystemRoot

  Block 12763: ntdll.dll!RtlGetCurrentServiceSessionId

  Block 12764: ntdll.dll!RtlInitUnicodeString

  Block 12765: ntdll.dll!memmove

  Block 12766: ntdll.dll!memmove

  Block 12767: ntdll.dll!memmove

  Block 12768: ntdll.dll!RtlAcquireSRWLockExclusive

  Block 12769: ntdll.dll!RtlEqualUnicodeString

  Block 12770: ntdll.dll!RtlReleaseSRWLockExclusive

  Block 12771: ntdll.dll!RtlGetCurrentServiceSessionId

  Block 12772: KERNELBASE.dll!GetModuleHandleW

  Block 12773: ntdll.dll!RtlInitUnicodeString

  Block 12775: ntdll.dll!LdrGetDllHandleEx

  Block 12776: ntdll.dll!memset

  Block 12777: ntdll.dll!RtlCompareUnicodeStrings

  Block 12778: ntdll.dll!RtlGetNtSystemRoot

  Block 12779: ntdll.dll!RtlGetCurrentServiceSessionId

  Block 12780: ntdll.dll!RtlInitUnicodeString

  Block 12781: ntdll.dll!memmove

  Block 12782: ntdll.dll!memmove

  Block 12783: ntdll.dll!memmove

  Block 12784: ntdll.dll!RtlAcquireSRWLockExclusive

  Block 12785: ntdll.dll!RtlEqualUnicodeString

  Block 12786: ntdll.dll!RtlReleaseSRWLockExclusive

  Block 12787: ntdll.dll!RtlGetCurrentServiceSessionId

  Block 12788: KERNELBASE.dll!GetModuleHandleW

  Block 12789: ntdll.dll!RtlInitUnicodeString

  Block 12791: ntdll.dll!LdrGetDllHandleEx

  Block 12792: ntdll.dll!memset

  Block 12793: ntdll.dll!RtlDosApplyFileIsolationRedirection_Ustr

  Block 12794: ntdll.dll!RtlFindCharInUnicodeString

  Block 12796: ntdll.dll!RtlFindActivationContextSectionString

  Block 12797: ntdll.dll!bsearch

  Block 12798: ntdll.dll!RtlHashUnicodeString

  Block 12799: ntdll.dll!bsearch

  Block 12800: ntdll.dll!bsearch

  Block 12802: ntdll.dll!memset

  Block 12803: ntdll.dll!memmove

  Block 12804: ntdll.dll!RtlAcquireSRWLockExclusive

  Block 12805: ntdll.dll!RtlEqualUnicodeString

  Block 12806: ntdll.dll!RtlReleaseSRWLockExclusive

  Block 12807: ntdll.dll!RtlGetCurrentServiceSessionId

  Block 12808: KERNELBASE.dll!GetProcAddress

  Block 12809: ntdll.dll!RtlInitString

  Block 12810: ntdll.dll!LdrGetProcedureAddressForCaller

  Block 12811: ntdll.dll!RtlEnterCriticalSection

  Block 12812: ntdll.dll!RtlLeaveCriticalSection

  Block 12813: ntdll.dll!RtlAcquireSRWLockExclusive

  Block 12814: ntdll.dll!RtlReleaseSRWLockExclusive

  Block 12815: ntdll.dll!RtlAcquireSRWLockExclusive

  Block 12816: ntdll.dll!RtlReleaseSRWLockExclusive

  Block 12818: ntdll.dll!RtlImageNtHeaderEx

  Block 12819: ntdll.dll!LdrControlFlowGuardEnforced

  Block 12820: ntdll.dll!LdrControlFlowGuardEnforced

  Block 12821: KERNELBASE.dll!GetProcAddress

  Block 12822: ntdll.dll!RtlInitString

  Block 12823: ntdll.dll!LdrGetProcedureAddressForCaller

  Block 12824: ntdll.dll!RtlEnterCriticalSection

  Block 12825: ntdll.dll!RtlLeaveCriticalSection

  Block 12826: ntdll.dll!RtlAcquireSRWLockExclusive

  Block 12827: ntdll.dll!RtlReleaseSRWLockExclusive

  Block 12829: ntdll.dll!RtlImageNtHeaderEx

  Block 12830: ntdll.dll!LdrControlFlowGuardEnforced

  Block 12831: ntdll.dll!LdrControlFlowGuardEnforced

  Block 12832: KERNELBASE.dll!GetProcAddress

  Block 12833: ntdll.dll!RtlInitString

  Block 12834: ntdll.dll!LdrGetProcedureAddressForCaller

  Block 12835: ntdll.dll!RtlEnterCriticalSection

  Block 12836: ntdll.dll!RtlLeaveCriticalSection

  Block 12837: ntdll.dll!RtlAcquireSRWLockExclusive

  Block 12838: ntdll.dll!RtlReleaseSRWLockExclusive

  Block 12839: ntdll.dll!RtlAcquireSRWLockExclusive

  Block 12840: ntdll.dll!RtlReleaseSRWLockExclusive

  Block 12842: ntdll.dll!RtlImageNtHeaderEx

  Block 12843: ntdll.dll!RtlInitUnicodeString

  Block 12844: ntdll.dll!RtlInitString

  Block 12845: ntdll.dll!RtlAnsiStringToUnicodeString

  Block 12846: ntdll.dll!RtlNtStatusToDosError

  Block 12847: ntdll.dll!RtlSetLastWin32Error

  Block 12848: KERNELBASE.dll!GetLastError

  Block 12849: KERNELBASE.dll!CreateEventW

  Block 12850: ntdll.dll!ZwCreateEvent

  Block 12852: KERNELBASE.dll!ResolveDelayLoadedAPI

  Block 12853: ntdll.dll!LdrResolveDelayLoadedAPI

  Block 12854: ntdll.dll!RtlAcquireSRWLockExclusive

  Block 12855: ntdll.dll!RtlReleaseSRWLockExclusive

  Block 12856: ntdll.dll!memset

  Block 12857: ntdll.dll!RtlInitString

  Block 12858: ntdll.dll!RtlxOemStringToUnicodeSize

  Block 12859: ntdll.dll!RtlMultiByteToUnicodeSize

  Block 12860: ntdll.dll!RtlAnsiStringToUnicodeString

  Block 12861: ntdll.dll!RtlActivateActivationContextUnsafeFast

  Block 12862: ntdll.dll!RtlCompareUnicodeStrings

  Block 12863: ntdll.dll!RtlGetNtSystemRoot

  Block 12864: ntdll.dll!RtlGetCurrentServiceSessionId

  Block 12865: ntdll.dll!RtlInitUnicodeString

  Block 12866: ntdll.dll!memmove

  Block 12867: ntdll.dll!memmove

  Block 12868: ntdll.dll!memmove

  Block 12869: ntdll.dll!RtlAcquireSRWLockExclusive

  Block 12870: ntdll.dll!RtlEqualUnicodeString

  Block 12871: ntdll.dll!RtlReleaseSRWLockExclusive

  Block 12872: ntdll.dll!RtlGetCurrentServiceSessionId

  Block 12873: ntdll.dll!RtlAcquireSRWLockExclusive

  Block 12874: ntdll.dll!RtlReleaseSRWLockExclusive

  Block 12875: ntdll.dll!RtlAcquireSRWLockExclusive

  Block 12876: ntdll.dll!RtlReleaseSRWLockExclusive

  Block 12877: ntdll.dll!RtlDeactivateActivationContextUnsafeFast

  Block 12878: ntdll.dll!RtlGetCurrentServiceSessionId

  Block 12879: ntdll.dll!RtlGetCurrentServiceSessionId

  Block 12880: ntdll.dll!LdrControlFlowGuardEnforced

  Block 12881: ntdll.dll!RtlImageNtHeaderEx

  Block 12882: ntdll.dll!RtlImageNtHeaderEx

  Block 12883: ntdll.dll!RtlImageNtHeaderEx

  Block 12884: ntdll.dll!RtlImageNtHeaderEx

  Block 12885: ntdll.dll!RtlImageNtHeaderEx

  Block 12886: ntdll.dll!RtlImageNtHeaderEx

  Block 12887: ntdll.dll!RtlImageNtHeaderEx

  Block 12888: ntdll.dll!RtlAcquireSRWLockExclusive

  Block 12889: ntdll.dll!ZwProtectVirtualMemory

  Block 12890: ntdll.dll!ZwProtectVirtualMemory

  Block 12891: ntdll.dll!LdrControlFlowGuardEnforced

  Block 12892: ntdll.dll!RtlReleaseSRWLockExclusive

  Block 12893: SHCORE.dll!SHCreateThreadWithHandle

  Block 12894: msvcrt.dll!memset

  Block 12896: ntdll.dll!RtlCompareUnicodeStrings

  Block 12897: SHCORE.dll!GetProcessReference

  Block 12898: KERNELBASE.dll!GetModuleHandleExW

  Block 12899: ntdll.dll!RtlPcToFileHeader

  Block 12900: ntdll.dll!LdrAddRefDll

  Block 12901: ntdll.dll!RtlAcquireSRWLockExclusive

  Block 12902: ntdll.dll!RtlReleaseSRWLockExclusive

  Block 12903: ntdll.dll!RtlAcquireSRWLockExclusive

  Block 12904: ntdll.dll!RtlReleaseSRWLockExclusive

  Block 12905: KERNELBASE.dll!CreateEventW

  Block 12906: ntdll.dll!ZwCreateEvent

  Block 12907: ntdll.dll!RtlSetLastWin32Error

  Block 12908: KERNEL32.dll!CreateThread

  Block 12909: KERNELBASE.dll!CreateRemoteThreadEx

  Block 12911: ntdll.dll!RtlQueryInformationActivationContext

  Block 12914: ntdll.dll!LdrInitializeThunk~~12608~~ KERNELBASE.dll!CreateRemoteThreadEx

  Block 12915: KERNELBASE.dll!WaitForSingleObject

  Block 12916: KERNELBASE.dll!WaitForSingleObjectEx

  Block 12917: ntdll.dll!ZwWaitForSingleObject

  Block 12918: ntdll.dll!RtlAcquireSRWLockShared

  Block 12919: ntdll.dll!RtlAllocateHeap

  Block 12922: ntdll.dll!RtlAllocateHeap

  Block 12924: ntdll.dll!RtlAllocateHeap

  Block 12926: ntdll.dll!RtlAllocateHeap

  Block 12928: ntdll.dll!RtlAllocateHeap

  Block 12930: ntdll.dll!RtlAllocateHeap

  Block 12933: ntdll.dll!RtlInterlockedPopEntrySList

  Block 12934: ntdll.dll!ExpInterlockedPopEntrySListResume

  Block 12937: ntdll.dll!RtlEnterCriticalSection

  Block 12938: ntdll.dll!RtlAllocateHeap

  Block 12939: ntdll.dll!RtlLeaveCriticalSection

  Block 12940: ntdll.dll!RtlGetCurrentServiceSessionId

  Block 12941: ntdll.dll!RtlInterlockedPopEntrySList

  Block 12942: ntdll.dll!ExpInterlockedPopEntrySListResume

  Block 12943: ntdll.dll!RtlAllocateHeap

  Block 12944: ntdll.dll!RtlLeaveCriticalSection

  Block 12945: ntdll.dll!RtlAcquireSRWLockExclusive

  Block 12946: ntdll.dll!RtlReleaseSRWLockExclusive

  Block 12950: ntdll.dll!RtlGetCurrentServiceSessionId

  Block 12952: ntdll.dll!RtlAllocateHeap

  Block 12954: ntdll.dll!RtlAllocateHeap

  Block 12956: ntdll.dll!RtlReleaseSRWLockShared

  Block 12957: ntdll.dll!RtlEnterCriticalSection

  Block 12958: ntdll.dll!RtlLeaveCriticalSection

  Block 12959: ntdll.dll!RtlGetCurrentServiceSessionId

  Block 12960: ntdll.dll!RtlEnterCriticalSection

  Block 12961: ntdll.dll!RtlGetCurrentServiceSessionId

  Block 12962: ntdll.dll!RtlActivateActivationContextUnsafeFast

  Block 12963: ntdll.dll!RtlAcquireSRWLockShared

  Block 12964: ntdll.dll!RtlReleaseSRWLockShared

  Block 12965: ntdll.dll!RtlGetCurrentServiceSessionId

  Block 12966: ntdll.dll!RtlGetCurrentServiceSessionId

  Block 12967: ntdll.dll!RtlDeactivateActivationContextUnsafeFast

  Block 12968: ntdll.dll!RtlActivateActivationContextUnsafeFast

  Block 12969: ntdll.dll!RtlAcquireSRWLockShared

  Block 12970: ntdll.dll!RtlReleaseSRWLockShared

  Block 12971: ntdll.dll!RtlGetCurrentServiceSessionId

  Block 12972: ntdll.dll!RtlGetCurrentServiceSessionId

  Block 12973: ntdll.dll!RtlDeactivateActivationContextUnsafeFast

  Block 12974: ntdll.dll!RtlActivateActivationContextUnsafeFast

  Block 12975: ntdll.dll!RtlGetCurrentServiceSessionId

  Block 12976: KERNELBASE.dll!GetLastError

  Block 12977: KERNELBASE.dll!FlsGetValue

  Block 12978: ntdll.dll!RtlFlsGetValue

  Block 12979: ntdll.dll!RtlNtStatusToDosError

  Block 12980: ntdll.dll!RtlSetLastWin32Error

  Block 12981: KERNELBASE.dll!FlsSetValue

  Block 12982: ntdll.dll!RtlFlsSetValue

  Block 12983: ntdll.dll!RtlAllocateHeap

  Block 12984: ntdll.dll!RtlAcquireSRWLockExclusive

  Block 12985: ntdll.dll!RtlReleaseSRWLockExclusive

  Block 12986: ntdll.dll!RtlAllocateHeap

  Block 12987: ntdll.dll!RtlLeaveCriticalSection

  Block 12989: ucrtbase.dll!_calloc_base

  Block 12990: ntdll.dll!RtlAllocateHeap

  Block 12991: ntdll.dll!RtlLeaveCriticalSection

  Block 12992: ntdll.dll!memset

  Block 12993: KERNELBASE.dll!FlsSetValue

  Block 12994: ntdll.dll!RtlFlsSetValue

  Block 13004: KERNELBASE.dll!FlsGetValue

  Block 13005: ntdll.dll!RtlFlsGetValue

  Block 13006: ntdll.dll!RtlSetLastWin32Error

  Block 13007: ntdll.dll!RtlGetCurrentServiceSessionId

  Block 13008: ntdll.dll!RtlDeactivateActivationContextUnsafeFast

  Block 13009: ntdll.dll!RtlActivateActivationContextUnsafeFast

  Block 13010: ntdll.dll!RtlGetCurrentServiceSessionId

  Block 13011: ntdll.dll!RtlGetCurrentServiceSessionId

  Block 13012: ntdll.dll!RtlDeactivateActivationContextUnsafeFast

  Block 13013: ntdll.dll!RtlActivateActivationContextUnsafeFast

  Block 13014: ntdll.dll!RtlAcquireSRWLockShared

  Block 13015: ntdll.dll!RtlReleaseSRWLockShared

  Block 13016: ntdll.dll!RtlGetCurrentServiceSessionId

  Block 13017: msvcrt.dll!_get_sbh_threshold

  Block 13018: KERNELBASE.dll!FlsGetValue

  Block 13019: ntdll.dll!RtlFlsGetValue

  Block 13020: ntdll.dll!RtlAllocateHeap

  Block 13021: ntdll.dll!RtlLeaveCriticalSection

  Block 13022: ntdll.dll!memset

  Block 13023: KERNELBASE.dll!FlsSetValue

  Block 13024: ntdll.dll!RtlFlsSetValue

  Block 13025: msvcrt.dll!_lock

  Block 13027: msvcrt.dll!_unlock

  Block 13029: msvcrt.dll!_lock

  Block 13030: ntdll.dll!RtlEnterCriticalSection

  Block 13031: msvcrt.dll!_unlock

  Block 13032: ntdll.dll!RtlLeaveCriticalSection

  Block 13033: ntdll.dll!RtlGetCurrentServiceSessionId

  Block 13034: ntdll.dll!RtlDeactivateActivationContextUnsafeFast

  Block 13035: ntdll.dll!RtlActivateActivationContextUnsafeFast

  Block 13036: ntdll.dll!RtlGetCurrentServiceSessionId

  Block 13037: ntdll.dll!RtlGetCurrentServiceSessionId

  Block 13038: ntdll.dll!RtlDeactivateActivationContextUnsafeFast

  Block 13039: ntdll.dll!RtlActivateActivationContextUnsafeFast

  Block 13040: ntdll.dll!RtlGetCurrentServiceSessionId

  Block 13041: ntdll.dll!RtlGetCurrentServiceSessionId

  Block 13042: ntdll.dll!RtlDeactivateActivationContextUnsafeFast

  Block 13043: ntdll.dll!RtlActivateActivationContextUnsafeFast

  Block 13045: ntdll.dll!RtlGetCurrentServiceSessionId

  Block 13046: ntdll.dll!RtlDeactivateActivationContextUnsafeFast

  Block 13047: ntdll.dll!RtlActivateActivationContextUnsafeFast

  Block 13048: ntdll.dll!RtlAcquireSRWLockShared

  Block 13049: ntdll.dll!RtlReleaseSRWLockShared

  Block 13050: ntdll.dll!RtlGetCurrentServiceSessionId

  Block 13051: ntdll.dll!RtlGetCurrentServiceSessionId

  Block 13052: ntdll.dll!RtlDeactivateActivationContextUnsafeFast

  Block 13053: ntdll.dll!RtlActivateActivationContextUnsafeFast

  Block 13054: ntdll.dll!RtlAcquireSRWLockShared

  Block 13055: ntdll.dll!RtlReleaseSRWLockShared

  Block 13056: ntdll.dll!RtlGetCurrentServiceSessionId

  Block 13057: ntdll.dll!RtlGetCurrentServiceSessionId

  Block 13058: ntdll.dll!RtlDeactivateActivationContextUnsafeFast

  Block 13059: ntdll.dll!RtlActivateActivationContextUnsafeFast

  Block 13060: ntdll.dll!RtlAcquireSRWLockShared

  Block 13061: ntdll.dll!RtlReleaseSRWLockShared

  Block 13062: ntdll.dll!RtlGetCurrentServiceSessionId

  Block 13063: Windows.Storage.dll!DllMain

  Block 13064: Windows.Storage.dll!DllMain

  Block 13065: ntdll.dll!RtlGetCurrentServiceSessionId

  Block 13066: ntdll.dll!RtlDeactivateActivationContextUnsafeFast

  Block 13067: ntdll.dll!RtlActivateActivationContextUnsafeFast

  Block 13068: ntdll.dll!RtlGetCurrentServiceSessionId

  Block 13069: ntdll.dll!RtlGetCurrentServiceSessionId

  Block 13070: ntdll.dll!RtlDeactivateActivationContextUnsafeFast

  Block 13071: ntdll.dll!RtlActivateActivationContextUnsafeFast

  Block 13072: ntdll.dll!RtlAcquireSRWLockShared

  Block 13073: ntdll.dll!RtlReleaseSRWLockShared

  Block 13074: ntdll.dll!RtlGetCurrentServiceSessionId

  Block 13075: ntdll.dll!RtlGetCurrentServiceSessionId

  Block 13076: ntdll.dll!RtlDeactivateActivationContextUnsafeFast

  Block 13077: ntdll.dll!RtlLeaveCriticalSection

  Block 13078: ntdll.dll!RtlGetCurrentServiceSessionId

  Block 13079: ntdll.dll!RtlEnterCriticalSection

  Block 13080: ntdll.dll!RtlLeaveCriticalSection

  Block 13081: ntdll.dll!ZwSetEvent

  Block 13082: ntdll.dll!ZwTestAlert

  Block 13083: ntdll.dll!ZwContinue


GROUP 2 (1 blocks):
--------------------------------------------------
  Block 3: KERNEL32.dll!GetStartupInfoW


GROUP 3 (1 blocks):
--------------------------------------------------
  Block 4: KERNELBASE.dll!GetStartupInfoW


GROUP 4 (1 blocks):
--------------------------------------------------
  Block 19: ntdll.dll!RtlDecodePointer


GROUP 5 (1 blocks):
--------------------------------------------------
  Block 20: msvcrt.dll!_initterm


GROUP 6 (1 blocks):
--------------------------------------------------
  Block 21: msvcrt.dll!__wgetmainargs


GROUP 7 (1 blocks):
--------------------------------------------------
  Block 70: msvcrt.dll!wcscpy_s


GROUP 8 (1 blocks):
--------------------------------------------------
  Block 73: msvcrt.dll!wcscpy_s


GROUP 9 (1 blocks):
--------------------------------------------------
  Block 81: msvcrt.dll!wcscpy_s


GROUP 10 (1 blocks):
--------------------------------------------------
  Block 83: msvcrt.dll!wcscpy_s


GROUP 11 (1 blocks):
--------------------------------------------------
  Block 84: msvcrt.dll!wcscpy_s


GROUP 12 (1 blocks):
--------------------------------------------------
  Block 91: msvcrt.dll!wcscpy_s


GROUP 13 (1 blocks):
--------------------------------------------------
  Block 95: msvcrt.dll!wcscpy_s


GROUP 14 (1 blocks):
--------------------------------------------------
  Block 103: msvcrt.dll!wcscpy_s


GROUP 15 (1 blocks):
--------------------------------------------------
  Block 117: msvcrt.dll!wcscpy_s


GROUP 16 (1 blocks):
--------------------------------------------------
  Block 134: msvcrt.dll!wcscpy_s


GROUP 17 (1 blocks):
--------------------------------------------------
  Block 140: msvcrt.dll!wcscpy_s


GROUP 18 (35 blocks):
--------------------------------------------------
  Block 152: ntdll.dll!RtlRunOnceExecuteOnce

  Block 3934: ntdll.dll!RtlRunOnceExecuteOnce

  Block 3954: ntdll.dll!RtlRunOnceExecuteOnce

  Block 3980: ntdll.dll!RtlRunOnceExecuteOnce

  Block 4054: ntdll.dll!RtlRunOnceExecuteOnce

  Block 4076: ntdll.dll!RtlRunOnceExecuteOnce

  Block 4097: ntdll.dll!RtlRunOnceExecuteOnce

  Block 4118: ntdll.dll!RtlRunOnceExecuteOnce

  Block 4139: ntdll.dll!RtlRunOnceExecuteOnce

  Block 4176: ntdll.dll!RtlRunOnceExecuteOnce

  Block 4204: ntdll.dll!RtlRunOnceExecuteOnce

  Block 4404: ntdll.dll!RtlRunOnceExecuteOnce

  Block 4780: ntdll.dll!RtlRunOnceExecuteOnce

  Block 5229: ntdll.dll!RtlRunOnceExecuteOnce

  Block 5251: ntdll.dll!RtlRunOnceExecuteOnce

  Block 6761: ntdll.dll!RtlRunOnceExecuteOnce

  Block 6785: ntdll.dll!RtlRunOnceExecuteOnce

  Block 6809: ntdll.dll!RtlRunOnceExecuteOnce

  Block 6833: ntdll.dll!RtlRunOnceExecuteOnce

  Block 6858: ntdll.dll!RtlRunOnceExecuteOnce

  Block 6883: ntdll.dll!RtlRunOnceExecuteOnce

  Block 6906: ntdll.dll!RtlRunOnceExecuteOnce

  Block 10029: ntdll.dll!RtlRunOnceExecuteOnce

  Block 10053: ntdll.dll!RtlRunOnceExecuteOnce

  Block 12190: ntdll.dll!RtlRunOnceExecuteOnce

  Block 12235: ntdll.dll!RtlRunOnceExecuteOnce

  Block 12260: ntdll.dll!RtlRunOnceExecuteOnce

  Block 12285: ntdll.dll!RtlRunOnceExecuteOnce

  Block 12310: ntdll.dll!RtlRunOnceExecuteOnce

  Block 12336: ntdll.dll!RtlRunOnceExecuteOnce

  Block 12371: ntdll.dll!RtlRunOnceExecuteOnce

  Block 12462: ntdll.dll!RtlRunOnceExecuteOnce

  Block 12533: ntdll.dll!RtlRunOnceExecuteOnce

  Block 12560: ntdll.dll!RtlRunOnceExecuteOnce

  Block 12604: ntdll.dll!RtlRunOnceExecuteOnce


GROUP 19 (1 blocks):
--------------------------------------------------
  Block 168: ntdll.dll!memset


GROUP 20 (1 blocks):
--------------------------------------------------
  Block 171: SHELL32.dll!ShellExecuteW


GROUP 21 (1 blocks):
--------------------------------------------------
  Block 184: ntdll.dll!memset


GROUP 22 (39 blocks):
--------------------------------------------------
  Block 190: ntdll.dll!RtlAddRefActivationContext

  Block 309: ntdll.dll!RtlAddRefActivationContext

  Block 556: ntdll.dll!RtlAddRefActivationContext

  Block 712: ntdll.dll!RtlAddRefActivationContext

  Block 859: ntdll.dll!RtlAddRefActivationContext

  Block 878: ntdll.dll!RtlAddRefActivationContext

  Block 1233: ntdll.dll!RtlAddRefActivationContext

  Block 1881: ntdll.dll!RtlAddRefActivationContext

  Block 1937: ntdll.dll!RtlAddRefActivationContext

  Block 3557: ntdll.dll!RtlAddRefActivationContext

  Block 3873: ntdll.dll!RtlAddRefActivationContext

  Block 4573: ntdll.dll!RtlAddRefActivationContext

  Block 4849: ntdll.dll!RtlAddRefActivationContext

  Block 4891: ntdll.dll!RtlAddRefActivationContext

  Block 5000: ntdll.dll!RtlAddRefActivationContext

  Block 5494: ntdll.dll!RtlAddRefActivationContext

  Block 6098: ntdll.dll!RtlAddRefActivationContext

  Block 6118: ntdll.dll!RtlAddRefActivationContext

  Block 6509: ntdll.dll!RtlAddRefActivationContext

  Block 7222: ntdll.dll!RtlAddRefActivationContext

  Block 7415: ntdll.dll!RtlAddRefActivationContext

  Block 7434: ntdll.dll!RtlAddRefActivationContext

  Block 7462: ntdll.dll!RtlAddRefActivationContext

  Block 7871: ntdll.dll!RtlAddRefActivationContext

  Block 8048: ntdll.dll!RtlAddRefActivationContext

  Block 8304: ntdll.dll!RtlAddRefActivationContext

  Block 8341: ntdll.dll!RtlAddRefActivationContext

  Block 8444: ntdll.dll!RtlAddRefActivationContext

  Block 8491: ntdll.dll!RtlAddRefActivationContext

  Block 8510: ntdll.dll!RtlAddRefActivationContext

  Block 8666: ntdll.dll!RtlAddRefActivationContext

  Block 8767: ntdll.dll!RtlAddRefActivationContext

  Block 9517: ntdll.dll!RtlAddRefActivationContext

  Block 9573: ntdll.dll!RtlAddRefActivationContext

  Block 10115: ntdll.dll!RtlAddRefActivationContext

  Block 10208: ntdll.dll!RtlAddRefActivationContext

  Block 10264: ntdll.dll!RtlAddRefActivationContext

  Block 12490: ntdll.dll!RtlAddRefActivationContext

  Block 12801: ntdll.dll!RtlAddRefActivationContext


GROUP 23 (1 blocks):
--------------------------------------------------
  Block 201: ntdll.dll!RtlGetCurrentServiceSessionId


GROUP 24 (7 blocks):
--------------------------------------------------
  Block 235: ntdll.dll!RtlRbInsertNodeEx

  Block 758: ntdll.dll!RtlRbInsertNodeEx

  Block 4927: ntdll.dll!RtlRbInsertNodeEx

  Block 6024: ntdll.dll!RtlRbInsertNodeEx

  Block 7047: ntdll.dll!RtlRbInsertNodeEx

  Block 7973: ntdll.dll!RtlRbInsertNodeEx

  Block 8371: ntdll.dll!RtlRbInsertNodeEx


GROUP 25 (1 blocks):
--------------------------------------------------
  Block 263: ntdll.dll!memmove


GROUP 26 (1 blocks):
--------------------------------------------------
  Block 286: ntdll.dll!RtlGetCurrentServiceSessionId


GROUP 27 (3 blocks):
--------------------------------------------------
  Block 303: ntdll.dll!memset

  Block 550: ntdll.dll!memset

  Block 706: ntdll.dll!memset


GROUP 28 (2 blocks):
--------------------------------------------------
  Block 725: ntdll.dll!RtlInterlockedPopEntrySList

  Block 726: ntdll.dll!ExpInterlockedPopEntrySListResume


GROUP 29 (1 blocks):
--------------------------------------------------
  Block 737: ntdll.dll!memset


GROUP 30 (7 blocks):
--------------------------------------------------
  Block 738: ntdll.dll!RtlRunOnceBeginInitialize

  Block 739: ntdll.dll!RtlRunOnceBeginInitialize

  Block 12229: ntdll.dll!RtlRunOnceBeginInitialize

  Block 12230: ntdll.dll!RtlRunOnceBeginInitialize

  Block 12920: ntdll.dll!RtlRunOnceBeginInitialize

  Block 12948: ntdll.dll!RtlRunOnceBeginInitialize

  Block 12949: ntdll.dll!RtlRunOnceBeginInitialize


GROUP 31 (1 blocks):
--------------------------------------------------
  Block 808: ntdll.dll!RtlGetCurrentServiceSessionId


GROUP 32 (8 blocks):
--------------------------------------------------
  Block 853: ntdll.dll!memset

  Block 872: ntdll.dll!memset

  Block 1227: ntdll.dll!memset

  Block 7216: ntdll.dll!memset

  Block 7409: ntdll.dll!memset

  Block 7428: ntdll.dll!memset

  Block 7456: ntdll.dll!memset

  Block 7865: ntdll.dll!memset


GROUP 33 (8 blocks):
--------------------------------------------------
  Block 860: ntdll.dll!memset

  Block 879: ntdll.dll!memset

  Block 1234: ntdll.dll!memset

  Block 7223: ntdll.dll!memset

  Block 7416: ntdll.dll!memset

  Block 7435: ntdll.dll!memset

  Block 7463: ntdll.dll!memset

  Block 7872: ntdll.dll!memset


GROUP 34 (2 blocks):
--------------------------------------------------
  Block 1609: ntdll.dll!memmove

  Block 12929: ntdll.dll!memmove


GROUP 35 (2 blocks):
--------------------------------------------------
  Block 1787: ntdll.dll!memmove

  Block 12951: ntdll.dll!memmove


GROUP 36 (1 blocks):
--------------------------------------------------
  Block 1835: ucrtbase.dll!_initterm_e


GROUP 37 (3 blocks):
--------------------------------------------------
  Block 1837: ntdll.dll!RtlInitializeCriticalSectionAndSpinCount

  Block 9473: ntdll.dll!RtlInitializeCriticalSectionAndSpinCount

  Block 10164: ntdll.dll!RtlInitializeCriticalSectionAndSpinCount


GROUP 38 (1 blocks):
--------------------------------------------------
  Block 1840: ntdll.dll!LdrGetDllHandle


GROUP 39 (14 blocks):
--------------------------------------------------
  Block 1874: ntdll.dll!memmove

  Block 1884: ntdll.dll!memmove

  Block 1930: ntdll.dll!memmove

  Block 1940: ntdll.dll!memmove

  Block 9510: ntdll.dll!memmove

  Block 9520: ntdll.dll!memmove

  Block 9566: ntdll.dll!memmove

  Block 9576: ntdll.dll!memmove

  Block 10108: ntdll.dll!memmove

  Block 10118: ntdll.dll!memmove

  Block 10201: ntdll.dll!memmove

  Block 10211: ntdll.dll!memmove

  Block 10257: ntdll.dll!memmove

  Block 10267: ntdll.dll!memmove


GROUP 40 (2 blocks):
--------------------------------------------------
  Block 1875: ntdll.dll!memset

  Block 1931: ntdll.dll!memset


GROUP 41 (1 blocks):
--------------------------------------------------
  Block 1971: ucrtbase.dll!_initterm


GROUP 42 (1 blocks):
--------------------------------------------------
  Block 1997: ntdll.dll!RtlInitializeCriticalSectionEx


GROUP 43 (1 blocks):
--------------------------------------------------
  Block 1999: ntdll.dll!RtlInitializeCriticalSectionEx


GROUP 44 (1 blocks):
--------------------------------------------------
  Block 2024: ntdll.dll!RtlRunOnceInitialize


GROUP 45 (1 blocks):
--------------------------------------------------
  Block 2049: ntdll.dll!RtlRunOnceInitialize


GROUP 46 (1 blocks):
--------------------------------------------------
  Block 2341: ntdll.dll!RtlInitializeSListHead


GROUP 47 (1 blocks):
--------------------------------------------------
  Block 2342: ntdll.dll!RtlInitializeSListHead


GROUP 48 (1 blocks):
--------------------------------------------------
  Block 2355: ntdll.dll!RtlRunOnceInitialize


GROUP 49 (1 blocks):
--------------------------------------------------
  Block 2373: ucrtbase.dll!memset


GROUP 50 (1 blocks):
--------------------------------------------------
  Block 2534: ntdll.dll!RtlRunOnceInitialize


GROUP 51 (1 blocks):
--------------------------------------------------
  Block 2583: ntdll.dll!RtlRunOnceInitialize


GROUP 52 (1 blocks):
--------------------------------------------------
  Block 2632: ntdll.dll!RtlRunOnceInitialize


GROUP 53 (1 blocks):
--------------------------------------------------
  Block 2669: ntdll.dll!RtlRunOnceInitialize


GROUP 54 (1 blocks):
--------------------------------------------------
  Block 2730: ntdll.dll!RtlRunOnceInitialize


GROUP 55 (1 blocks):
--------------------------------------------------
  Block 2743: ntdll.dll!RtlRunOnceInitialize


GROUP 56 (1 blocks):
--------------------------------------------------
  Block 2774: ucrtbase.dll!memset


GROUP 57 (1 blocks):
--------------------------------------------------
  Block 2791: ntdll.dll!RtlRunOnceInitialize


GROUP 58 (1 blocks):
--------------------------------------------------
  Block 2936: ntdll.dll!RtlRunOnceInitialize


GROUP 59 (1 blocks):
--------------------------------------------------
  Block 2949: ntdll.dll!RtlRunOnceInitialize


GROUP 60 (1 blocks):
--------------------------------------------------
  Block 2997: ntdll.dll!RtlNtStatusToDosError


GROUP 61 (1 blocks):
--------------------------------------------------
  Block 3020: ntdll.dll!RtlNtStatusToDosError


GROUP 62 (1 blocks):
--------------------------------------------------
  Block 3043: ntdll.dll!RtlNtStatusToDosError


GROUP 63 (1 blocks):
--------------------------------------------------
  Block 3223: ntdll.dll!RtlRunOnceInitialize


GROUP 64 (1 blocks):
--------------------------------------------------
  Block 3249: ntdll.dll!RtlInitializeCriticalSectionEx


GROUP 65 (1 blocks):
--------------------------------------------------
  Block 3263: ntdll.dll!RtlInitializeCriticalSectionEx


GROUP 66 (1 blocks):
--------------------------------------------------
  Block 3277: ntdll.dll!RtlInitializeCriticalSectionEx


GROUP 67 (1 blocks):
--------------------------------------------------
  Block 3291: ntdll.dll!RtlInitializeCriticalSectionEx


GROUP 68 (1 blocks):
--------------------------------------------------
  Block 3317: ntdll.dll!RtlInitializeCriticalSectionEx


GROUP 69 (1 blocks):
--------------------------------------------------
  Block 3453: ucrtbase.dll!memset


GROUP 70 (1 blocks):
--------------------------------------------------
  Block 3454: ntdll.dll!RtlRunOnceInitialize


GROUP 71 (1 blocks):
--------------------------------------------------
  Block 3467: ntdll.dll!RtlRunOnceInitialize


GROUP 72 (1 blocks):
--------------------------------------------------
  Block 3492: ntdll.dll!RtlRunOnceInitialize


GROUP 73 (1 blocks):
--------------------------------------------------
  Block 3505: ntdll.dll!RtlRunOnceInitialize


GROUP 74 (1 blocks):
--------------------------------------------------
  Block 3546: ntdll.dll!LdrGetDllHandle


GROUP 75 (1 blocks):
--------------------------------------------------
  Block 3551: ntdll.dll!memset


GROUP 76 (1 blocks):
--------------------------------------------------
  Block 3558: ntdll.dll!memset


GROUP 77 (1 blocks):
--------------------------------------------------
  Block 3575: ntdll.dll!RtlRegisterFeatureConfigurationChangeNotification


GROUP 78 (2 blocks):
--------------------------------------------------
  Block 3576: ntdll.dll!RtlRunOnceBeginInitialize

  Block 5513: ntdll.dll!RtlRunOnceBeginInitialize


GROUP 79 (2 blocks):
--------------------------------------------------
  Block 3579: ntdll.dll!TpAllocWork

  Block 5516: ntdll.dll!TpAllocWork


GROUP 80 (1 blocks):
--------------------------------------------------
  Block 3584: ntdll.dll!RtlAddRefActivationContext


GROUP 81 (4 blocks):
--------------------------------------------------
  Block 3615: ntdll.dll!RtlRunOnceExecuteOnce

  Block 3629: ntdll.dll!RtlRunOnceExecuteOnce

  Block 5552: ntdll.dll!RtlRunOnceExecuteOnce

  Block 5566: ntdll.dll!RtlRunOnceExecuteOnce


GROUP 82 (1 blocks):
--------------------------------------------------
  Block 3618: ntdll.dll!memset


GROUP 83 (2 blocks):
--------------------------------------------------
  Block 3623: ntdll.dll!ZwSubscribeWnfStateChange

  Block 5560: ntdll.dll!ZwSubscribeWnfStateChange


GROUP 84 (2 blocks):
--------------------------------------------------
  Block 3624: ntdll.dll!RtlGetCurrentServiceSessionId

  Block 5561: ntdll.dll!RtlGetCurrentServiceSessionId


GROUP 85 (1 blocks):
--------------------------------------------------
  Block 3632: ntdll.dll!memset


GROUP 86 (2 blocks):
--------------------------------------------------
  Block 3637: ntdll.dll!ZwSubscribeWnfStateChange

  Block 5574: ntdll.dll!ZwSubscribeWnfStateChange


GROUP 87 (2 blocks):
--------------------------------------------------
  Block 3638: ntdll.dll!RtlGetCurrentServiceSessionId

  Block 5575: ntdll.dll!RtlGetCurrentServiceSessionId


GROUP 88 (1 blocks):
--------------------------------------------------
  Block 3668: ntdll.dll!memset


GROUP 89 (1 blocks):
--------------------------------------------------
  Block 3674: ntdll.dll!ZwQueryWnfStateData


GROUP 90 (1 blocks):
--------------------------------------------------
  Block 3701: ntdll.dll!RtlNtStatusToDosError


GROUP 91 (1 blocks):
--------------------------------------------------
  Block 3734: ntdll.dll!RtlNtStatusToDosError


GROUP 92 (1 blocks):
--------------------------------------------------
  Block 3765: ntdll.dll!memmove


GROUP 93 (1 blocks):
--------------------------------------------------
  Block 3769: ntdll.dll!memmove


GROUP 94 (1 blocks):
--------------------------------------------------
  Block 3784: ntdll.dll!RtlNtStatusToDosError


GROUP 95 (1 blocks):
--------------------------------------------------
  Block 3824: ntdll.dll!RtlNtStatusToDosError


GROUP 96 (1 blocks):
--------------------------------------------------
  Block 3830: ntdll.dll!RtlSetLastWin32Error


GROUP 97 (1 blocks):
--------------------------------------------------
  Block 3862: ntdll.dll!LdrGetDllHandle


GROUP 98 (1 blocks):
--------------------------------------------------
  Block 3867: ntdll.dll!memset


GROUP 99 (2 blocks):
--------------------------------------------------
  Block 3969: ntdll.dll!memset

  Block 3995: ntdll.dll!memset


GROUP 100 (1 blocks):
--------------------------------------------------
  Block 4003: ntdll.dll!RtlInitializeCriticalSection


GROUP 101 (1 blocks):
--------------------------------------------------
  Block 4030: ntdll.dll!RtlInitializeCriticalSectionAndSpinCount


GROUP 102 (1 blocks):
--------------------------------------------------
  Block 4163: ntdll.dll!RtlAddRefActivationContext


GROUP 103 (1 blocks):
--------------------------------------------------
  Block 4271: ntdll.dll!RtlInitializeCriticalSectionEx


GROUP 104 (1 blocks):
--------------------------------------------------
  Block 4273: ntdll.dll!RtlInitializeCriticalSectionEx


GROUP 105 (1 blocks):
--------------------------------------------------
  Block 4515: ntdll.dll!RtlSetLastWin32Error


GROUP 106 (1 blocks):
--------------------------------------------------
  Block 4524: ntdll.dll!memset


GROUP 107 (1 blocks):
--------------------------------------------------
  Block 4529: ntdll.dll!memmove


GROUP 108 (2 blocks):
--------------------------------------------------
  Block 4557: ntdll.dll!RtlAnsiStringToUnicodeString

  Block 5917: ntdll.dll!memset


GROUP 109 (1 blocks):
--------------------------------------------------
  Block 4559: ntdll.dll!memset


GROUP 110 (2 blocks):
--------------------------------------------------
  Block 4564: ntdll.dll!memset

  Block 5647: KERNELBASE.dll!GetLastError


GROUP 111 (1 blocks):
--------------------------------------------------
  Block 4567: ntdll.dll!memset


GROUP 112 (3 blocks):
--------------------------------------------------
  Block 4574: ntdll.dll!memset

  Block 4623: ntdll.dll!memset

  Block 4627: ntdll.dll!memmove


GROUP 113 (1 blocks):
--------------------------------------------------
  Block 4641: KERNELBASE.dll!BaseFormatObjectAttributes


GROUP 114 (2 blocks):
--------------------------------------------------
  Block 4655: ntdll.dll!RtlInitUnicodeString

  Block 5444: combase.dll!CoCreateFreeThreadedMarshaler


GROUP 115 (2 blocks):
--------------------------------------------------
  Block 4658: ntdll.dll!memset

  Block 4661: ntdll.dll!memset


GROUP 116 (1 blocks):
--------------------------------------------------
  Block 4737: KERNELBASE.dll!GetLastError


GROUP 117 (1 blocks):
--------------------------------------------------
  Block 4756: SHELL32.dll!ShellExecuteExW


GROUP 118 (1 blocks):
--------------------------------------------------
  Block 4757: ucrtbase.dll!memset


GROUP 119 (3 blocks):
--------------------------------------------------
  Block 4760: ucrtbase.dll!_o__register_onexit_function

  Block 4763: ucrtbase.dll!_register_onexit_function

  Block 4764: KERNELBASE.dll!GetLastError


GROUP 120 (1 blocks):
--------------------------------------------------
  Block 4821: ntdll.dll!ApiSetQueryApiSetPresence


GROUP 121 (1 blocks):
--------------------------------------------------
  Block 4843: ntdll.dll!memset


GROUP 122 (1 blocks):
--------------------------------------------------
  Block 4885: ntdll.dll!memset


GROUP 123 (3 blocks):
--------------------------------------------------
  Block 4954: ntdll.dll!memmove

  Block 7075: ntdll.dll!memmove

  Block 8001: ntdll.dll!memmove


GROUP 124 (1 blocks):
--------------------------------------------------
  Block 4977: ntdll.dll!RtlGetCurrentServiceSessionId


GROUP 125 (1 blocks):
--------------------------------------------------
  Block 4994: ntdll.dll!memset


GROUP 126 (1 blocks):
--------------------------------------------------
  Block 5001: ntdll.dll!memset


GROUP 127 (1 blocks):
--------------------------------------------------
  Block 5297: ntdll.dll!memset


GROUP 128 (2 blocks):
--------------------------------------------------
  Block 5298: ntdll.dll!memmove

  Block 5352: ntdll.dll!memmove


GROUP 129 (1 blocks):
--------------------------------------------------
  Block 5304: ntdll.dll!memset


GROUP 130 (2 blocks):
--------------------------------------------------
  Block 5345: ntdll.dll!memset

  Block 5361: ntdll.dll!memset


GROUP 131 (2 blocks):
--------------------------------------------------
  Block 5351: ntdll.dll!memset

  Block 12910: KERNELBASE.dll!BaseFormatObjectAttributes


GROUP 132 (1 blocks):
--------------------------------------------------
  Block 5353: ntdll.dll!memset


GROUP 133 (2 blocks):
--------------------------------------------------
  Block 5355: ntdll.dll!memset

  Block 5535: ntdll.dll!memset


GROUP 134 (1 blocks):
--------------------------------------------------
  Block 5357: ntdll.dll!memset


GROUP 135 (1 blocks):
--------------------------------------------------
  Block 5359: ntdll.dll!memset


GROUP 136 (1 blocks):
--------------------------------------------------
  Block 5459: ucrtbase.dll!memset


GROUP 137 (1 blocks):
--------------------------------------------------
  Block 5483: ntdll.dll!LdrGetDllHandle


GROUP 138 (1 blocks):
--------------------------------------------------
  Block 5488: ntdll.dll!memset


GROUP 139 (1 blocks):
--------------------------------------------------
  Block 5508: ntdll.dll!memset


GROUP 140 (1 blocks):
--------------------------------------------------
  Block 5521: ntdll.dll!RtlAddRefActivationContext


GROUP 141 (2 blocks):
--------------------------------------------------
  Block 5539: ntdll.dll!ZwQueryWnfStateData

  Block 5564: ntdll.dll!ZwQueryWnfStateData


GROUP 142 (1 blocks):
--------------------------------------------------
  Block 5547: ntdll.dll!memset


GROUP 143 (1 blocks):
--------------------------------------------------
  Block 5555: ntdll.dll!memset


GROUP 144 (1 blocks):
--------------------------------------------------
  Block 5569: ntdll.dll!memset


GROUP 145 (1 blocks):
--------------------------------------------------
  Block 5589: ntdll.dll!memset


GROUP 146 (1 blocks):
--------------------------------------------------
  Block 5607: ntdll.dll!memset


GROUP 147 (1 blocks):
--------------------------------------------------
  Block 5612: msvcrt.dll!memset


GROUP 148 (1 blocks):
--------------------------------------------------
  Block 5613: ntdll.dll!ZwQueryWnfStateData


GROUP 149 (1 blocks):
--------------------------------------------------
  Block 5632: ntdll.dll!memset


GROUP 150 (1 blocks):
--------------------------------------------------
  Block 5654: ntdll.dll!RtlAddRefActivationContext


GROUP 151 (1 blocks):
--------------------------------------------------
  Block 5716: KERNELBASE.dll!BaseGetNamedObjectDirectory


GROUP 152 (1 blocks):
--------------------------------------------------
  Block 5719: ntdll.dll!RtlSetLastWin32Error


GROUP 153 (1 blocks):
--------------------------------------------------
  Block 5768: ntdll.dll!RtlSetLastWin32Error


GROUP 154 (1 blocks):
--------------------------------------------------
  Block 5825: KERNELBASE.dll!BaseGetNamedObjectDirectory


GROUP 155 (2 blocks):
--------------------------------------------------
  Block 5848: KERNELBASE.dll!BaseGetNamedObjectDirectory

  Block 5855: KERNELBASE.dll!BaseGetNamedObjectDirectory


GROUP 156 (1 blocks):
--------------------------------------------------
  Block 5851: ntdll.dll!RtlSetLastWin32Error


GROUP 157 (1 blocks):
--------------------------------------------------
  Block 5859: msvcrt.dll!memset


GROUP 158 (1 blocks):
--------------------------------------------------
  Block 5860: msvcrt.dll!memset


GROUP 159 (1 blocks):
--------------------------------------------------
  Block 5907: ntdll.dll!RtlNtStatusToDosError


GROUP 160 (1 blocks):
--------------------------------------------------
  Block 5939: ntdll.dll!memmove


GROUP 161 (1 blocks):
--------------------------------------------------
  Block 5940: ntdll.dll!memmove


GROUP 162 (1 blocks):
--------------------------------------------------
  Block 5944: ntdll.dll!memmove


GROUP 163 (1 blocks):
--------------------------------------------------
  Block 6075: ntdll.dll!RtlGetCurrentServiceSessionId


GROUP 164 (3 blocks):
--------------------------------------------------
  Block 6092: ntdll.dll!memset

  Block 6112: ntdll.dll!memset

  Block 6503: ntdll.dll!memset


GROUP 165 (1 blocks):
--------------------------------------------------
  Block 6711: ntdll.dll!RtlInitializeCriticalSectionEx


GROUP 166 (1 blocks):
--------------------------------------------------
  Block 6713: ntdll.dll!RtlInitializeCriticalSectionEx


GROUP 167 (1 blocks):
--------------------------------------------------
  Block 7008: ntdll.dll!memmove


GROUP 168 (1 blocks):
--------------------------------------------------
  Block 7098: ntdll.dll!RtlGetCurrentServiceSessionId


GROUP 169 (1 blocks):
--------------------------------------------------
  Block 7912: ntdll.dll!memset


GROUP 170 (1 blocks):
--------------------------------------------------
  Block 7914: ntdll.dll!RtlQueryFeatureConfiguration


GROUP 171 (1 blocks):
--------------------------------------------------
  Block 7917: ntdll.dll!ZwQueryWnfStateData


GROUP 172 (2 blocks):
--------------------------------------------------
  Block 7923: ntdll.dll!RtlQueryEnvironmentVariable

  Block 7928: ntdll.dll!RtlQueryEnvironmentVariable


GROUP 173 (1 blocks):
--------------------------------------------------
  Block 7936: ntdll.dll!memmove


GROUP 174 (1 blocks):
--------------------------------------------------
  Block 8026: ntdll.dll!RtlGetCurrentServiceSessionId


GROUP 175 (33 blocks):
--------------------------------------------------
  Block 8039: ntdll.dll!RtlAnsiStringToUnicodeString

  Block 8059: ntdll.dll!RtlAnsiStringToUnicodeString

  Block 8068: ntdll.dll!RtlAnsiStringToUnicodeString

  Block 8077: ntdll.dll!RtlAnsiStringToUnicodeString

  Block 8086: ntdll.dll!RtlAnsiStringToUnicodeString

  Block 8095: ntdll.dll!RtlAnsiStringToUnicodeString

  Block 8104: ntdll.dll!RtlAnsiStringToUnicodeString

  Block 8113: ntdll.dll!RtlAnsiStringToUnicodeString

  Block 8122: ntdll.dll!RtlAnsiStringToUnicodeString

  Block 8131: ntdll.dll!RtlAnsiStringToUnicodeString

  Block 8140: ntdll.dll!RtlAnsiStringToUnicodeString

  Block 8149: ntdll.dll!RtlAnsiStringToUnicodeString

  Block 8159: ntdll.dll!RtlAnsiStringToUnicodeString

  Block 8168: ntdll.dll!RtlAnsiStringToUnicodeString

  Block 8177: ntdll.dll!RtlAnsiStringToUnicodeString

  Block 8186: ntdll.dll!RtlAnsiStringToUnicodeString

  Block 8195: ntdll.dll!RtlAnsiStringToUnicodeString

  Block 8204: ntdll.dll!RtlAnsiStringToUnicodeString

  Block 8213: ntdll.dll!RtlAnsiStringToUnicodeString

  Block 8222: ntdll.dll!RtlAnsiStringToUnicodeString

  Block 8231: ntdll.dll!RtlAnsiStringToUnicodeString

  Block 8240: ntdll.dll!RtlAnsiStringToUnicodeString

  Block 8249: ntdll.dll!RtlAnsiStringToUnicodeString

  Block 8258: ntdll.dll!RtlAnsiStringToUnicodeString

  Block 8267: ntdll.dll!RtlAnsiStringToUnicodeString

  Block 8277: ntdll.dll!RtlAnsiStringToUnicodeString

  Block 8286: ntdll.dll!RtlAnsiStringToUnicodeString

  Block 8295: ntdll.dll!RtlAnsiStringToUnicodeString

  Block 8314: ntdll.dll!RtlAnsiStringToUnicodeString

  Block 8323: ntdll.dll!RtlAnsiStringToUnicodeString

  Block 8332: ntdll.dll!RtlAnsiStringToUnicodeString

  Block 8831: ntdll.dll!RtlAnsiStringToUnicodeString

  Block 12576: ntdll.dll!memset


GROUP 176 (3 blocks):
--------------------------------------------------
  Block 8042: ntdll.dll!memset

  Block 8298: ntdll.dll!memset

  Block 8335: ntdll.dll!memset


GROUP 177 (3 blocks):
--------------------------------------------------
  Block 8049: ntdll.dll!memset

  Block 8305: ntdll.dll!memset

  Block 8342: ntdll.dll!memset


GROUP 178 (1 blocks):
--------------------------------------------------
  Block 8399: ntdll.dll!memmove


GROUP 179 (1 blocks):
--------------------------------------------------
  Block 8422: ntdll.dll!RtlGetCurrentServiceSessionId


GROUP 180 (37 blocks):
--------------------------------------------------
  Block 8435: ntdll.dll!RtlAnsiStringToUnicodeString

  Block 8455: ntdll.dll!RtlAnsiStringToUnicodeString

  Block 8464: ntdll.dll!RtlAnsiStringToUnicodeString

  Block 8473: ntdll.dll!RtlAnsiStringToUnicodeString

  Block 8482: ntdll.dll!RtlAnsiStringToUnicodeString

  Block 8501: ntdll.dll!RtlAnsiStringToUnicodeString

  Block 8520: ntdll.dll!RtlAnsiStringToUnicodeString

  Block 8530: ntdll.dll!RtlAnsiStringToUnicodeString

  Block 8539: ntdll.dll!RtlAnsiStringToUnicodeString

  Block 8548: ntdll.dll!RtlAnsiStringToUnicodeString

  Block 8557: ntdll.dll!RtlAnsiStringToUnicodeString

  Block 8567: ntdll.dll!RtlAnsiStringToUnicodeString

  Block 8576: ntdll.dll!RtlAnsiStringToUnicodeString

  Block 8585: ntdll.dll!RtlAnsiStringToUnicodeString

  Block 8594: ntdll.dll!RtlAnsiStringToUnicodeString

  Block 8603: ntdll.dll!RtlAnsiStringToUnicodeString

  Block 8612: ntdll.dll!RtlAnsiStringToUnicodeString

  Block 8621: ntdll.dll!RtlAnsiStringToUnicodeString

  Block 8630: ntdll.dll!RtlAnsiStringToUnicodeString

  Block 8639: ntdll.dll!RtlAnsiStringToUnicodeString

  Block 8648: ntdll.dll!RtlAnsiStringToUnicodeString

  Block 8657: ntdll.dll!RtlAnsiStringToUnicodeString

  Block 8676: ntdll.dll!RtlAnsiStringToUnicodeString

  Block 8685: ntdll.dll!RtlAnsiStringToUnicodeString

  Block 8694: ntdll.dll!RtlAnsiStringToUnicodeString

  Block 8703: ntdll.dll!RtlAnsiStringToUnicodeString

  Block 8712: ntdll.dll!RtlAnsiStringToUnicodeString

  Block 8722: ntdll.dll!RtlAnsiStringToUnicodeString

  Block 8731: ntdll.dll!RtlAnsiStringToUnicodeString

  Block 8740: ntdll.dll!RtlAnsiStringToUnicodeString

  Block 8749: ntdll.dll!RtlAnsiStringToUnicodeString

  Block 8758: ntdll.dll!RtlAnsiStringToUnicodeString

  Block 8777: ntdll.dll!RtlAnsiStringToUnicodeString

  Block 8786: ntdll.dll!RtlAnsiStringToUnicodeString

  Block 8795: ntdll.dll!RtlAnsiStringToUnicodeString

  Block 8804: ntdll.dll!RtlAnsiStringToUnicodeString

  Block 8813: ntdll.dll!RtlAnsiStringToUnicodeString


GROUP 181 (5 blocks):
--------------------------------------------------
  Block 8438: ntdll.dll!memset

  Block 8485: ntdll.dll!memset

  Block 8504: ntdll.dll!memset

  Block 8660: ntdll.dll!memset

  Block 8761: ntdll.dll!memset


GROUP 182 (5 blocks):
--------------------------------------------------
  Block 8445: ntdll.dll!memset

  Block 8492: ntdll.dll!memset

  Block 8511: ntdll.dll!memset

  Block 8667: ntdll.dll!memset

  Block 8768: ntdll.dll!memset


GROUP 183 (2 blocks):
--------------------------------------------------
  Block 9150: ntdll.dll!memmove

  Block 12953: ntdll.dll!memmove


GROUP 184 (2 blocks):
--------------------------------------------------
  Block 9278: ntdll.dll!memmove

  Block 12955: ntdll.dll!memmove


GROUP 185 (1 blocks):
--------------------------------------------------
  Block 9471: ucrtbase.dll!_initterm_e


GROUP 186 (1 blocks):
--------------------------------------------------
  Block 9476: ntdll.dll!LdrGetDllHandle


GROUP 187 (2 blocks):
--------------------------------------------------
  Block 9511: ntdll.dll!memset

  Block 9567: ntdll.dll!memset


GROUP 188 (2 blocks):
--------------------------------------------------
  Block 9518: ntdll.dll!memset

  Block 9574: ntdll.dll!memset


GROUP 189 (1 blocks):
--------------------------------------------------
  Block 9661: ntdll.dll!memmove


GROUP 190 (1 blocks):
--------------------------------------------------
  Block 9696: ucrtbase.dll!memset


GROUP 191 (1 blocks):
--------------------------------------------------
  Block 9697: KERNELBASE.dll!IsDBCSLeadByte


GROUP 192 (1 blocks):
--------------------------------------------------
  Block 9824: KERNELBASE.dll!IsDBCSLeadByte


GROUP 193 (1 blocks):
--------------------------------------------------
  Block 9834: ntdll.dll!RtlInitializeCriticalSectionAndSpinCount


GROUP 194 (1 blocks):
--------------------------------------------------
  Block 9836: ntdll.dll!RtlInitializeCriticalSectionAndSpinCount


GROUP 195 (1 blocks):
--------------------------------------------------
  Block 9838: ntdll.dll!RtlInitializeCriticalSectionAndSpinCount


GROUP 196 (1 blocks):
--------------------------------------------------
  Block 9839: ucrtbase.dll!memset


GROUP 197 (3 blocks):
--------------------------------------------------
  Block 9840: ucrtbase.dll!memset

  Block 9859: ucrtbase.dll!memset

  Block 9883: ucrtbase.dll!memset


GROUP 198 (3 blocks):
--------------------------------------------------
  Block 9904: ntdll.dll!RtlInitializeCriticalSectionAndSpinCount

  Block 9906: ntdll.dll!RtlInitializeCriticalSectionAndSpinCount

  Block 9908: ntdll.dll!RtlInitializeCriticalSectionAndSpinCount


GROUP 199 (1 blocks):
--------------------------------------------------
  Block 9909: ucrtbase.dll!memset


GROUP 200 (1 blocks):
--------------------------------------------------
  Block 9950: ucrtbase.dll!_initterm_e


GROUP 201 (1 blocks):
--------------------------------------------------
  Block 9951: ucrtbase.dll!_initterm


GROUP 202 (1 blocks):
--------------------------------------------------
  Block 9982: ntdll.dll!RtlInitializeCriticalSectionEx


GROUP 203 (1 blocks):
--------------------------------------------------
  Block 9984: ntdll.dll!RtlInitializeCriticalSectionEx


GROUP 204 (1 blocks):
--------------------------------------------------
  Block 10042: ntdll.dll!RtlInitializeCriticalSection


GROUP 205 (1 blocks):
--------------------------------------------------
  Block 10069: ntdll.dll!LdrGetDllHandle


GROUP 206 (1 blocks):
--------------------------------------------------
  Block 10109: ntdll.dll!memset


GROUP 207 (1 blocks):
--------------------------------------------------
  Block 10116: ntdll.dll!memset


GROUP 208 (1 blocks):
--------------------------------------------------
  Block 10142: ntdll.dll!RtlGetCurrentServiceSessionId


GROUP 209 (1 blocks):
--------------------------------------------------
  Block 10162: ucrtbase.dll!_initterm_e


GROUP 210 (1 blocks):
--------------------------------------------------
  Block 10167: ntdll.dll!LdrGetDllHandle


GROUP 211 (2 blocks):
--------------------------------------------------
  Block 10202: ntdll.dll!memset

  Block 10258: ntdll.dll!memset


GROUP 212 (2 blocks):
--------------------------------------------------
  Block 10298: ucrtbase.dll!_initterm

  Block 10299: ntdll.dll!RtlInitializeCriticalSection


GROUP 213 (1 blocks):
--------------------------------------------------
  Block 10312: ntdll.dll!RtlInitializeCriticalSection


GROUP 214 (1 blocks):
--------------------------------------------------
  Block 10325: ntdll.dll!RtlInitializeCriticalSection


GROUP 215 (1 blocks):
--------------------------------------------------
  Block 10398: ntdll.dll!RtlInitializeCriticalSection


GROUP 216 (1 blocks):
--------------------------------------------------
  Block 10451: ntdll.dll!RtlInitializeCriticalSectionEx


GROUP 217 (1 blocks):
--------------------------------------------------
  Block 10453: ntdll.dll!RtlInitializeCriticalSectionEx


GROUP 218 (1 blocks):
--------------------------------------------------
  Block 10687: ntdll.dll!RtlInitializeCriticalSection


GROUP 219 (1 blocks):
--------------------------------------------------
  Block 10712: ntdll.dll!RtlRunOnceInitialize


GROUP 220 (1 blocks):
--------------------------------------------------
  Block 10754: ucrtbase.dll!memset


GROUP 221 (1 blocks):
--------------------------------------------------
  Block 10819: ntdll.dll!RtlRunOnceInitialize


GROUP 222 (1 blocks):
--------------------------------------------------
  Block 10868: ntdll.dll!RtlInitializeCriticalSection


GROUP 223 (1 blocks):
--------------------------------------------------
  Block 10941: ntdll.dll!RtlRunOnceInitialize


GROUP 224 (1 blocks):
--------------------------------------------------
  Block 11014: ntdll.dll!RtlRunOnceInitialize


GROUP 225 (1 blocks):
--------------------------------------------------
  Block 11160: ucrtbase.dll!memset


GROUP 226 (1 blocks):
--------------------------------------------------
  Block 11897: ntdll.dll!RtlInitializeCriticalSection


GROUP 227 (1 blocks):
--------------------------------------------------
  Block 11911: ntdll.dll!RtlInitializeCriticalSectionEx


GROUP 228 (1 blocks):
--------------------------------------------------
  Block 11942: ucrtbase.dll!memset


GROUP 229 (2 blocks):
--------------------------------------------------
  Block 12212: ntdll.dll!RtlInterlockedPopEntrySList

  Block 12213: ntdll.dll!ExpInterlockedPopEntrySListResume


GROUP 230 (1 blocks):
--------------------------------------------------
  Block 12228: ntdll.dll!memset


GROUP 231 (1 blocks):
--------------------------------------------------
  Block 12361: ntdll.dll!RtlInitializeCriticalSection


GROUP 232 (1 blocks):
--------------------------------------------------
  Block 12444: ntdll.dll!RtlReleasePebLock


GROUP 233 (1 blocks):
--------------------------------------------------
  Block 12479: ntdll.dll!LdrGetDllHandle


GROUP 234 (1 blocks):
--------------------------------------------------
  Block 12484: ntdll.dll!memset


GROUP 235 (1 blocks):
--------------------------------------------------
  Block 12520: ntdll.dll!RtlAddRefActivationContext


GROUP 236 (1 blocks):
--------------------------------------------------
  Block 12591: ntdll.dll!RtlAddRefActivationContext


GROUP 237 (2 blocks):
--------------------------------------------------
  Block 12748: Windows.Storage.dll!Global_WindowsStorage_dwThreadBindCtx

  Block 12750: Windows.Storage.dll!Global_WindowsStorage_dwThreadBindCtx


GROUP 238 (1 blocks):
--------------------------------------------------
  Block 12751: KERNEL32.dll!TlsGetValue


GROUP 239 (1 blocks):
--------------------------------------------------
  Block 12752: ucrtbase.dll!memset


GROUP 240 (1 blocks):
--------------------------------------------------
  Block 12758: ntdll.dll!LdrGetDllHandle


GROUP 241 (1 blocks):
--------------------------------------------------
  Block 12774: ntdll.dll!LdrGetDllHandle


GROUP 242 (1 blocks):
--------------------------------------------------
  Block 12790: ntdll.dll!LdrGetDllHandle


GROUP 243 (1 blocks):
--------------------------------------------------
  Block 12795: ntdll.dll!memset


GROUP 244 (3 blocks):
--------------------------------------------------
  Block 12817: ntdll.dll!memset

  Block 12828: ntdll.dll!memset

  Block 12841: ntdll.dll!memset


GROUP 245 (1 blocks):
--------------------------------------------------
  Block 12851: ntdll.dll!RtlSetLastWin32Error


GROUP 246 (1 blocks):
--------------------------------------------------
  Block 12895: ntdll.dll!ApiSetQueryApiSetPresence


GROUP 247 (1 blocks):
--------------------------------------------------
  Block 12912: ntdll.dll!RtlAddRefActivationContext


GROUP 248 (1 blocks):
--------------------------------------------------
  Block 12913: ntdll.dll!ZwCreateThreadEx


GROUP 249 (1 blocks):
--------------------------------------------------
  Block 12921: ntdll.dll!memset


GROUP 250 (1 blocks):
--------------------------------------------------
  Block 12923: ntdll.dll!memmove


GROUP 251 (1 blocks):
--------------------------------------------------
  Block 12925: ntdll.dll!memmove


GROUP 252 (1 blocks):
--------------------------------------------------
  Block 12927: ntdll.dll!memmove


GROUP 253 (2 blocks):
--------------------------------------------------
  Block 12931: ntdll.dll!RtlInterlockedPopEntrySList

  Block 12932: ntdll.dll!ExpInterlockedPopEntrySListResume


GROUP 254 (2 blocks):
--------------------------------------------------
  Block 12935: ntdll.dll!RtlInterlockedPopEntrySList

  Block 12936: ntdll.dll!ExpInterlockedPopEntrySListResume


GROUP 255 (1 blocks):
--------------------------------------------------
  Block 12947: ntdll.dll!memset


GROUP 256 (1 blocks):
--------------------------------------------------
  Block 12988: ntdll.dll!memset


GROUP 257 (9 blocks):
--------------------------------------------------
  Block 12995: ntdll.dll!RtlEnterCriticalSection

  Block 12996: ntdll.dll!RtlLeaveCriticalSection

  Block 12997: ntdll.dll!RtlEnterCriticalSection

  Block 12998: ntdll.dll!RtlLeaveCriticalSection

  Block 12999: ntdll.dll!RtlEnterCriticalSection

  Block 13000: ntdll.dll!RtlLeaveCriticalSection

  Block 13001: ntdll.dll!RtlEnterCriticalSection

  Block 13002: ntdll.dll!RtlLeaveCriticalSection

  Block 13003: ucrtbase.dll!_free_base


GROUP 258 (2 blocks):
--------------------------------------------------
  Block 13026: ntdll.dll!RtlEnterCriticalSection

  Block 13028: ntdll.dll!RtlLeaveCriticalSection


GROUP 259 (1 blocks):
--------------------------------------------------
  Block 13044: ntdll.dll!RtlGetCurrentServiceSessionId


